Workbook

Sheet PDF_page
A1: UAX Daily Snapshot for | C1: =TODAY()-1 -> 45644
A3: Reliability Snapshot
A4: Metric | B4: =TODAY()-1 -> 45644 | C4: MTD | D4: Goal | E4: DL Difference | F4: AA Difference | G4: Rank
A5: Completion | B5: 0.9979 | C5: 0.9879 | D5: 0.99 | E5: -1.13 | F5: -1.13 | G5: 3
A6: A:00 | B6: 0.722 | C6: 0.722 | D6: 0.9 | E6: -1.13 | F6: -0.24 | G6: 1
A7: D:00 | B7: 0.81 | C7: 0.722 | D7: 0.8 | E7: -6.4 | F7: 4.4 | G7: 2
A8: CS D:00 | B8: 0.81 | C8: 0.722 | D8: 0.8
A9: STAR D:00 | B9: 0.844 | C9: 0.844 | D9: 0.9
A10: Controllable Completion | B10: 0.9904 | C10: 0.9904 | D10: 0.99
A15: Cancel Detail
A16: Express Partner | B16: Scheduled | C16: Weather & | D16: Technical | E16: Flight | F16: Inflight | G16: Airport | H16: Network | I16: IT | J16: Catering Operations | K16: Total Cancels | L16: ES covered for this partner | M16: Total | N16: ES covered by this partner
B17: Departures | C17: ATC | D17: Operations | E17: Operations | F17: Services | G17: Operations | H17: Operations
A18: EV - ExpressJet | B18: 426 | E18: 19 | K18: 19 | L18: OO 2, AX 1 | M18: 3 | N18: 4
A19: OO - SkyWest | B19: 923 | C19: 7 | D19: 3 | E19: 1 | K19: 11 | L19: ZW 2 | M19: 2
A20: AX - Trans States | B20: 205 | K20: -
A21: YX - Republic | B21: 315 | C21: 5 | E21: 1 | H21: 3 | K21: 9 | L21: ZW 1 | M21: 1
A22: G7 - Go Jet | B22: 90 | K22: - | L22: OO 2, AX 5
A23: C5 - CommutAir | B23: 171 | K23: -
A24: YV - Mesa | B24: 383 | D24: 4 | K24: 4
A25: ZW - Air Wisconsin | B25: 292 | H25: 4 | K25: 4 | L25: OO 2, C5 1 | M25: 3 | N25: 2
A26: Total: | B26: 2805 | C26: =SUM(C18:C25) -> 12 | D26: 7 | E26: 21 | H26: 7 | K26: =SUM(K18:K25) -> 47 | M26: =SUM(M18:M25) -> 9 | N26: =SUM(N18:N25) -> 6
A30: Residual Cancel Detail
A31: Express Partner | B31: Scheduled | C31: Weather & | D31: Technical | E31: Flight | F31: Inflight | G31: Airport | H31: Network | I31: IT | J31: Catering Operations | K31: Total Cancels | L31: ES covered for this partner | M31: Total | N31: ES covered by this partner
B32: Departures | C32: ATC | D32: Operations | E32: Operations | F32: Services | G32: Operations | H32: Operations
A33: EV - ExpressJet | B33: 426 | E33: 2 | K33: 2
A34: OO - SkyWest | B34: 923 | C34: 1 | E34: 1 | K34: 2 | N34: 3
A35: AX - Trans States | B35: 205 | K35: -
A36: YX - Republic | B36: 315 | F36: 1 | K36: 1
A37: G7 - Go Jet | B37: 90 | K37: - | L37: OO 2, AX 5 | M37: 7
A38: C5 - CommutAir | B38: 171 | K38: -
A39: YV - Mesa | B39: 383 | D39: 3 | K39: 3
A40: ZW - Air Wisconsin | B40: 292 | K40: - | L40: OO 2, AX 1 | M40: 3 | N40: 2
A41: Total: | B41: 2805 | C41: 1 | D41: 3 | E41: 3 | K41: =SUM(K33:K40) -> 8 | M41: =SUM(M33:M40) -> 10 | N41: =SUM(N33:N40) -> 5

Sheet HTML_NAME
A1: HTML_PAGES
A2: PAGE_1

Sheet PAGE_1 (2)
B2: UAX Daily Snapshot for | D2: =TODAY()-1 -> 45644
B4: Reliability Snapshot | J4: Reliability Snapshot - Hubs
B5: Metric | C5: =TODAY()-1 -> 45644 | D5: MTD | E5: Goal | F5: DL Diff. | G5: AA Diff. | H5: Rank | I5: =MONTH(TODAY()-1) -> 12 | J5: Hub | K5: D:00 | L5: CS D:00 | M5: DL Diff. | N5: AA Diff. | O5: Rank | P5: Completion | Q5: DL Diff. | R5: AA Diff. | S5: Rank
B6: Completion | C6: =UA_SQL_1!N2/UA_SQL_1!M2 -> 852.5 | D6: =UA_SQL_1!F2/UA_SQL_1!E2 -> 0.0040492958 | E6: =SUMIF(EX_Goals!$B:$B,'PAGE_1 (2)'!$I$5,EX_Goals!$E:$E) -> 0.9701 | F6: =((UA_SQL_1!$N$2/UA_SQL_1!$M$2)-(SUMIF(OA_SQL_1!$A$1:$A$3,"DL",OA_SQL_1!$K$1:$K$3)/SUMIF(OA_SQL_1!$A$1:$A$3,"DL",OA_SQL_1!$I$1:$I$3)))*100 -> 85218.586 | G6: =((UA_SQL_1!$N$2/UA_SQL_1!$M$2)-(SUMIF(OA_SQL_1!$A$1:$A$3,"AA",OA_SQL_1!$K$1:$K$3)/SUMIF(OA_SQL_1!$A$1:$A$3,"AA",OA_SQL_1!$I$1:$I$3)))*100 -> 85221.573 | H6: =RANK!F2 -> 3 | J6: DEN
B7: A:00 | C7: =UA_SQL_1!Q2/UA_SQL_1!M2 -> 665.5 | D7: =UA_SQL_1!I2/UA_SQL_1!E2 -> 0.6415493 | E7: =SUMIF(EX_Goals!$B:$B,'PAGE_1 (2)'!$I$5,EX_Goals!$D:$D) -> 0.5766 | F7: =((UA_SQL_1!$Q$2/UA_SQL_1!$M$2)-(SUMIF(OA_SQL_1!$A$1:$A$3,"DL",OA_SQL_1!$L$1:$L$3)/SUMIF(OA_SQL_1!$A$1:$A$3,"DL",OA_SQL_1!$I$1:$I$3)))*100 -> 66504.526 | G7: =((UA_SQL_1!$Q$2/UA_SQL_1!$M$2)-(SUMIF(OA_SQL_1!$A$1:$A$3,"AA",OA_SQL_1!$L$1:$L$3)/SUMIF(OA_SQL_1!$A$1:$A$3,"AA",OA_SQL_1!$I$1:$I$3)))*100 -> 66511.17 | H7: =RANK!F3 -> 1 | J7: EWR
B8: CS D:00 | C8: =UA_SQL_1!P2/UA_SQL_1!M2 -> 648.5 | D8: =UA_SQL_1!H2/UA_SQL_1!E2 -> 0.71795775 | E8: =SUMIF(EX_Goals!$B:$B,'PAGE_1 (2)'!$I$5,EX_Goals!$C:$C) -> 0.6422 | F8: =((UA_SQL_1!$P$2/UA_SQL_1!$M$2)-(SUMIF(OA_SQL_1!$A$1:$A$3,"DL",OA_SQL_1!$J$1:$J$3)/SUMIF(OA_SQL_1!$A$1:$A$3,"DL",OA_SQL_1!$I$1:$I$3)))*100 -> 64804.124 | G8: =((UA_SQL_1!$P$2/UA_SQL_1!$M$2)-(SUMIF(OA_SQL_1!$A$1:$A$3,"AA",OA_SQL_1!$J$1:$J$3)/SUMIF(OA_SQL_1!$A$1:$A$3,"AA",OA_SQL_1!$I$1:$I$3)))*100 -> 64811.156 | H8: =RANK!F4 -> 1 | J8: IAD
B9: D:00 | C9: =UA_SQL_1!O2/UA_SQL_1!M2 -> 5.5 | D9: =UA_SQL_1!G2/UA_SQL_1!E2 -> 0.6943662 | E9: =SUMIF(EX_Goals!$B:$B,'PAGE_1 (2)'!$I$5,EX_Goals!$C:$C) -> 0.6422 | J9: IAH
B10: STAR D:00 | C10: =UA_SQL_1!S2/UA_SQL_1!R2 -> 1.1911403 | D10: =UA_SQL_1!K2/UA_SQL_1!J2 -> 0.19176262 | E10: =SUMIF(EX_Goals!$B:$B,'PAGE_1 (2)'!$I$5,EX_Goals!$F:$F) -> 0.77361606 | J10: LAX
B11: Controllable Completion | C11: =(UA_SQL_1!M2-UA_SQL_1!T2)/UA_SQL_1!M2 -> -135.5 | D11: =(UA_SQL_1!E2-UA_SQL_1!L2)/UA_SQL_1!E2 -> 0.87552817 | E11: =SUMIF(EX_Goals!$B:$B,'PAGE_1 (2)'!$I$5,EX_Goals!$G:$G) -> 0.99734316 | J11: ORD
B12: Total diverts | C12: =SUMIFS(TOTAL_DIVERTS_SQL_5!$B:$B,TOTAL_DIVERTS_SQL_5!A:A,"YEST") -> 3 | D12: =SUMIFS(TOTAL_DIVERTS_SQL_5!$B:$B,TOTAL_DIVERTS_SQL_5!A:A,"MTD") -> 9 | J12: SFO
B13: Diverts recovered | C13: =SUMIF(DIVERTS_RECOVERED_SQL_6!$A:$A,"YEST",DIVERTS_RECOVERED_SQL_6!$C:$C) -> 1 | D13: =SUMIF(DIVERTS_RECOVERED_SQL_6!$A:$A,"MTD",DIVERTS_RECOVERED_SQL_6!$C:$C) -> 6 | J13: Line
B19: Cancel Detail
B20: Express Partner | C20: Scheduled Departures | D20: Weather & ATC | E20: Technical Operations | F20: Flight Operations | G20: Inflight Services | H20: Airport Operations | I20: Network Operations | J20: IT | K20: Catering Operations | L20: Other | M20: Total Cancels | N20: ES covered for this partner | O20: Net Cancel | P20: ES covered by this partner
B21: EV - ExpressJet | C21: =SUMIF(SCH_DEP_SQL_4!$A:$A,'PAGE_1 (2)'!R21,SCH_DEP_SQL_4!$E:$E) -> 0 | D21: =IF(SUMIFS(CNXL_SQL_2!$F:$F,CNXL_SQL_2!$A:$A,'PAGE_1 (2)'!$R21,CNXL_SQL_2!$D:$D,'PAGE_1 (2)'!$S$21)=0,"",SUMIFS(CNXL_SQL_2!$F:$F,CNXL_SQL_2!$A:$A,'PAGE_1 (2)'!$R21,CNXL_SQL_2!$D:$D,'PAGE_1 (2)'!$S$21)) | E21: =IF(SUMIFS(CNXL_SQL_2!$F:$F,CNXL_SQL_2!$A:$A,'PAGE_1 (2)'!$R21,CNXL_SQL_2!$D:$D,'PAGE_1 (2)'!$S$22)=0,"",SUMIFS(CNXL_SQL_2!$F:$F,CNXL_SQL_2!$A:$A,'PAGE_1 (2)'!$R21,CNXL_SQL_2!$D:$D,'PAGE_1 (2)'!$S$22)) | F21: =IF(SUMIFS(CNXL_SQL_2!$F:$F,CNXL_SQL_2!$A:$A,'PAGE_1 (2)'!$R21,CNXL_SQL_2!$D:$D,'PAGE_1 (2)'!$S$23)=0,"",SUMIFS(CNXL_SQL_2!$F:$F,CNXL_SQL_2!$A:$A,'PAGE_1 (2)'!$R21,CNXL_SQL_2!$D:$D,'PAGE_1 (2)'!$S$23)) | G21: =IF(SUMIFS(CNXL_SQL_2!$F:$F,CNXL_SQL_2!$A:$A,'PAGE_1 (2)'!$R21,CNXL_SQL_2!$D:$D,'PAGE_1 (2)'!$S$24)=0,"",SUMIFS(CNXL_SQL_2!$F:$F,CNXL_SQL_2!$A:$A,'PAGE_1 (2)'!$R21,CNXL_SQL_2!$D:$D,'PAGE_1 (2)'!$S$24)) | H21: =IF(SUMIFS(CNXL_SQL_2!$F:$F,CNXL_SQL_2!$A:$A,'PAGE_1 (2)'!$R21,CNXL_SQL_2!$D:$D,'PAGE_1 (2)'!$S$25)=0,"",SUMIFS(CNXL_SQL_2!$F:$F,CNXL_SQL_2!$A:$A,'PAGE_1 (2)'!$R21,CNXL_SQL_2!$D:$D,'PAGE_1 (2)'!$S$25)) | I21: =IF(SUMIFS(CNXL_SQL_2!$F:$F,CNXL_SQL_2!$A:$A,'PAGE_1 (2)'!$R21,CNXL_SQL_2!$D:$D,'PAGE_1 (2)'!$S$26)=0,"",SUMIFS(CNXL_SQL_2!$F:$F,CNXL_SQL_2!$A:$A,'PAGE_1 (2)'!$R21,CNXL_SQL_2!$D:$D,'PAGE_1 (2)'!$S$26)) | J21: =IF(SUMIFS(CNXL_SQL_2!$F:$F,CNXL_SQL_2!$A:$A,'PAGE_1 (2)'!$R21,CNXL_SQL_2!$D:$D,'PAGE_1 (2)'!$S$27)=0,"",SUMIFS(CNXL_SQL_2!$F:$F,CNXL_SQL_2!$A:$A,'PAGE_1 (2)'!$R21,CNXL_SQL_2!$D:$D,'PAGE_1 (2)'!$S$27)) | K21: =IF(SUMIFS(CNXL_SQL_2!$F:$F,CNXL_SQL_2!$A:$A,'PAGE_1 (2)'!$R21,CNXL_SQL_2!$D:$D,'PAGE_1 (2)'!$S$28)=0,"",SUMIFS(CNXL_SQL_2!$F:$F,CNXL_SQL_2!$A:$A,'PAGE_1 (2)'!$R21,CNXL_SQL_2!$D:$D,'PAGE_1 (2)'!$S$28)) | L21: =IF(SUMIFS(CNXL_SQL_2!$F:$F,CNXL_SQL_2!$A:$A,'PAGE_1 (2)'!$R21,CNXL_SQL_2!$D:$D,'PAGE_1 (2)'!$S$29)=0,"",SUMIFS(CNXL_SQL_2!$F:$F,CNXL_SQL_2!$A:$A,'PAGE_1 (2)'!$R21,CNXL_SQL_2!$D:$D,'PAGE_1 (2)'!$S$29)) | M21: =IF(SUM(D21:L21)=0,"",SUM(D21:L21)) | N21: =ES_MATRIX!K3 | O21: =IFERROR(M21-ES_MATRIX!L3,"") | P21: =IF(SUMIF(CNXL_SQL_2!$E:$E,'PAGE_1 (2)'!R21,CNXL_SQL_2!$F:$F)=0,"",SUMIF(CNXL_SQL_2!$E:$E,'PAGE_1 (2)'!R21,CNXL_SQL_2!$F:$F)) | R21: EV | S21: WEATHER/ATC
B22: OO - SkyWest | C22: =SUMIF(SCH_DEP_SQL_4!$A:$A,'PAGE_1 (2)'!R22,SCH_DEP_SQL_4!$E:$E) -> 816 | D22: =IF(SUMIFS(CNXL_SQL_2!$F:$F,CNXL_SQL_2!$A:$A,'PAGE_1 (2)'!$R22,CNXL_SQL_2!$D:$D,'PAGE_1 (2)'!$S$21)=0,"",SUMIFS(CNXL_SQL_2!$F:$F,CNXL_SQL_2!$A:$A,'PAGE_1 (2)'!$R22,CNXL_SQL_2!$D:$D,'PAGE_1 (2)'!$S$21)) -> 10 | E22: =IF(SUMIFS(CNXL_SQL_2!$F:$F,CNXL_SQL_2!$A:$A,'PAGE_1 (2)'!$R22,CNXL_SQL_2!$D:$D,'PAGE_1 (2)'!$S$22)=0,"",SUMIFS(CNXL_SQL_2!$F:$F,CNXL_SQL_2!$A:$A,'PAGE_1 (2)'!$R22,CNXL_SQL_2!$D:$D,'PAGE_1 (2)'!$S$22)) | F22: =IF(SUMIFS(CNXL_SQL_2!$F:$F,CNXL_SQL_2!$A:$A,'PAGE_1 (2)'!$R22,CNXL_SQL_2!$D:$D,'PAGE_1 (2)'!$S$23)=0,"",SUMIFS(CNXL_SQL_2!$F:$F,CNXL_SQL_2!$A:$A,'PAGE_1 (2)'!$R22,CNXL_SQL_2!$D:$D,'PAGE_1 (2)'!$S$23)) | G22: =IF(SUMIFS(CNXL_SQL_2!$F:$F,CNXL_SQL_2!$A:$A,'PAGE_1 (2)'!$R22,CNXL_SQL_2!$D:$D,'PAGE_1 (2)'!$S$24)=0,"",SUMIFS(CNXL_SQL_2!$F:$F,CNXL_SQL_2!$A:$A,'PAGE_1 (2)'!$R22,CNXL_SQL_2!$D:$D,'PAGE_1 (2)'!$S$24)) | H22: =IF(SUMIFS(CNXL_SQL_2!$F:$F,CNXL_SQL_2!$A:$A,'PAGE_1 (2)'!$R22,CNXL_SQL_2!$D:$D,'PAGE_1 (2)'!$S$25)=0,"",SUMIFS(CNXL_SQL_2!$F:$F,CNXL_SQL_2!$A:$A,'PAGE_1 (2)'!$R22,CNXL_SQL_2!$D:$D,'PAGE_1 (2)'!$S$25)) | I22: =IF(SUMIFS(CNXL_SQL_2!$F:$F,CNXL_SQL_2!$A:$A,'PAGE_1 (2)'!$R22,CNXL_SQL_2!$D:$D,'PAGE_1 (2)'!$S$26)=0,"",SUMIFS(CNXL_SQL_2!$F:$F,CNXL_SQL_2!$A:$A,'PAGE_1 (2)'!$R22,CNXL_SQL_2!$D:$D,'PAGE_1 (2)'!$S$26)) | J22: =IF(SUMIFS(CNXL_SQL_2!$F:$F,CNXL_SQL_2!$A:$A,'PAGE_1 (2)'!$R22,CNXL_SQL_2!$D:$D,'PAGE_1 (2)'!$S$27)=0,"",SUMIFS(CNXL_SQL_2!$F:$F,CNXL_SQL_2!$A:$A,'PAGE_1 (2)'!$R22,CNXL_SQL_2!$D:$D,'PAGE_1 (2)'!$S$27)) | K22: =IF(SUMIFS(CNXL_SQL_2!$F:$F,CNXL_SQL_2!$A:$A,'PAGE_1 (2)'!$R22,CNXL_SQL_2!$D:$D,'PAGE_1 (2)'!$S$28)=0,"",SUMIFS(CNXL_SQL_2!$F:$F,CNXL_SQL_2!$A:$A,'PAGE_1 (2)'!$R22,CNXL_SQL_2!$D:$D,'PAGE_1 (2)'!$S$28)) | L22: =IF(SUMIFS(CNXL_SQL_2!$F:$F,CNXL_SQL_2!$A:$A,'PAGE_1 (2)'!$R22,CNXL_SQL_2!$D:$D,'PAGE_1 (2)'!$S$29)=0,"",SUMIFS(CNXL_SQL_2!$F:$F,CNXL_SQL_2!$A:$A,'PAGE_1 (2)'!$R22,CNXL_SQL_2!$D:$D,'PAGE_1 (2)'!$S$29)) | M22: =IF(SUM(D22:L22)=0,"",SUM(D22:L22)) -> 10 | N22: =ES_MATRIX!K4 | O22: =IFERROR(M22-ES_MATRIX!L4,"") -> 10 | P22: =IF(SUMIF(CNXL_SQL_2!$E:$E,'PAGE_1 (2)'!R22,CNXL_SQL_2!$F:$F)=0,"",SUMIF(CNXL_SQL_2!$E:$E,'PAGE_1 (2)'!R22,CNXL_SQL_2!$F:$F)) | R22: OO | S22: TECHNICAL OPERATIONS-AIRCRAFT
B23: AX - Trans States | C23: =SUMIF(SCH_DEP_SQL_4!$A:$A,'PAGE_1 (2)'!R23,SCH_DEP_SQL_4!$E:$E) -> 0 | D23: =IF(SUMIFS(CNXL_SQL_2!$F:$F,CNXL_SQL_2!$A:$A,'PAGE_1 (2)'!$R23,CNXL_SQL_2!$D:$D,'PAGE_1 (2)'!$S$21)=0,"",SUMIFS(CNXL_SQL_2!$F:$F,CNXL_SQL_2!$A:$A,'PAGE_1 (2)'!$R23,CNXL_SQL_2!$D:$D,'PAGE_1 (2)'!$S$21)) | E23: =IF(SUMIFS(CNXL_SQL_2!$F:$F,CNXL_SQL_2!$A:$A,'PAGE_1 (2)'!$R23,CNXL_SQL_2!$D:$D,'PAGE_1 (2)'!$S$22)=0,"",SUMIFS(CNXL_SQL_2!$F:$F,CNXL_SQL_2!$A:$A,'PAGE_1 (2)'!$R23,CNXL_SQL_2!$D:$D,'PAGE_1 (2)'!$S$22)) | F23: =IF(SUMIFS(CNXL_SQL_2!$F:$F,CNXL_SQL_2!$A:$A,'PAGE_1 (2)'!$R23,CNXL_SQL_2!$D:$D,'PAGE_1 (2)'!$S$23)=0,"",SUMIFS(CNXL_SQL_2!$F:$F,CNXL_SQL_2!$A:$A,'PAGE_1 (2)'!$R23,CNXL_SQL_2!$D:$D,'PAGE_1 (2)'!$S$23)) | G23: =IF(SUMIFS(CNXL_SQL_2!$F:$F,CNXL_SQL_2!$A:$A,'PAGE_1 (2)'!$R23,CNXL_SQL_2!$D:$D,'PAGE_1 (2)'!$S$24)=0,"",SUMIFS(CNXL_SQL_2!$F:$F,CNXL_SQL_2!$A:$A,'PAGE_1 (2)'!$R23,CNXL_SQL_2!$D:$D,'PAGE_1 (2)'!$S$24)) | H23: =IF(SUMIFS(CNXL_SQL_2!$F:$F,CNXL_SQL_2!$A:$A,'PAGE_1 (2)'!$R23,CNXL_SQL_2!$D:$D,'PAGE_1 (2)'!$S$25)=0,"",SUMIFS(CNXL_SQL_2!$F:$F,CNXL_SQL_2!$A:$A,'PAGE_1 (2)'!$R23,CNXL_SQL_2!$D:$D,'PAGE_1 (2)'!$S$25)) | I23: =IF(SUMIFS(CNXL_SQL_2!$F:$F,CNXL_SQL_2!$A:$A,'PAGE_1 (2)'!$R23,CNXL_SQL_2!$D:$D,'PAGE_1 (2)'!$S$26)=0,"",SUMIFS(CNXL_SQL_2!$F:$F,CNXL_SQL_2!$A:$A,'PAGE_1 (2)'!$R23,CNXL_SQL_2!$D:$D,'PAGE_1 (2)'!$S$26)) | J23: =IF(SUMIFS(CNXL_SQL_2!$F:$F,CNXL_SQL_2!$A:$A,'PAGE_1 (2)'!$R23,CNXL_SQL_2!$D:$D,'PAGE_1 (2)'!$S$27)=0,"",SUMIFS(CNXL_SQL_2!$F:$F,CNXL_SQL_2!$A:$A,'PAGE_1 (2)'!$R23,CNXL_SQL_2!$D:$D,'PAGE_1 (2)'!$S$27)) | K23: =IF(SUMIFS(CNXL_SQL_2!$F:$F,CNXL_SQL_2!$A:$A,'PAGE_1 (2)'!$R23,CNXL_SQL_2!$D:$D,'PAGE_1 (2)'!$S$28)=0,"",SUMIFS(CNXL_SQL_2!$F:$F,CNXL_SQL_2!$A:$A,'PAGE_1 (2)'!$R23,CNXL_SQL_2!$D:$D,'PAGE_1 (2)'!$S$28)) | L23: =IF(SUMIFS(CNXL_SQL_2!$F:$F,CNXL_SQL_2!$A:$A,'PAGE_1 (2)'!$R23,CNXL_SQL_2!$D:$D,'PAGE_1 (2)'!$S$29)=0,"",SUMIFS(CNXL_SQL_2!$F:$F,CNXL_SQL_2!$A:$A,'PAGE_1 (2)'!$R23,CNXL_SQL_2!$D:$D,'PAGE_1 (2)'!$S$29)) | M23: =IF(SUM(D23:L23)=0,"",SUM(D23:L23)) | N23: =ES_MATRIX!K5 | O23: =IFERROR(M23-ES_MATRIX!L5,"") | P23: =IF(SUMIF(CNXL_SQL_2!$E:$E,'PAGE_1 (2)'!R23,CNXL_SQL_2!$F:$F)=0,"",SUMIF(CNXL_SQL_2!$E:$E,'PAGE_1 (2)'!R23,CNXL_SQL_2!$F:$F)) | R23: AX | S23: FLIGHT OPERATIONS
B24: YX - Republic | C24: =SUMIF(SCH_DEP_SQL_4!$A:$A,'PAGE_1 (2)'!R24,SCH_DEP_SQL_4!$E:$E) -> 297 | D24: =IF(SUMIFS(CNXL_SQL_2!$F:$F,CNXL_SQL_2!$A:$A,'PAGE_1 (2)'!$R24,CNXL_SQL_2!$D:$D,'PAGE_1 (2)'!$S$21)=0,"",SUMIFS(CNXL_SQL_2!$F:$F,CNXL_SQL_2!$A:$A,'PAGE_1 (2)'!$R24,CNXL_SQL_2!$D:$D,'PAGE_1 (2)'!$S$21)) | E24: =IF(SUMIFS(CNXL_SQL_2!$F:$F,CNXL_SQL_2!$A:$A,'PAGE_1 (2)'!$R24,CNXL_SQL_2!$D:$D,'PAGE_1 (2)'!$S$22)=0,"",SUMIFS(CNXL_SQL_2!$F:$F,CNXL_SQL_2!$A:$A,'PAGE_1 (2)'!$R24,CNXL_SQL_2!$D:$D,'PAGE_1 (2)'!$S$22)) | F24: =IF(SUMIFS(CNXL_SQL_2!$F:$F,CNXL_SQL_2!$A:$A,'PAGE_1 (2)'!$R24,CNXL_SQL_2!$D:$D,'PAGE_1 (2)'!$S$23)=0,"",SUMIFS(CNXL_SQL_2!$F:$F,CNXL_SQL_2!$A:$A,'PAGE_1 (2)'!$R24,CNXL_SQL_2!$D:$D,'PAGE_1 (2)'!$S$23)) | G24: =IF(SUMIFS(CNXL_SQL_2!$F:$F,CNXL_SQL_2!$A:$A,'PAGE_1 (2)'!$R24,CNXL_SQL_2!$D:$D,'PAGE_1 (2)'!$S$24)=0,"",SUMIFS(CNXL_SQL_2!$F:$F,CNXL_SQL_2!$A:$A,'PAGE_1 (2)'!$R24,CNXL_SQL_2!$D:$D,'PAGE_1 (2)'!$S$24)) | H24: =IF(SUMIFS(CNXL_SQL_2!$F:$F,CNXL_SQL_2!$A:$A,'PAGE_1 (2)'!$R24,CNXL_SQL_2!$D:$D,'PAGE_1 (2)'!$S$25)=0,"",SUMIFS(CNXL_SQL_2!$F:$F,CNXL_SQL_2!$A:$A,'PAGE_1 (2)'!$R24,CNXL_SQL_2!$D:$D,'PAGE_1 (2)'!$S$25)) | I24: =IF(SUMIFS(CNXL_SQL_2!$F:$F,CNXL_SQL_2!$A:$A,'PAGE_1 (2)'!$R24,CNXL_SQL_2!$D:$D,'PAGE_1 (2)'!$S$26)=0,"",SUMIFS(CNXL_SQL_2!$F:$F,CNXL_SQL_2!$A:$A,'PAGE_1 (2)'!$R24,CNXL_SQL_2!$D:$D,'PAGE_1 (2)'!$S$26)) | J24: =IF(SUMIFS(CNXL_SQL_2!$F:$F,CNXL_SQL_2!$A:$A,'PAGE_1 (2)'!$R24,CNXL_SQL_2!$D:$D,'PAGE_1 (2)'!$S$27)=0,"",SUMIFS(CNXL_SQL_2!$F:$F,CNXL_SQL_2!$A:$A,'PAGE_1 (2)'!$R24,CNXL_SQL_2!$D:$D,'PAGE_1 (2)'!$S$27)) | K24: =IF(SUMIFS(CNXL_SQL_2!$F:$F,CNXL_SQL_2!$A:$A,'PAGE_1 (2)'!$R24,CNXL_SQL_2!$D:$D,'PAGE_1 (2)'!$S$28)=0,"",SUMIFS(CNXL_SQL_2!$F:$F,CNXL_SQL_2!$A:$A,'PAGE_1 (2)'!$R24,CNXL_SQL_2!$D:$D,'PAGE_1 (2)'!$S$28)) | L24: =IF(SUMIFS(CNXL_SQL_2!$F:$F,CNXL_SQL_2!$A:$A,'PAGE_1 (2)'!$R24,CNXL_SQL_2!$D:$D,'PAGE_1 (2)'!$S$29)=0,"",SUMIFS(CNXL_SQL_2!$F:$F,CNXL_SQL_2!$A:$A,'PAGE_1 (2)'!$R24,CNXL_SQL_2!$D:$D,'PAGE_1 (2)'!$S$29)) | M24: =IF(SUM(D24:L24)=0,"",SUM(D24:L24)) | N24: =ES_MATRIX!K6 | O24: =IFERROR(M24-ES_MATRIX!L6,"") | P24: =IF(SUMIF(CNXL_SQL_2!$E:$E,'PAGE_1 (2)'!R24,CNXL_SQL_2!$F:$F)=0,"",SUMIF(CNXL_SQL_2!$E:$E,'PAGE_1 (2)'!R24,CNXL_SQL_2!$F:$F)) | R24: YX | S24: INFLIGHT SERVICES
B25: G7 - Go Jet | C25: =SUMIF(SCH_DEP_SQL_4!$A:$A,'PAGE_1 (2)'!R25,SCH_DEP_SQL_4!$E:$E) -> 186 | D25: =IF(SUMIFS(CNXL_SQL_2!$F:$F,CNXL_SQL_2!$A:$A,'PAGE_1 (2)'!$R25,CNXL_SQL_2!$D:$D,'PAGE_1 (2)'!$S$21)=0,"",SUMIFS(CNXL_SQL_2!$F:$F,CNXL_SQL_2!$A:$A,'PAGE_1 (2)'!$R25,CNXL_SQL_2!$D:$D,'PAGE_1 (2)'!$S$21)) | E25: =IF(SUMIFS(CNXL_SQL_2!$F:$F,CNXL_SQL_2!$A:$A,'PAGE_1 (2)'!$R25,CNXL_SQL_2!$D:$D,'PAGE_1 (2)'!$S$22)=0,"",SUMIFS(CNXL_SQL_2!$F:$F,CNXL_SQL_2!$A:$A,'PAGE_1 (2)'!$R25,CNXL_SQL_2!$D:$D,'PAGE_1 (2)'!$S$22)) | F25: =IF(SUMIFS(CNXL_SQL_2!$F:$F,CNXL_SQL_2!$A:$A,'PAGE_1 (2)'!$R25,CNXL_SQL_2!$D:$D,'PAGE_1 (2)'!$S$23)=0,"",SUMIFS(CNXL_SQL_2!$F:$F,CNXL_SQL_2!$A:$A,'PAGE_1 (2)'!$R25,CNXL_SQL_2!$D:$D,'PAGE_1 (2)'!$S$23)) | G25: =IF(SUMIFS(CNXL_SQL_2!$F:$F,CNXL_SQL_2!$A:$A,'PAGE_1 (2)'!$R25,CNXL_SQL_2!$D:$D,'PAGE_1 (2)'!$S$24)=0,"",SUMIFS(CNXL_SQL_2!$F:$F,CNXL_SQL_2!$A:$A,'PAGE_1 (2)'!$R25,CNXL_SQL_2!$D:$D,'PAGE_1 (2)'!$S$24)) | H25: =IF(SUMIFS(CNXL_SQL_2!$F:$F,CNXL_SQL_2!$A:$A,'PAGE_1 (2)'!$R25,CNXL_SQL_2!$D:$D,'PAGE_1 (2)'!$S$25)=0,"",SUMIFS(CNXL_SQL_2!$F:$F,CNXL_SQL_2!$A:$A,'PAGE_1 (2)'!$R25,CNXL_SQL_2!$D:$D,'PAGE_1 (2)'!$S$25)) | I25: =IF(SUMIFS(CNXL_SQL_2!$F:$F,CNXL_SQL_2!$A:$A,'PAGE_1 (2)'!$R25,CNXL_SQL_2!$D:$D,'PAGE_1 (2)'!$S$26)=0,"",SUMIFS(CNXL_SQL_2!$F:$F,CNXL_SQL_2!$A:$A,'PAGE_1 (2)'!$R25,CNXL_SQL_2!$D:$D,'PAGE_1 (2)'!$S$26)) | J25: =IF(SUMIFS(CNXL_SQL_2!$F:$F,CNXL_SQL_2!$A:$A,'PAGE_1 (2)'!$R25,CNXL_SQL_2!$D:$D,'PAGE_1 (2)'!$S$27)=0,"",SUMIFS(CNXL_SQL_2!$F:$F,CNXL_SQL_2!$A:$A,'PAGE_1 (2)'!$R25,CNXL_SQL_2!$D:$D,'PAGE_1 (2)'!$S$27)) | K25: =IF(SUMIFS(CNXL_SQL_2!$F:$F,CNXL_SQL_2!$A:$A,'PAGE_1 (2)'!$R25,CNXL_SQL_2!$D:$D,'PAGE_1 (2)'!$S$28)=0,"",SUMIFS(CNXL_SQL_2!$F:$F,CNXL_SQL_2!$A:$A,'PAGE_1 (2)'!$R25,CNXL_SQL_2!$D:$D,'PAGE_1 (2)'!$S$28)) | L25: =IF(SUMIFS(CNXL_SQL_2!$F:$F,CNXL_SQL_2!$A:$A,'PAGE_1 (2)'!$R25,CNXL_SQL_2!$D:$D,'PAGE_1 (2)'!$S$29)=0,"",SUMIFS(CNXL_SQL_2!$F:$F,CNXL_SQL_2!$A:$A,'PAGE_1 (2)'!$R25,CNXL_SQL_2!$D:$D,'PAGE_1 (2)'!$S$29)) | M25: =IF(SUM(D25:L25)=0,"",SUM(D25:L25)) | N25: =ES_MATRIX!K7 | O25: =IFERROR(M25-ES_MATRIX!L7,"") | P25: =IF(SUMIF(CNXL_SQL_2!$E:$E,'PAGE_1 (2)'!R25,CNXL_SQL_2!$F:$F)=0,"",SUMIF(CNXL_SQL_2!$E:$E,'PAGE_1 (2)'!R25,CNXL_SQL_2!$F:$F)) | R25: G7 | S25: AIRPORT OPERATIONS
B26: C5 - CommutAir | C26: =SUMIF(SCH_DEP_SQL_4!$A:$A,'PAGE_1 (2)'!R26,SCH_DEP_SQL_4!$E:$E) -> 193 | D26: =IF(SUMIFS(CNXL_SQL_2!$F:$F,CNXL_SQL_2!$A:$A,'PAGE_1 (2)'!$R26,CNXL_SQL_2!$D:$D,'PAGE_1 (2)'!$S$21)=0,"",SUMIFS(CNXL_SQL_2!$F:$F,CNXL_SQL_2!$A:$A,'PAGE_1 (2)'!$R26,CNXL_SQL_2!$D:$D,'PAGE_1 (2)'!$S$21)) -> 1 | E26: =IF(SUMIFS(CNXL_SQL_2!$F:$F,CNXL_SQL_2!$A:$A,'PAGE_1 (2)'!$R26,CNXL_SQL_2!$D:$D,'PAGE_1 (2)'!$S$22)=0,"",SUMIFS(CNXL_SQL_2!$F:$F,CNXL_SQL_2!$A:$A,'PAGE_1 (2)'!$R26,CNXL_SQL_2!$D:$D,'PAGE_1 (2)'!$S$22)) | F26: =IF(SUMIFS(CNXL_SQL_2!$F:$F,CNXL_SQL_2!$A:$A,'PAGE_1 (2)'!$R26,CNXL_SQL_2!$D:$D,'PAGE_1 (2)'!$S$23)=0,"",SUMIFS(CNXL_SQL_2!$F:$F,CNXL_SQL_2!$A:$A,'PAGE_1 (2)'!$R26,CNXL_SQL_2!$D:$D,'PAGE_1 (2)'!$S$23)) | G26: =IF(SUMIFS(CNXL_SQL_2!$F:$F,CNXL_SQL_2!$A:$A,'PAGE_1 (2)'!$R26,CNXL_SQL_2!$D:$D,'PAGE_1 (2)'!$S$24)=0,"",SUMIFS(CNXL_SQL_2!$F:$F,CNXL_SQL_2!$A:$A,'PAGE_1 (2)'!$R26,CNXL_SQL_2!$D:$D,'PAGE_1 (2)'!$S$24)) | H26: =IF(SUMIFS(CNXL_SQL_2!$F:$F,CNXL_SQL_2!$A:$A,'PAGE_1 (2)'!$R26,CNXL_SQL_2!$D:$D,'PAGE_1 (2)'!$S$25)=0,"",SUMIFS(CNXL_SQL_2!$F:$F,CNXL_SQL_2!$A:$A,'PAGE_1 (2)'!$R26,CNXL_SQL_2!$D:$D,'PAGE_1 (2)'!$S$25)) | I26: =IF(SUMIFS(CNXL_SQL_2!$F:$F,CNXL_SQL_2!$A:$A,'PAGE_1 (2)'!$R26,CNXL_SQL_2!$D:$D,'PAGE_1 (2)'!$S$26)=0,"",SUMIFS(CNXL_SQL_2!$F:$F,CNXL_SQL_2!$A:$A,'PAGE_1 (2)'!$R26,CNXL_SQL_2!$D:$D,'PAGE_1 (2)'!$S$26)) | J26: =IF(SUMIFS(CNXL_SQL_2!$F:$F,CNXL_SQL_2!$A:$A,'PAGE_1 (2)'!$R26,CNXL_SQL_2!$D:$D,'PAGE_1 (2)'!$S$27)=0,"",SUMIFS(CNXL_SQL_2!$F:$F,CNXL_SQL_2!$A:$A,'PAGE_1 (2)'!$R26,CNXL_SQL_2!$D:$D,'PAGE_1 (2)'!$S$27)) | K26: =IF(SUMIFS(CNXL_SQL_2!$F:$F,CNXL_SQL_2!$A:$A,'PAGE_1 (2)'!$R26,CNXL_SQL_2!$D:$D,'PAGE_1 (2)'!$S$28)=0,"",SUMIFS(CNXL_SQL_2!$F:$F,CNXL_SQL_2!$A:$A,'PAGE_1 (2)'!$R26,CNXL_SQL_2!$D:$D,'PAGE_1 (2)'!$S$28)) | L26: =IF(SUMIFS(CNXL_SQL_2!$F:$F,CNXL_SQL_2!$A:$A,'PAGE_1 (2)'!$R26,CNXL_SQL_2!$D:$D,'PAGE_1 (2)'!$S$29)=0,"",SUMIFS(CNXL_SQL_2!$F:$F,CNXL_SQL_2!$A:$A,'PAGE_1 (2)'!$R26,CNXL_SQL_2!$D:$D,'PAGE_1 (2)'!$S$29)) | M26: =IF(SUM(D26:L26)=0,"",SUM(D26:L26)) -> 1 | N26: =ES_MATRIX!K8 | O26: =IFERROR(M26-ES_MATRIX!L8,"") -> 1 | P26: =IF(SUMIF(CNXL_SQL_2!$E:$E,'PAGE_1 (2)'!R26,CNXL_SQL_2!$F:$F)=0,"",SUMIF(CNXL_SQL_2!$E:$E,'PAGE_1 (2)'!R26,CNXL_SQL_2!$F:$F)) | R26: C5 | S26: NETWORK OPERATIONS CENTER
B27: YV - Mesa | C27: =SUMIF(SCH_DEP_SQL_4!$A:$A,'PAGE_1 (2)'!R27,SCH_DEP_SQL_4!$E:$E) -> 213 | D27: =IF(SUMIFS(CNXL_SQL_2!$F:$F,CNXL_SQL_2!$A:$A,'PAGE_1 (2)'!$R27,CNXL_SQL_2!$D:$D,'PAGE_1 (2)'!$S$21)=0,"",SUMIFS(CNXL_SQL_2!$F:$F,CNXL_SQL_2!$A:$A,'PAGE_1 (2)'!$R27,CNXL_SQL_2!$D:$D,'PAGE_1 (2)'!$S$21)) | E27: =IF(SUMIFS(CNXL_SQL_2!$F:$F,CNXL_SQL_2!$A:$A,'PAGE_1 (2)'!$R27,CNXL_SQL_2!$D:$D,'PAGE_1 (2)'!$S$22)=0,"",SUMIFS(CNXL_SQL_2!$F:$F,CNXL_SQL_2!$A:$A,'PAGE_1 (2)'!$R27,CNXL_SQL_2!$D:$D,'PAGE_1 (2)'!$S$22)) | F27: =IF(SUMIFS(CNXL_SQL_2!$F:$F,CNXL_SQL_2!$A:$A,'PAGE_1 (2)'!$R27,CNXL_SQL_2!$D:$D,'PAGE_1 (2)'!$S$23)=0,"",SUMIFS(CNXL_SQL_2!$F:$F,CNXL_SQL_2!$A:$A,'PAGE_1 (2)'!$R27,CNXL_SQL_2!$D:$D,'PAGE_1 (2)'!$S$23)) | G27: =IF(SUMIFS(CNXL_SQL_2!$F:$F,CNXL_SQL_2!$A:$A,'PAGE_1 (2)'!$R27,CNXL_SQL_2!$D:$D,'PAGE_1 (2)'!$S$24)=0,"",SUMIFS(CNXL_SQL_2!$F:$F,CNXL_SQL_2!$A:$A,'PAGE_1 (2)'!$R27,CNXL_SQL_2!$D:$D,'PAGE_1 (2)'!$S$24)) | H27: =IF(SUMIFS(CNXL_SQL_2!$F:$F,CNXL_SQL_2!$A:$A,'PAGE_1 (2)'!$R27,CNXL_SQL_2!$D:$D,'PAGE_1 (2)'!$S$25)=0,"",SUMIFS(CNXL_SQL_2!$F:$F,CNXL_SQL_2!$A:$A,'PAGE_1 (2)'!$R27,CNXL_SQL_2!$D:$D,'PAGE_1 (2)'!$S$25)) | I27: =IF(SUMIFS(CNXL_SQL_2!$F:$F,CNXL_SQL_2!$A:$A,'PAGE_1 (2)'!$R27,CNXL_SQL_2!$D:$D,'PAGE_1 (2)'!$S$26)=0,"",SUMIFS(CNXL_SQL_2!$F:$F,CNXL_SQL_2!$A:$A,'PAGE_1 (2)'!$R27,CNXL_SQL_2!$D:$D,'PAGE_1 (2)'!$S$26)) | J27: =IF(SUMIFS(CNXL_SQL_2!$F:$F,CNXL_SQL_2!$A:$A,'PAGE_1 (2)'!$R27,CNXL_SQL_2!$D:$D,'PAGE_1 (2)'!$S$27)=0,"",SUMIFS(CNXL_SQL_2!$F:$F,CNXL_SQL_2!$A:$A,'PAGE_1 (2)'!$R27,CNXL_SQL_2!$D:$D,'PAGE_1 (2)'!$S$27)) | K27: =IF(SUMIFS(CNXL_SQL_2!$F:$F,CNXL_SQL_2!$A:$A,'PAGE_1 (2)'!$R27,CNXL_SQL_2!$D:$D,'PAGE_1 (2)'!$S$28)=0,"",SUMIFS(CNXL_SQL_2!$F:$F,CNXL_SQL_2!$A:$A,'PAGE_1 (2)'!$R27,CNXL_SQL_2!$D:$D,'PAGE_1 (2)'!$S$28)) | L27: =IF(SUMIFS(CNXL_SQL_2!$F:$F,CNXL_SQL_2!$A:$A,'PAGE_1 (2)'!$R27,CNXL_SQL_2!$D:$D,'PAGE_1 (2)'!$S$29)=0,"",SUMIFS(CNXL_SQL_2!$F:$F,CNXL_SQL_2!$A:$A,'PAGE_1 (2)'!$R27,CNXL_SQL_2!$D:$D,'PAGE_1 (2)'!$S$29)) | M27: =IF(SUM(D27:L27)=0,"",SUM(D27:L27)) | N27: =ES_MATRIX!K9 | O27: =IFERROR(M27-ES_MATRIX!L9,"") | P27: =IF(SUMIF(CNXL_SQL_2!$E:$E,'PAGE_1 (2)'!R27,CNXL_SQL_2!$F:$F)=0,"",SUMIF(CNXL_SQL_2!$E:$E,'PAGE_1 (2)'!R27,CNXL_SQL_2!$F:$F)) | R27: YV | S27: TECHNOLOGY
B28: ZW - Air Wisconsin | C28: =SUMIF(SCH_DEP_SQL_4!$A:$A,'PAGE_1 (2)'!R28,SCH_DEP_SQL_4!$E:$E) -> 0 | D28: =IF(SUMIFS(CNXL_SQL_2!$F:$F,CNXL_SQL_2!$A:$A,'PAGE_1 (2)'!$R28,CNXL_SQL_2!$D:$D,'PAGE_1 (2)'!$S$21)=0,"",SUMIFS(CNXL_SQL_2!$F:$F,CNXL_SQL_2!$A:$A,'PAGE_1 (2)'!$R28,CNXL_SQL_2!$D:$D,'PAGE_1 (2)'!$S$21)) | E28: =IF(SUMIFS(CNXL_SQL_2!$F:$F,CNXL_SQL_2!$A:$A,'PAGE_1 (2)'!$R28,CNXL_SQL_2!$D:$D,'PAGE_1 (2)'!$S$22)=0,"",SUMIFS(CNXL_SQL_2!$F:$F,CNXL_SQL_2!$A:$A,'PAGE_1 (2)'!$R28,CNXL_SQL_2!$D:$D,'PAGE_1 (2)'!$S$22)) | F28: =IF(SUMIFS(CNXL_SQL_2!$F:$F,CNXL_SQL_2!$A:$A,'PAGE_1 (2)'!$R28,CNXL_SQL_2!$D:$D,'PAGE_1 (2)'!$S$23)=0,"",SUMIFS(CNXL_SQL_2!$F:$F,CNXL_SQL_2!$A:$A,'PAGE_1 (2)'!$R28,CNXL_SQL_2!$D:$D,'PAGE_1 (2)'!$S$23)) | G28: =IF(SUMIFS(CNXL_SQL_2!$F:$F,CNXL_SQL_2!$A:$A,'PAGE_1 (2)'!$R28,CNXL_SQL_2!$D:$D,'PAGE_1 (2)'!$S$24)=0,"",SUMIFS(CNXL_SQL_2!$F:$F,CNXL_SQL_2!$A:$A,'PAGE_1 (2)'!$R28,CNXL_SQL_2!$D:$D,'PAGE_1 (2)'!$S$24)) | H28: =IF(SUMIFS(CNXL_SQL_2!$F:$F,CNXL_SQL_2!$A:$A,'PAGE_1 (2)'!$R28,CNXL_SQL_2!$D:$D,'PAGE_1 (2)'!$S$25)=0,"",SUMIFS(CNXL_SQL_2!$F:$F,CNXL_SQL_2!$A:$A,'PAGE_1 (2)'!$R28,CNXL_SQL_2!$D:$D,'PAGE_1 (2)'!$S$25)) | I28: =IF(SUMIFS(CNXL_SQL_2!$F:$F,CNXL_SQL_2!$A:$A,'PAGE_1 (2)'!$R28,CNXL_SQL_2!$D:$D,'PAGE_1 (2)'!$S$26)=0,"",SUMIFS(CNXL_SQL_2!$F:$F,CNXL_SQL_2!$A:$A,'PAGE_1 (2)'!$R28,CNXL_SQL_2!$D:$D,'PAGE_1 (2)'!$S$26)) | J28: =IF(SUMIFS(CNXL_SQL_2!$F:$F,CNXL_SQL_2!$A:$A,'PAGE_1 (2)'!$R28,CNXL_SQL_2!$D:$D,'PAGE_1 (2)'!$S$27)=0,"",SUMIFS(CNXL_SQL_2!$F:$F,CNXL_SQL_2!$A:$A,'PAGE_1 (2)'!$R28,CNXL_SQL_2!$D:$D,'PAGE_1 (2)'!$S$27)) | K28: =IF(SUMIFS(CNXL_SQL_2!$F:$F,CNXL_SQL_2!$A:$A,'PAGE_1 (2)'!$R28,CNXL_SQL_2!$D:$D,'PAGE_1 (2)'!$S$28)=0,"",SUMIFS(CNXL_SQL_2!$F:$F,CNXL_SQL_2!$A:$A,'PAGE_1 (2)'!$R28,CNXL_SQL_2!$D:$D,'PAGE_1 (2)'!$S$28)) | L28: =IF(SUMIFS(CNXL_SQL_2!$F:$F,CNXL_SQL_2!$A:$A,'PAGE_1 (2)'!$R28,CNXL_SQL_2!$D:$D,'PAGE_1 (2)'!$S$29)=0,"",SUMIFS(CNXL_SQL_2!$F:$F,CNXL_SQL_2!$A:$A,'PAGE_1 (2)'!$R28,CNXL_SQL_2!$D:$D,'PAGE_1 (2)'!$S$29)) | M28: =IF(SUM(D28:L28)=0,"",SUM(D28:L28)) | N28: =ES_MATRIX!K10 | O28: =IFERROR(M28-ES_MATRIX!L10,"") | P28: =IF(SUMIF(CNXL_SQL_2!$E:$E,'PAGE_1 (2)'!R28,CNXL_SQL_2!$F:$F)=0,"",SUMIF(CNXL_SQL_2!$E:$E,'PAGE_1 (2)'!R28,CNXL_SQL_2!$F:$F)) | R28: ZW | S28: CATERING OPERATIONS
B29: Total: | C29: =SUM(C21:C28) -> 1705 | D29: =IF(SUM(D21:D28)=0,"",SUM(D21:D28)) -> 11 | E29: =IF(SUM(E21:E28)=0,"",SUM(E21:E28)) | F29: =IF(SUM(F21:F28)=0,"",SUM(F21:F28)) | G29: =IF(SUM(G21:G28)=0,"",SUM(G21:G28)) | H29: =IF(SUM(H21:H28)=0,"",SUM(H21:H28)) | I29: =IF(SUM(I21:I28)=0,"",SUM(I21:I28)) | J29: =IF(SUM(J21:J28)=0,"",SUM(J21:J28)) | K29: =IF(SUM(K21:K28)=0,"",SUM(K21:K28)) | L29: =IF(SUM(L21:L28)=0,"",SUM(L21:L28)) | M29: =SUM(M21:M28) -> 11 | O29: =SUM(O21:O28) -> 11 | P29: =SUM(P21:P28) -> 0 | S29: OTHER
B33: Residual Cancel Detail
B34: Express Partner | C34: Scheduled Departures | D34: Weather & ATC | E34: Technical Operations | F34: Flight Operations | G34: Inflight Services | H34: Airport Operations | I34: Network Operations | J34: IT | K34: Catering Operations | L34: Other | M34: Total Cancels | N34: ES covered for this partner | O34: Net Cancel | P34: ES covered by this partner
B35: EV - ExpressJet | C35: =SUMIF(SCH_DEP_SQL_4!$A:$A,'PAGE_1 (2)'!R21,SCH_DEP_SQL_4!$E:$E) -> 0 | D35: =IF(SUMIFS(RES_CNXL_SQL_3!$F:$F,RES_CNXL_SQL_3!$A:$A,'PAGE_1 (2)'!$R21,RES_CNXL_SQL_3!$D:$D,'PAGE_1 (2)'!$S$21)=0,"",SUMIFS(RES_CNXL_SQL_3!$F:$F,RES_CNXL_SQL_3!$A:$A,'PAGE_1 (2)'!$R21,RES_CNXL_SQL_3!$D:$D,'PAGE_1 (2)'!$S$21)) | E35: =IF(SUMIFS(RES_CNXL_SQL_3!$F:$F,RES_CNXL_SQL_3!$A:$A,'PAGE_1 (2)'!$R21,RES_CNXL_SQL_3!$D:$D,'PAGE_1 (2)'!$S$22)=0,"",SUMIFS(RES_CNXL_SQL_3!$F:$F,RES_CNXL_SQL_3!$A:$A,'PAGE_1 (2)'!$R21,RES_CNXL_SQL_3!$D:$D,'PAGE_1 (2)'!$S$22)) | F35: =IF(SUMIFS(RES_CNXL_SQL_3!$F:$F,RES_CNXL_SQL_3!$A:$A,'PAGE_1 (2)'!$R21,RES_CNXL_SQL_3!$D:$D,'PAGE_1 (2)'!$S$23)=0,"",SUMIFS(RES_CNXL_SQL_3!$F:$F,RES_CNXL_SQL_3!$A:$A,'PAGE_1 (2)'!$R21,RES_CNXL_SQL_3!$D:$D,'PAGE_1 (2)'!$S$23)) | G35: =IF(SUMIFS(RES_CNXL_SQL_3!$F:$F,RES_CNXL_SQL_3!$A:$A,'PAGE_1 (2)'!$R21,RES_CNXL_SQL_3!$D:$D,'PAGE_1 (2)'!$S$24)=0,"",SUMIFS(RES_CNXL_SQL_3!$F:$F,RES_CNXL_SQL_3!$A:$A,'PAGE_1 (2)'!$R21,RES_CNXL_SQL_3!$D:$D,'PAGE_1 (2)'!$S$24)) | H35: =IF(SUMIFS(RES_CNXL_SQL_3!$F:$F,RES_CNXL_SQL_3!$A:$A,'PAGE_1 (2)'!$R21,RES_CNXL_SQL_3!$D:$D,'PAGE_1 (2)'!$S$25)=0,"",SUMIFS(RES_CNXL_SQL_3!$F:$F,RES_CNXL_SQL_3!$A:$A,'PAGE_1 (2)'!$R21,RES_CNXL_SQL_3!$D:$D,'PAGE_1 (2)'!$S$25)) | I35: =IF(SUMIFS(RES_CNXL_SQL_3!$F:$F,RES_CNXL_SQL_3!$A:$A,'PAGE_1 (2)'!$R21,RES_CNXL_SQL_3!$D:$D,'PAGE_1 (2)'!$S$26)=0,"",SUMIFS(RES_CNXL_SQL_3!$F:$F,RES_CNXL_SQL_3!$A:$A,'PAGE_1 (2)'!$R21,RES_CNXL_SQL_3!$D:$D,'PAGE_1 (2)'!$S$26)) | J35: =IF(SUMIFS(RES_CNXL_SQL_3!$F:$F,RES_CNXL_SQL_3!$A:$A,'PAGE_1 (2)'!$R21,RES_CNXL_SQL_3!$D:$D,'PAGE_1 (2)'!$S$27)=0,"",SUMIFS(RES_CNXL_SQL_3!$F:$F,RES_CNXL_SQL_3!$A:$A,'PAGE_1 (2)'!$R21,RES_CNXL_SQL_3!$D:$D,'PAGE_1 (2)'!$S$27)) | K35: =IF(SUMIFS(RES_CNXL_SQL_3!$F:$F,RES_CNXL_SQL_3!$A:$A,'PAGE_1 (2)'!$R21,RES_CNXL_SQL_3!$D:$D,'PAGE_1 (2)'!$S$28)=0,"",SUMIFS(RES_CNXL_SQL_3!$F:$F,RES_CNXL_SQL_3!$A:$A,'PAGE_1 (2)'!$R21,RES_CNXL_SQL_3!$D:$D,'PAGE_1 (2)'!$S$28)) | L35: =IF(SUMIFS(RES_CNXL_SQL_3!$F:$F,RES_CNXL_SQL_3!$A:$A,'PAGE_1 (2)'!$R21,RES_CNXL_SQL_3!$D:$D,'PAGE_1 (2)'!$S$29)=0,"",SUMIFS(RES_CNXL_SQL_3!$F:$F,RES_CNXL_SQL_3!$A:$A,'PAGE_1 (2)'!$R21,RES_CNXL_SQL_3!$D:$D,'PAGE_1 (2)'!$S$29)) | M35: =IF(SUM(D35:L35)=0,"",SUM(D35:L35)) | N35: =ES_MATRIX!K14 | O35: =IFERROR(M35-ES_MATRIX!L14,"") | P35: =IF(SUMIF(RES_CNXL_SQL_3!$E:$E,'PAGE_1 (2)'!R21,RES_CNXL_SQL_3!$F:$F)=0,"",SUMIF(RES_CNXL_SQL_3!$E:$E,'PAGE_1 (2)'!R21,RES_CNXL_SQL_3!$F:$F))
B36: OO - SkyWest | C36: =SUMIF(SCH_DEP_SQL_4!$A:$A,'PAGE_1 (2)'!R22,SCH_DEP_SQL_4!$E:$E) -> 816 | D36: =IF(SUMIFS(RES_CNXL_SQL_3!$F:$F,RES_CNXL_SQL_3!$A:$A,'PAGE_1 (2)'!$R22,RES_CNXL_SQL_3!$D:$D,'PAGE_1 (2)'!$S$21)=0,"",SUMIFS(RES_CNXL_SQL_3!$F:$F,RES_CNXL_SQL_3!$A:$A,'PAGE_1 (2)'!$R22,RES_CNXL_SQL_3!$D:$D,'PAGE_1 (2)'!$S$21)) -> 6 | E36: =IF(SUMIFS(RES_CNXL_SQL_3!$F:$F,RES_CNXL_SQL_3!$A:$A,'PAGE_1 (2)'!$R22,RES_CNXL_SQL_3!$D:$D,'PAGE_1 (2)'!$S$22)=0,"",SUMIFS(RES_CNXL_SQL_3!$F:$F,RES_CNXL_SQL_3!$A:$A,'PAGE_1 (2)'!$R22,RES_CNXL_SQL_3!$D:$D,'PAGE_1 (2)'!$S$22)) | F36: =IF(SUMIFS(RES_CNXL_SQL_3!$F:$F,RES_CNXL_SQL_3!$A:$A,'PAGE_1 (2)'!$R22,RES_CNXL_SQL_3!$D:$D,'PAGE_1 (2)'!$S$23)=0,"",SUMIFS(RES_CNXL_SQL_3!$F:$F,RES_CNXL_SQL_3!$A:$A,'PAGE_1 (2)'!$R22,RES_CNXL_SQL_3!$D:$D,'PAGE_1 (2)'!$S$23)) | G36: =IF(SUMIFS(RES_CNXL_SQL_3!$F:$F,RES_CNXL_SQL_3!$A:$A,'PAGE_1 (2)'!$R22,RES_CNXL_SQL_3!$D:$D,'PAGE_1 (2)'!$S$24)=0,"",SUMIFS(RES_CNXL_SQL_3!$F:$F,RES_CNXL_SQL_3!$A:$A,'PAGE_1 (2)'!$R22,RES_CNXL_SQL_3!$D:$D,'PAGE_1 (2)'!$S$24)) | H36: =IF(SUMIFS(RES_CNXL_SQL_3!$F:$F,RES_CNXL_SQL_3!$A:$A,'PAGE_1 (2)'!$R22,RES_CNXL_SQL_3!$D:$D,'PAGE_1 (2)'!$S$25)=0,"",SUMIFS(RES_CNXL_SQL_3!$F:$F,RES_CNXL_SQL_3!$A:$A,'PAGE_1 (2)'!$R22,RES_CNXL_SQL_3!$D:$D,'PAGE_1 (2)'!$S$25)) | I36: =IF(SUMIFS(RES_CNXL_SQL_3!$F:$F,RES_CNXL_SQL_3!$A:$A,'PAGE_1 (2)'!$R22,RES_CNXL_SQL_3!$D:$D,'PAGE_1 (2)'!$S$26)=0,"",SUMIFS(RES_CNXL_SQL_3!$F:$F,RES_CNXL_SQL_3!$A:$A,'PAGE_1 (2)'!$R22,RES_CNXL_SQL_3!$D:$D,'PAGE_1 (2)'!$S$26)) | J36: =IF(SUMIFS(RES_CNXL_SQL_3!$F:$F,RES_CNXL_SQL_3!$A:$A,'PAGE_1 (2)'!$R22,RES_CNXL_SQL_3!$D:$D,'PAGE_1 (2)'!$S$27)=0,"",SUMIFS(RES_CNXL_SQL_3!$F:$F,RES_CNXL_SQL_3!$A:$A,'PAGE_1 (2)'!$R22,RES_CNXL_SQL_3!$D:$D,'PAGE_1 (2)'!$S$27)) | K36: =IF(SUMIFS(RES_CNXL_SQL_3!$F:$F,RES_CNXL_SQL_3!$A:$A,'PAGE_1 (2)'!$R22,RES_CNXL_SQL_3!$D:$D,'PAGE_1 (2)'!$S$28)=0,"",SUMIFS(RES_CNXL_SQL_3!$F:$F,RES_CNXL_SQL_3!$A:$A,'PAGE_1 (2)'!$R22,RES_CNXL_SQL_3!$D:$D,'PAGE_1 (2)'!$S$28)) | L36: =IF(SUMIFS(RES_CNXL_SQL_3!$F:$F,RES_CNXL_SQL_3!$A:$A,'PAGE_1 (2)'!$R22,RES_CNXL_SQL_3!$D:$D,'PAGE_1 (2)'!$S$29)=0,"",SUMIFS(RES_CNXL_SQL_3!$F:$F,RES_CNXL_SQL_3!$A:$A,'PAGE_1 (2)'!$R22,RES_CNXL_SQL_3!$D:$D,'PAGE_1 (2)'!$S$29)) | M36: =IF(SUM(D36:L36)=0,"",SUM(D36:L36)) -> 6 | N36: =ES_MATRIX!K15 | O36: =IFERROR(M36-ES_MATRIX!L15,"") -> 6 | P36: =IF(SUMIF(RES_CNXL_SQL_3!$E:$E,'PAGE_1 (2)'!R22,RES_CNXL_SQL_3!$F:$F)=0,"",SUMIF(RES_CNXL_SQL_3!$E:$E,'PAGE_1 (2)'!R22,RES_CNXL_SQL_3!$F:$F))
B37: AX - Trans States | C37: =SUMIF(SCH_DEP_SQL_4!$A:$A,'PAGE_1 (2)'!R23,SCH_DEP_SQL_4!$E:$E) -> 0 | D37: =IF(SUMIFS(RES_CNXL_SQL_3!$F:$F,RES_CNXL_SQL_3!$A:$A,'PAGE_1 (2)'!$R23,RES_CNXL_SQL_3!$D:$D,'PAGE_1 (2)'!$S$21)=0,"",SUMIFS(RES_CNXL_SQL_3!$F:$F,RES_CNXL_SQL_3!$A:$A,'PAGE_1 (2)'!$R23,RES_CNXL_SQL_3!$D:$D,'PAGE_1 (2)'!$S$21)) | E37: =IF(SUMIFS(RES_CNXL_SQL_3!$F:$F,RES_CNXL_SQL_3!$A:$A,'PAGE_1 (2)'!$R23,RES_CNXL_SQL_3!$D:$D,'PAGE_1 (2)'!$S$22)=0,"",SUMIFS(RES_CNXL_SQL_3!$F:$F,RES_CNXL_SQL_3!$A:$A,'PAGE_1 (2)'!$R23,RES_CNXL_SQL_3!$D:$D,'PAGE_1 (2)'!$S$22)) | F37: =IF(SUMIFS(RES_CNXL_SQL_3!$F:$F,RES_CNXL_SQL_3!$A:$A,'PAGE_1 (2)'!$R23,RES_CNXL_SQL_3!$D:$D,'PAGE_1 (2)'!$S$23)=0,"",SUMIFS(RES_CNXL_SQL_3!$F:$F,RES_CNXL_SQL_3!$A:$A,'PAGE_1 (2)'!$R23,RES_CNXL_SQL_3!$D:$D,'PAGE_1 (2)'!$S$23)) | G37: =IF(SUMIFS(RES_CNXL_SQL_3!$F:$F,RES_CNXL_SQL_3!$A:$A,'PAGE_1 (2)'!$R23,RES_CNXL_SQL_3!$D:$D,'PAGE_1 (2)'!$S$24)=0,"",SUMIFS(RES_CNXL_SQL_3!$F:$F,RES_CNXL_SQL_3!$A:$A,'PAGE_1 (2)'!$R23,RES_CNXL_SQL_3!$D:$D,'PAGE_1 (2)'!$S$24)) | H37: =IF(SUMIFS(RES_CNXL_SQL_3!$F:$F,RES_CNXL_SQL_3!$A:$A,'PAGE_1 (2)'!$R23,RES_CNXL_SQL_3!$D:$D,'PAGE_1 (2)'!$S$25)=0,"",SUMIFS(RES_CNXL_SQL_3!$F:$F,RES_CNXL_SQL_3!$A:$A,'PAGE_1 (2)'!$R23,RES_CNXL_SQL_3!$D:$D,'PAGE_1 (2)'!$S$25)) | I37: =IF(SUMIFS(RES_CNXL_SQL_3!$F:$F,RES_CNXL_SQL_3!$A:$A,'PAGE_1 (2)'!$R23,RES_CNXL_SQL_3!$D:$D,'PAGE_1 (2)'!$S$26)=0,"",SUMIFS(RES_CNXL_SQL_3!$F:$F,RES_CNXL_SQL_3!$A:$A,'PAGE_1 (2)'!$R23,RES_CNXL_SQL_3!$D:$D,'PAGE_1 (2)'!$S$26)) | J37: =IF(SUMIFS(RES_CNXL_SQL_3!$F:$F,RES_CNXL_SQL_3!$A:$A,'PAGE_1 (2)'!$R23,RES_CNXL_SQL_3!$D:$D,'PAGE_1 (2)'!$S$27)=0,"",SUMIFS(RES_CNXL_SQL_3!$F:$F,RES_CNXL_SQL_3!$A:$A,'PAGE_1 (2)'!$R23,RES_CNXL_SQL_3!$D:$D,'PAGE_1 (2)'!$S$27)) | K37: =IF(SUMIFS(RES_CNXL_SQL_3!$F:$F,RES_CNXL_SQL_3!$A:$A,'PAGE_1 (2)'!$R23,RES_CNXL_SQL_3!$D:$D,'PAGE_1 (2)'!$S$28)=0,"",SUMIFS(RES_CNXL_SQL_3!$F:$F,RES_CNXL_SQL_3!$A:$A,'PAGE_1 (2)'!$R23,RES_CNXL_SQL_3!$D:$D,'PAGE_1 (2)'!$S$28)) | L37: =IF(SUMIFS(RES_CNXL_SQL_3!$F:$F,RES_CNXL_SQL_3!$A:$A,'PAGE_1 (2)'!$R23,RES_CNXL_SQL_3!$D:$D,'PAGE_1 (2)'!$S$29)=0,"",SUMIFS(RES_CNXL_SQL_3!$F:$F,RES_CNXL_SQL_3!$A:$A,'PAGE_1 (2)'!$R23,RES_CNXL_SQL_3!$D:$D,'PAGE_1 (2)'!$S$29)) | M37: =IF(SUM(D37:L37)=0,"",SUM(D37:L37)) | N37: =ES_MATRIX!K16 | O37: =IFERROR(M37-ES_MATRIX!L16,"") | P37: =IF(SUMIF(RES_CNXL_SQL_3!$E:$E,'PAGE_1 (2)'!R23,RES_CNXL_SQL_3!$F:$F)=0,"",SUMIF(RES_CNXL_SQL_3!$E:$E,'PAGE_1 (2)'!R23,RES_CNXL_SQL_3!$F:$F))
B38: YX - Republic | C38: =SUMIF(SCH_DEP_SQL_4!$A:$A,'PAGE_1 (2)'!R24,SCH_DEP_SQL_4!$E:$E) -> 297 | D38: =IF(SUMIFS(RES_CNXL_SQL_3!$F:$F,RES_CNXL_SQL_3!$A:$A,'PAGE_1 (2)'!$R24,RES_CNXL_SQL_3!$D:$D,'PAGE_1 (2)'!$S$21)=0,"",SUMIFS(RES_CNXL_SQL_3!$F:$F,RES_CNXL_SQL_3!$A:$A,'PAGE_1 (2)'!$R24,RES_CNXL_SQL_3!$D:$D,'PAGE_1 (2)'!$S$21)) | E38: =IF(SUMIFS(RES_CNXL_SQL_3!$F:$F,RES_CNXL_SQL_3!$A:$A,'PAGE_1 (2)'!$R24,RES_CNXL_SQL_3!$D:$D,'PAGE_1 (2)'!$S$22)=0,"",SUMIFS(RES_CNXL_SQL_3!$F:$F,RES_CNXL_SQL_3!$A:$A,'PAGE_1 (2)'!$R24,RES_CNXL_SQL_3!$D:$D,'PAGE_1 (2)'!$S$22)) | F38: =IF(SUMIFS(RES_CNXL_SQL_3!$F:$F,RES_CNXL_SQL_3!$A:$A,'PAGE_1 (2)'!$R24,RES_CNXL_SQL_3!$D:$D,'PAGE_1 (2)'!$S$23)=0,"",SUMIFS(RES_CNXL_SQL_3!$F:$F,RES_CNXL_SQL_3!$A:$A,'PAGE_1 (2)'!$R24,RES_CNXL_SQL_3!$D:$D,'PAGE_1 (2)'!$S$23)) | G38: =IF(SUMIFS(RES_CNXL_SQL_3!$F:$F,RES_CNXL_SQL_3!$A:$A,'PAGE_1 (2)'!$R24,RES_CNXL_SQL_3!$D:$D,'PAGE_1 (2)'!$S$24)=0,"",SUMIFS(RES_CNXL_SQL_3!$F:$F,RES_CNXL_SQL_3!$A:$A,'PAGE_1 (2)'!$R24,RES_CNXL_SQL_3!$D:$D,'PAGE_1 (2)'!$S$24)) | H38: =IF(SUMIFS(RES_CNXL_SQL_3!$F:$F,RES_CNXL_SQL_3!$A:$A,'PAGE_1 (2)'!$R24,RES_CNXL_SQL_3!$D:$D,'PAGE_1 (2)'!$S$25)=0,"",SUMIFS(RES_CNXL_SQL_3!$F:$F,RES_CNXL_SQL_3!$A:$A,'PAGE_1 (2)'!$R24,RES_CNXL_SQL_3!$D:$D,'PAGE_1 (2)'!$S$25)) | I38: =IF(SUMIFS(RES_CNXL_SQL_3!$F:$F,RES_CNXL_SQL_3!$A:$A,'PAGE_1 (2)'!$R24,RES_CNXL_SQL_3!$D:$D,'PAGE_1 (2)'!$S$26)=0,"",SUMIFS(RES_CNXL_SQL_3!$F:$F,RES_CNXL_SQL_3!$A:$A,'PAGE_1 (2)'!$R24,RES_CNXL_SQL_3!$D:$D,'PAGE_1 (2)'!$S$26)) | J38: =IF(SUMIFS(RES_CNXL_SQL_3!$F:$F,RES_CNXL_SQL_3!$A:$A,'PAGE_1 (2)'!$R24,RES_CNXL_SQL_3!$D:$D,'PAGE_1 (2)'!$S$27)=0,"",SUMIFS(RES_CNXL_SQL_3!$F:$F,RES_CNXL_SQL_3!$A:$A,'PAGE_1 (2)'!$R24,RES_CNXL_SQL_3!$D:$D,'PAGE_1 (2)'!$S$27)) | K38: =IF(SUMIFS(RES_CNXL_SQL_3!$F:$F,RES_CNXL_SQL_3!$A:$A,'PAGE_1 (2)'!$R24,RES_CNXL_SQL_3!$D:$D,'PAGE_1 (2)'!$S$28)=0,"",SUMIFS(RES_CNXL_SQL_3!$F:$F,RES_CNXL_SQL_3!$A:$A,'PAGE_1 (2)'!$R24,RES_CNXL_SQL_3!$D:$D,'PAGE_1 (2)'!$S$28)) | L38: =IF(SUMIFS(RES_CNXL_SQL_3!$F:$F,RES_CNXL_SQL_3!$A:$A,'PAGE_1 (2)'!$R24,RES_CNXL_SQL_3!$D:$D,'PAGE_1 (2)'!$S$29)=0,"",SUMIFS(RES_CNXL_SQL_3!$F:$F,RES_CNXL_SQL_3!$A:$A,'PAGE_1 (2)'!$R24,RES_CNXL_SQL_3!$D:$D,'PAGE_1 (2)'!$S$29)) | M38: =IF(SUM(D38:L38)=0,"",SUM(D38:L38)) | N38: =ES_MATRIX!K17 | O38: =IFERROR(M38-ES_MATRIX!L17,"") | P38: =IF(SUMIF(RES_CNXL_SQL_3!$E:$E,'PAGE_1 (2)'!R24,RES_CNXL_SQL_3!$F:$F)=0,"",SUMIF(RES_CNXL_SQL_3!$E:$E,'PAGE_1 (2)'!R24,RES_CNXL_SQL_3!$F:$F))
B39: G7 - Go Jet | C39: =SUMIF(SCH_DEP_SQL_4!$A:$A,'PAGE_1 (2)'!R25,SCH_DEP_SQL_4!$E:$E) -> 186 | D39: =IF(SUMIFS(RES_CNXL_SQL_3!$F:$F,RES_CNXL_SQL_3!$A:$A,'PAGE_1 (2)'!$R25,RES_CNXL_SQL_3!$D:$D,'PAGE_1 (2)'!$S$21)=0,"",SUMIFS(RES_CNXL_SQL_3!$F:$F,RES_CNXL_SQL_3!$A:$A,'PAGE_1 (2)'!$R25,RES_CNXL_SQL_3!$D:$D,'PAGE_1 (2)'!$S$21)) | E39: =IF(SUMIFS(RES_CNXL_SQL_3!$F:$F,RES_CNXL_SQL_3!$A:$A,'PAGE_1 (2)'!$R25,RES_CNXL_SQL_3!$D:$D,'PAGE_1 (2)'!$S$22)=0,"",SUMIFS(RES_CNXL_SQL_3!$F:$F,RES_CNXL_SQL_3!$A:$A,'PAGE_1 (2)'!$R25,RES_CNXL_SQL_3!$D:$D,'PAGE_1 (2)'!$S$22)) | F39: =IF(SUMIFS(RES_CNXL_SQL_3!$F:$F,RES_CNXL_SQL_3!$A:$A,'PAGE_1 (2)'!$R25,RES_CNXL_SQL_3!$D:$D,'PAGE_1 (2)'!$S$23)=0,"",SUMIFS(RES_CNXL_SQL_3!$F:$F,RES_CNXL_SQL_3!$A:$A,'PAGE_1 (2)'!$R25,RES_CNXL_SQL_3!$D:$D,'PAGE_1 (2)'!$S$23)) | G39: =IF(SUMIFS(RES_CNXL_SQL_3!$F:$F,RES_CNXL_SQL_3!$A:$A,'PAGE_1 (2)'!$R25,RES_CNXL_SQL_3!$D:$D,'PAGE_1 (2)'!$S$24)=0,"",SUMIFS(RES_CNXL_SQL_3!$F:$F,RES_CNXL_SQL_3!$A:$A,'PAGE_1 (2)'!$R25,RES_CNXL_SQL_3!$D:$D,'PAGE_1 (2)'!$S$24)) | H39: =IF(SUMIFS(RES_CNXL_SQL_3!$F:$F,RES_CNXL_SQL_3!$A:$A,'PAGE_1 (2)'!$R25,RES_CNXL_SQL_3!$D:$D,'PAGE_1 (2)'!$S$25)=0,"",SUMIFS(RES_CNXL_SQL_3!$F:$F,RES_CNXL_SQL_3!$A:$A,'PAGE_1 (2)'!$R25,RES_CNXL_SQL_3!$D:$D,'PAGE_1 (2)'!$S$25)) -> 1 | I39: =IF(SUMIFS(RES_CNXL_SQL_3!$F:$F,RES_CNXL_SQL_3!$A:$A,'PAGE_1 (2)'!$R25,RES_CNXL_SQL_3!$D:$D,'PAGE_1 (2)'!$S$26)=0,"",SUMIFS(RES_CNXL_SQL_3!$F:$F,RES_CNXL_SQL_3!$A:$A,'PAGE_1 (2)'!$R25,RES_CNXL_SQL_3!$D:$D,'PAGE_1 (2)'!$S$26)) | J39: =IF(SUMIFS(RES_CNXL_SQL_3!$F:$F,RES_CNXL_SQL_3!$A:$A,'PAGE_1 (2)'!$R25,RES_CNXL_SQL_3!$D:$D,'PAGE_1 (2)'!$S$27)=0,"",SUMIFS(RES_CNXL_SQL_3!$F:$F,RES_CNXL_SQL_3!$A:$A,'PAGE_1 (2)'!$R25,RES_CNXL_SQL_3!$D:$D,'PAGE_1 (2)'!$S$27)) | K39: =IF(SUMIFS(RES_CNXL_SQL_3!$F:$F,RES_CNXL_SQL_3!$A:$A,'PAGE_1 (2)'!$R25,RES_CNXL_SQL_3!$D:$D,'PAGE_1 (2)'!$S$28)=0,"",SUMIFS(RES_CNXL_SQL_3!$F:$F,RES_CNXL_SQL_3!$A:$A,'PAGE_1 (2)'!$R25,RES_CNXL_SQL_3!$D:$D,'PAGE_1 (2)'!$S$28)) | L39: =IF(SUMIFS(RES_CNXL_SQL_3!$F:$F,RES_CNXL_SQL_3!$A:$A,'PAGE_1 (2)'!$R25,RES_CNXL_SQL_3!$D:$D,'PAGE_1 (2)'!$S$29)=0,"",SUMIFS(RES_CNXL_SQL_3!$F:$F,RES_CNXL_SQL_3!$A:$A,'PAGE_1 (2)'!$R25,RES_CNXL_SQL_3!$D:$D,'PAGE_1 (2)'!$S$29)) | M39: =IF(SUM(D39:L39)=0,"",SUM(D39:L39)) -> 1 | N39: =ES_MATRIX!K18 | O39: =IFERROR(M39-ES_MATRIX!L18,"") -> 1 | P39: =IF(SUMIF(RES_CNXL_SQL_3!$E:$E,'PAGE_1 (2)'!R25,RES_CNXL_SQL_3!$F:$F)=0,"",SUMIF(RES_CNXL_SQL_3!$E:$E,'PAGE_1 (2)'!R25,RES_CNXL_SQL_3!$F:$F))
B40: C5 - CommutAir | C40: =SUMIF(SCH_DEP_SQL_4!$A:$A,'PAGE_1 (2)'!R26,SCH_DEP_SQL_4!$E:$E) -> 193 | D40: =IF(SUMIFS(RES_CNXL_SQL_3!$F:$F,RES_CNXL_SQL_3!$A:$A,'PAGE_1 (2)'!$R26,RES_CNXL_SQL_3!$D:$D,'PAGE_1 (2)'!$S$21)=0,"",SUMIFS(RES_CNXL_SQL_3!$F:$F,RES_CNXL_SQL_3!$A:$A,'PAGE_1 (2)'!$R26,RES_CNXL_SQL_3!$D:$D,'PAGE_1 (2)'!$S$21)) | E40: =IF(SUMIFS(RES_CNXL_SQL_3!$F:$F,RES_CNXL_SQL_3!$A:$A,'PAGE_1 (2)'!$R26,RES_CNXL_SQL_3!$D:$D,'PAGE_1 (2)'!$S$22)=0,"",SUMIFS(RES_CNXL_SQL_3!$F:$F,RES_CNXL_SQL_3!$A:$A,'PAGE_1 (2)'!$R26,RES_CNXL_SQL_3!$D:$D,'PAGE_1 (2)'!$S$22)) | F40: =IF(SUMIFS(RES_CNXL_SQL_3!$F:$F,RES_CNXL_SQL_3!$A:$A,'PAGE_1 (2)'!$R26,RES_CNXL_SQL_3!$D:$D,'PAGE_1 (2)'!$S$23)=0,"",SUMIFS(RES_CNXL_SQL_3!$F:$F,RES_CNXL_SQL_3!$A:$A,'PAGE_1 (2)'!$R26,RES_CNXL_SQL_3!$D:$D,'PAGE_1 (2)'!$S$23)) | G40: =IF(SUMIFS(RES_CNXL_SQL_3!$F:$F,RES_CNXL_SQL_3!$A:$A,'PAGE_1 (2)'!$R26,RES_CNXL_SQL_3!$D:$D,'PAGE_1 (2)'!$S$24)=0,"",SUMIFS(RES_CNXL_SQL_3!$F:$F,RES_CNXL_SQL_3!$A:$A,'PAGE_1 (2)'!$R26,RES_CNXL_SQL_3!$D:$D,'PAGE_1 (2)'!$S$24)) | H40: =IF(SUMIFS(RES_CNXL_SQL_3!$F:$F,RES_CNXL_SQL_3!$A:$A,'PAGE_1 (2)'!$R26,RES_CNXL_SQL_3!$D:$D,'PAGE_1 (2)'!$S$25)=0,"",SUMIFS(RES_CNXL_SQL_3!$F:$F,RES_CNXL_SQL_3!$A:$A,'PAGE_1 (2)'!$R26,RES_CNXL_SQL_3!$D:$D,'PAGE_1 (2)'!$S$25)) | I40: =IF(SUMIFS(RES_CNXL_SQL_3!$F:$F,RES_CNXL_SQL_3!$A:$A,'PAGE_1 (2)'!$R26,RES_CNXL_SQL_3!$D:$D,'PAGE_1 (2)'!$S$26)=0,"",SUMIFS(RES_CNXL_SQL_3!$F:$F,RES_CNXL_SQL_3!$A:$A,'PAGE_1 (2)'!$R26,RES_CNXL_SQL_3!$D:$D,'PAGE_1 (2)'!$S$26)) | J40: =IF(SUMIFS(RES_CNXL_SQL_3!$F:$F,RES_CNXL_SQL_3!$A:$A,'PAGE_1 (2)'!$R26,RES_CNXL_SQL_3!$D:$D,'PAGE_1 (2)'!$S$27)=0,"",SUMIFS(RES_CNXL_SQL_3!$F:$F,RES_CNXL_SQL_3!$A:$A,'PAGE_1 (2)'!$R26,RES_CNXL_SQL_3!$D:$D,'PAGE_1 (2)'!$S$27)) | K40: =IF(SUMIFS(RES_CNXL_SQL_3!$F:$F,RES_CNXL_SQL_3!$A:$A,'PAGE_1 (2)'!$R26,RES_CNXL_SQL_3!$D:$D,'PAGE_1 (2)'!$S$28)=0,"",SUMIFS(RES_CNXL_SQL_3!$F:$F,RES_CNXL_SQL_3!$A:$A,'PAGE_1 (2)'!$R26,RES_CNXL_SQL_3!$D:$D,'PAGE_1 (2)'!$S$28)) | L40: =IF(SUMIFS(RES_CNXL_SQL_3!$F:$F,RES_CNXL_SQL_3!$A:$A,'PAGE_1 (2)'!$R26,RES_CNXL_SQL_3!$D:$D,'PAGE_1 (2)'!$S$29)=0,"",SUMIFS(RES_CNXL_SQL_3!$F:$F,RES_CNXL_SQL_3!$A:$A,'PAGE_1 (2)'!$R26,RES_CNXL_SQL_3!$D:$D,'PAGE_1 (2)'!$S$29)) | M40: =IF(SUM(D40:L40)=0,"",SUM(D40:L40)) | N40: =ES_MATRIX!K19 | O40: =IFERROR(M40-ES_MATRIX!L19,"") | P40: =IF(SUMIF(RES_CNXL_SQL_3!$E:$E,'PAGE_1 (2)'!R26,RES_CNXL_SQL_3!$F:$F)=0,"",SUMIF(RES_CNXL_SQL_3!$E:$E,'PAGE_1 (2)'!R26,RES_CNXL_SQL_3!$F:$F))
B41: YV - Mesa | C41: =SUMIF(SCH_DEP_SQL_4!$A:$A,'PAGE_1 (2)'!R27,SCH_DEP_SQL_4!$E:$E) -> 213 | D41: =IF(SUMIFS(RES_CNXL_SQL_3!$F:$F,RES_CNXL_SQL_3!$A:$A,'PAGE_1 (2)'!$R27,RES_CNXL_SQL_3!$D:$D,'PAGE_1 (2)'!$S$21)=0,"",SUMIFS(RES_CNXL_SQL_3!$F:$F,RES_CNXL_SQL_3!$A:$A,'PAGE_1 (2)'!$R27,RES_CNXL_SQL_3!$D:$D,'PAGE_1 (2)'!$S$21)) | E41: =IF(SUMIFS(RES_CNXL_SQL_3!$F:$F,RES_CNXL_SQL_3!$A:$A,'PAGE_1 (2)'!$R27,RES_CNXL_SQL_3!$D:$D,'PAGE_1 (2)'!$S$22)=0,"",SUMIFS(RES_CNXL_SQL_3!$F:$F,RES_CNXL_SQL_3!$A:$A,'PAGE_1 (2)'!$R27,RES_CNXL_SQL_3!$D:$D,'PAGE_1 (2)'!$S$22)) | F41: =IF(SUMIFS(RES_CNXL_SQL_3!$F:$F,RES_CNXL_SQL_3!$A:$A,'PAGE_1 (2)'!$R27,RES_CNXL_SQL_3!$D:$D,'PAGE_1 (2)'!$S$23)=0,"",SUMIFS(RES_CNXL_SQL_3!$F:$F,RES_CNXL_SQL_3!$A:$A,'PAGE_1 (2)'!$R27,RES_CNXL_SQL_3!$D:$D,'PAGE_1 (2)'!$S$23)) | G41: =IF(SUMIFS(RES_CNXL_SQL_3!$F:$F,RES_CNXL_SQL_3!$A:$A,'PAGE_1 (2)'!$R27,RES_CNXL_SQL_3!$D:$D,'PAGE_1 (2)'!$S$24)=0,"",SUMIFS(RES_CNXL_SQL_3!$F:$F,RES_CNXL_SQL_3!$A:$A,'PAGE_1 (2)'!$R27,RES_CNXL_SQL_3!$D:$D,'PAGE_1 (2)'!$S$24)) | H41: =IF(SUMIFS(RES_CNXL_SQL_3!$F:$F,RES_CNXL_SQL_3!$A:$A,'PAGE_1 (2)'!$R27,RES_CNXL_SQL_3!$D:$D,'PAGE_1 (2)'!$S$25)=0,"",SUMIFS(RES_CNXL_SQL_3!$F:$F,RES_CNXL_SQL_3!$A:$A,'PAGE_1 (2)'!$R27,RES_CNXL_SQL_3!$D:$D,'PAGE_1 (2)'!$S$25)) | I41: =IF(SUMIFS(RES_CNXL_SQL_3!$F:$F,RES_CNXL_SQL_3!$A:$A,'PAGE_1 (2)'!$R27,RES_CNXL_SQL_3!$D:$D,'PAGE_1 (2)'!$S$26)=0,"",SUMIFS(RES_CNXL_SQL_3!$F:$F,RES_CNXL_SQL_3!$A:$A,'PAGE_1 (2)'!$R27,RES_CNXL_SQL_3!$D:$D,'PAGE_1 (2)'!$S$26)) | J41: =IF(SUMIFS(RES_CNXL_SQL_3!$F:$F,RES_CNXL_SQL_3!$A:$A,'PAGE_1 (2)'!$R27,RES_CNXL_SQL_3!$D:$D,'PAGE_1 (2)'!$S$27)=0,"",SUMIFS(RES_CNXL_SQL_3!$F:$F,RES_CNXL_SQL_3!$A:$A,'PAGE_1 (2)'!$R27,RES_CNXL_SQL_3!$D:$D,'PAGE_1 (2)'!$S$27)) | K41: =IF(SUMIFS(RES_CNXL_SQL_3!$F:$F,RES_CNXL_SQL_3!$A:$A,'PAGE_1 (2)'!$R27,RES_CNXL_SQL_3!$D:$D,'PAGE_1 (2)'!$S$28)=0,"",SUMIFS(RES_CNXL_SQL_3!$F:$F,RES_CNXL_SQL_3!$A:$A,'PAGE_1 (2)'!$R27,RES_CNXL_SQL_3!$D:$D,'PAGE_1 (2)'!$S$28)) | L41: =IF(SUMIFS(RES_CNXL_SQL_3!$F:$F,RES_CNXL_SQL_3!$A:$A,'PAGE_1 (2)'!$R27,RES_CNXL_SQL_3!$D:$D,'PAGE_1 (2)'!$S$29)=0,"",SUMIFS(RES_CNXL_SQL_3!$F:$F,RES_CNXL_SQL_3!$A:$A,'PAGE_1 (2)'!$R27,RES_CNXL_SQL_3!$D:$D,'PAGE_1 (2)'!$S$29)) | M41: =IF(SUM(D41:L41)=0,"",SUM(D41:L41)) | N41: =ES_MATRIX!K20 | O41: =IFERROR(M41-ES_MATRIX!L20,"") | P41: =IF(SUMIF(RES_CNXL_SQL_3!$E:$E,'PAGE_1 (2)'!R27,RES_CNXL_SQL_3!$F:$F)=0,"",SUMIF(RES_CNXL_SQL_3!$E:$E,'PAGE_1 (2)'!R27,RES_CNXL_SQL_3!$F:$F))
B42: ZW - Air Wisconsin | C42: =SUMIF(SCH_DEP_SQL_4!$A:$A,'PAGE_1 (2)'!R28,SCH_DEP_SQL_4!$E:$E) -> 0 | D42: =IF(SUMIFS(RES_CNXL_SQL_3!$F:$F,RES_CNXL_SQL_3!$A:$A,'PAGE_1 (2)'!$R28,RES_CNXL_SQL_3!$D:$D,'PAGE_1 (2)'!$S$21)=0,"",SUMIFS(RES_CNXL_SQL_3!$F:$F,RES_CNXL_SQL_3!$A:$A,'PAGE_1 (2)'!$R28,RES_CNXL_SQL_3!$D:$D,'PAGE_1 (2)'!$S$21)) | E42: =IF(SUMIFS(RES_CNXL_SQL_3!$F:$F,RES_CNXL_SQL_3!$A:$A,'PAGE_1 (2)'!$R28,RES_CNXL_SQL_3!$D:$D,'PAGE_1 (2)'!$S$22)=0,"",SUMIFS(RES_CNXL_SQL_3!$F:$F,RES_CNXL_SQL_3!$A:$A,'PAGE_1 (2)'!$R28,RES_CNXL_SQL_3!$D:$D,'PAGE_1 (2)'!$S$22)) | F42: =IF(SUMIFS(RES_CNXL_SQL_3!$F:$F,RES_CNXL_SQL_3!$A:$A,'PAGE_1 (2)'!$R28,RES_CNXL_SQL_3!$D:$D,'PAGE_1 (2)'!$S$23)=0,"",SUMIFS(RES_CNXL_SQL_3!$F:$F,RES_CNXL_SQL_3!$A:$A,'PAGE_1 (2)'!$R28,RES_CNXL_SQL_3!$D:$D,'PAGE_1 (2)'!$S$23)) | G42: =IF(SUMIFS(RES_CNXL_SQL_3!$F:$F,RES_CNXL_SQL_3!$A:$A,'PAGE_1 (2)'!$R28,RES_CNXL_SQL_3!$D:$D,'PAGE_1 (2)'!$S$24)=0,"",SUMIFS(RES_CNXL_SQL_3!$F:$F,RES_CNXL_SQL_3!$A:$A,'PAGE_1 (2)'!$R28,RES_CNXL_SQL_3!$D:$D,'PAGE_1 (2)'!$S$24)) | H42: =IF(SUMIFS(RES_CNXL_SQL_3!$F:$F,RES_CNXL_SQL_3!$A:$A,'PAGE_1 (2)'!$R28,RES_CNXL_SQL_3!$D:$D,'PAGE_1 (2)'!$S$25)=0,"",SUMIFS(RES_CNXL_SQL_3!$F:$F,RES_CNXL_SQL_3!$A:$A,'PAGE_1 (2)'!$R28,RES_CNXL_SQL_3!$D:$D,'PAGE_1 (2)'!$S$25)) | I42: =IF(SUMIFS(RES_CNXL_SQL_3!$F:$F,RES_CNXL_SQL_3!$A:$A,'PAGE_1 (2)'!$R28,RES_CNXL_SQL_3!$D:$D,'PAGE_1 (2)'!$S$26)=0,"",SUMIFS(RES_CNXL_SQL_3!$F:$F,RES_CNXL_SQL_3!$A:$A,'PAGE_1 (2)'!$R28,RES_CNXL_SQL_3!$D:$D,'PAGE_1 (2)'!$S$26)) | J42: =IF(SUMIFS(RES_CNXL_SQL_3!$F:$F,RES_CNXL_SQL_3!$A:$A,'PAGE_1 (2)'!$R28,RES_CNXL_SQL_3!$D:$D,'PAGE_1 (2)'!$S$27)=0,"",SUMIFS(RES_CNXL_SQL_3!$F:$F,RES_CNXL_SQL_3!$A:$A,'PAGE_1 (2)'!$R28,RES_CNXL_SQL_3!$D:$D,'PAGE_1 (2)'!$S$27)) | K42: =IF(SUMIFS(RES_CNXL_SQL_3!$F:$F,RES_CNXL_SQL_3!$A:$A,'PAGE_1 (2)'!$R28,RES_CNXL_SQL_3!$D:$D,'PAGE_1 (2)'!$S$28)=0,"",SUMIFS(RES_CNXL_SQL_3!$F:$F,RES_CNXL_SQL_3!$A:$A,'PAGE_1 (2)'!$R28,RES_CNXL_SQL_3!$D:$D,'PAGE_1 (2)'!$S$28)) | L42: =IF(SUMIFS(RES_CNXL_SQL_3!$F:$F,RES_CNXL_SQL_3!$A:$A,'PAGE_1 (2)'!$R28,RES_CNXL_SQL_3!$D:$D,'PAGE_1 (2)'!$S$29)=0,"",SUMIFS(RES_CNXL_SQL_3!$F:$F,RES_CNXL_SQL_3!$A:$A,'PAGE_1 (2)'!$R28,RES_CNXL_SQL_3!$D:$D,'PAGE_1 (2)'!$S$29)) | M42: =IF(SUM(D42:L42)=0,"",SUM(D42:L42)) | N42: =ES_MATRIX!K21 | O42: =IFERROR(M42-ES_MATRIX!L21,"") | P42: =IF(SUMIF(RES_CNXL_SQL_3!$E:$E,'PAGE_1 (2)'!R28,RES_CNXL_SQL_3!$F:$F)=0,"",SUMIF(RES_CNXL_SQL_3!$E:$E,'PAGE_1 (2)'!R28,RES_CNXL_SQL_3!$F:$F))
B43: Total: | C43: =SUM(C35:C42) -> 1705 | D43: =IF(SUM(D35:D42)=0,"",SUM(D35:D42)) -> 6 | E43: =IF(SUM(E35:E42)=0,"",SUM(E35:E42)) | F43: =IF(SUM(F35:F42)=0,"",SUM(F35:F42)) | G43: =IF(SUM(G35:G42)=0,"",SUM(G35:G42)) | H43: =IF(SUM(H35:H42)=0,"",SUM(H35:H42)) -> 1 | I43: =IF(SUM(I35:I42)=0,"",SUM(I35:I42)) | J43: =IF(SUM(J35:J42)=0,"",SUM(J35:J42)) | K43: =IF(SUM(K35:K42)=0,"",SUM(K35:K42)) | L43: =IF(SUM(L35:L42)=0,"",SUM(L35:L42)) | M43: =SUM(M35:M42) -> 7 | O43: =SUM(O35:O42) -> 7 | P43: =SUM(P35:P42) -> 0

Sheet PAGE_1 (4)
B2: UAX Daily Snapshot for | D2: =TODAY()-1 -> 45644
B4: Reliability Snapshot - SYS
B5: Metric | C5: =TODAY()-1 -> 45644 | D5: MTD | E5: Goal | F5: DL Diff. | G5: AA Diff. | H5: Rank
B6: Completion | C6: =UA_SQL_1!N2/UA_SQL_1!M2 -> 852.5 | D6: =UA_SQL_1!F2/UA_SQL_1!E2 -> 0.0040492958 | E6: =SUMIF(EX_Goals!$B:$B,'PAGE_1 (4)'!#REF!,EX_Goals!$E:$E) -> 0 | F6: =((UA_SQL_1!$N$2/UA_SQL_1!$M$2)-(SUMIF(OA_SQL_1!$A$1:$A$3,"DL",OA_SQL_1!$K$1:$K$3)/SUMIF(OA_SQL_1!$A$1:$A$3,"DL",OA_SQL_1!$I$1:$I$3)))*100 -> 85218.586 | G6: =((UA_SQL_1!$N$2/UA_SQL_1!$M$2)-(SUMIF(OA_SQL_1!$A$1:$A$3,"AA",OA_SQL_1!$K$1:$K$3)/SUMIF(OA_SQL_1!$A$1:$A$3,"AA",OA_SQL_1!$I$1:$I$3)))*100 -> 85221.573 | H6: =RANK!F2 -> 3
B7: A:00 | C7: =UA_SQL_1!Q2/UA_SQL_1!M2 -> 665.5 | D7: =UA_SQL_1!I2/UA_SQL_1!E2 -> 0.6415493 | E7: =SUMIF(EX_Goals!$B:$B,'PAGE_1 (4)'!#REF!,EX_Goals!$D:$D) -> 0 | F7: =((UA_SQL_1!$Q$2/UA_SQL_1!$M$2)-(SUMIF(OA_SQL_1!$A$1:$A$3,"DL",OA_SQL_1!$L$1:$L$3)/SUMIF(OA_SQL_1!$A$1:$A$3,"DL",OA_SQL_1!$I$1:$I$3)))*100 -> 66504.526 | G7: =((UA_SQL_1!$Q$2/UA_SQL_1!$M$2)-(SUMIF(OA_SQL_1!$A$1:$A$3,"AA",OA_SQL_1!$L$1:$L$3)/SUMIF(OA_SQL_1!$A$1:$A$3,"AA",OA_SQL_1!$I$1:$I$3)))*100 -> 66511.17 | H7: =RANK!F3 -> 1
B8: CS D:00 | C8: =UA_SQL_1!P2/UA_SQL_1!M2 -> 648.5 | D8: =UA_SQL_1!H2/UA_SQL_1!E2 -> 0.71795775 | E8: =SUMIF(EX_Goals!$B:$B,'PAGE_1 (4)'!#REF!,EX_Goals!$C:$C) -> 0 | F8: =((UA_SQL_1!$P$2/UA_SQL_1!$M$2)-(SUMIF(OA_SQL_1!$A$1:$A$3,"DL",OA_SQL_1!$J$1:$J$3)/SUMIF(OA_SQL_1!$A$1:$A$3,"DL",OA_SQL_1!$I$1:$I$3)))*100 -> 64804.124 | G8: =((UA_SQL_1!$P$2/UA_SQL_1!$M$2)-(SUMIF(OA_SQL_1!$A$1:$A$3,"AA",OA_SQL_1!$J$1:$J$3)/SUMIF(OA_SQL_1!$A$1:$A$3,"AA",OA_SQL_1!$I$1:$I$3)))*100 -> 64811.156 | H8: =RANK!F4 -> 1
B9: D:00 | C9: =UA_SQL_1!O2/UA_SQL_1!M2 -> 5.5 | D9: =UA_SQL_1!G2/UA_SQL_1!E2 -> 0.6943662 | E9: =SUMIF(EX_Goals!$B:$B,'PAGE_1 (4)'!#REF!,EX_Goals!$C:$C) -> 0
B10: STAR D:00 | C10: =UA_SQL_1!S2/UA_SQL_1!R2 -> 1.1911403 | D10: =UA_SQL_1!K2/UA_SQL_1!J2 -> 0.19176262 | E10: =SUMIF(EX_Goals!$B:$B,'PAGE_1 (4)'!#REF!,EX_Goals!$F:$F) -> 0
B11: Controllable Completion | C11: =(UA_SQL_1!M2-UA_SQL_1!T2)/UA_SQL_1!M2 -> -135.5 | D11: =(UA_SQL_1!E2-UA_SQL_1!L2)/UA_SQL_1!E2 -> 0.87552817 | E11: =SUMIF(EX_Goals!$B:$B,'PAGE_1 (4)'!#REF!,EX_Goals!$G:$G) -> 0
B12: Total diverts | C12: =SUMIFS(TOTAL_DIVERTS_SQL_5!$B:$B,TOTAL_DIVERTS_SQL_5!A:A,"YEST") -> 3 | D12: =SUMIFS(TOTAL_DIVERTS_SQL_5!$B:$B,TOTAL_DIVERTS_SQL_5!A:A,"MTD") -> 9
B13: Diverts recovered | C13: =SUMIF(DIVERTS_RECOVERED_SQL_6!$A:$A,"YEST",DIVERTS_RECOVERED_SQL_6!$C:$C) -> 1 | D13: =SUMIF(DIVERTS_RECOVERED_SQL_6!$A:$A,"MTD",DIVERTS_RECOVERED_SQL_6!$C:$C) -> 6
B16: Reliability Snapshot - Hubs
B17: Market | C17: D:00 | D17: CS D:00 | E17: DL Diff. | F17: AA Diff. | G17: Rank | H17: Completion | I17: DL Diff. | J17: AA Diff. | K17: Rank
B18: Denver | C18: =SUMIFS(UA_HUB_SQL_7!J:J,UA_HUB_SQL_7!$B:$B,'PAGE_1 (4)'!B18)/SUMIFS(UA_HUB_SQL_7!$F:$F,UA_HUB_SQL_7!$B:$B,'PAGE_1 (4)'!B18) -> 0.88 | D18: =SUMIFS(UA_HUB_SQL_7!K:K,UA_HUB_SQL_7!B:B,'PAGE_1 (4)'!B18)/SUMIFS(UA_HUB_SQL_7!F:F,UA_HUB_SQL_7!B:B,'PAGE_1 (4)'!B18) -> 0.89142857 | E18: - | G18: - | H18: =SUMIFS(UA_HUB_SQL_7!G:G,UA_HUB_SQL_7!$B:$B,'PAGE_1 (4)'!B18)/SUMIFS(UA_HUB_SQL_7!$F:$F,UA_HUB_SQL_7!$B:$B,'PAGE_1 (4)'!B18) -> 0.0057142857 | I18: - | J18: - | K18: -
B19: New York | C19: =SUMIFS(UA_HUB_SQL_7!J:J,UA_HUB_SQL_7!$B:$B,'PAGE_1 (4)'!B19)/SUMIFS(UA_HUB_SQL_7!$F:$F,UA_HUB_SQL_7!$B:$B,'PAGE_1 (4)'!B19) -> 0.78070175 | D19: =SUMIFS(UA_HUB_SQL_7!K:K,UA_HUB_SQL_7!B:B,'PAGE_1 (4)'!B19)/SUMIFS(UA_HUB_SQL_7!F:F,UA_HUB_SQL_7!B:B,'PAGE_1 (4)'!B19) -> 0.81578947 | E19: DL - 0.7 AA - (8.0) | G19: =RANK!F9 -> 1 | H19: =SUMIFS(UA_HUB_SQL_7!G:G,UA_HUB_SQL_7!$B:$B,'PAGE_1 (4)'!B19)/SUMIFS(UA_HUB_SQL_7!$F:$F,UA_HUB_SQL_7!$B:$B,'PAGE_1 (4)'!B19) -> 0 | I19: =IFERROR(((SUMIFS(UA_HUB_SQL_7!$G:$G,UA_HUB_SQL_7!$B:$B,'PAGE_1 (4)'!B19)/SUMIFS(UA_HUB_SQL_7!$F:$F,UA_HUB_SQL_7!$B:$B,'PAGE_1 (4)'!B19))-(SUMIFS(OA_SQL_2!$L:$L,OA_SQL_2!$A:$A,'PAGE_1 (4)'!B19,OA_SQL_2!$B:$B,"DL")/SUMIFS(OA_SQL_2!$J:$J,OA_SQL_2!$A:$A,'PAGE_1 (4)'!B19,OA_SQL_2!$B:$B,"DL")))*100,"-") -> -100 | J19: =IFERROR(((SUMIFS(UA_HUB_SQL_7!$G:$G,UA_HUB_SQL_7!$B:$B,'PAGE_1 (4)'!B19)/SUMIFS(UA_HUB_SQL_7!$F:$F,UA_HUB_SQL_7!$B:$B,'PAGE_1 (4)'!B19))-(SUMIFS(OA_SQL_2!$L:$L,OA_SQL_2!$A:$A,'PAGE_1 (4)'!B19,OA_SQL_2!$B:$B,"AA")/SUMIFS(OA_SQL_2!$J:$J,OA_SQL_2!$A:$A,'PAGE_1 (4)'!B19,OA_SQL_2!$B:$B,"AA")))*100,"-") -> -100 | K19: =RANK!F20 -> 1
B20: Washington DC | C20: =SUMIFS(UA_HUB_SQL_7!J:J,UA_HUB_SQL_7!$B:$B,'PAGE_1 (4)'!B20)/SUMIFS(UA_HUB_SQL_7!$F:$F,UA_HUB_SQL_7!$B:$B,'PAGE_1 (4)'!B20) -> 0.73228346 | D20: =SUMIFS(UA_HUB_SQL_7!K:K,UA_HUB_SQL_7!B:B,'PAGE_1 (4)'!B20)/SUMIFS(UA_HUB_SQL_7!F:F,UA_HUB_SQL_7!B:B,'PAGE_1 (4)'!B20) -> 0.77952756 | E20: DL - 0.7 AA - (8.0) | G20: =RANK!F10 -> 1 | H20: =SUMIFS(UA_HUB_SQL_7!G:G,UA_HUB_SQL_7!$B:$B,'PAGE_1 (4)'!B20)/SUMIFS(UA_HUB_SQL_7!$F:$F,UA_HUB_SQL_7!$B:$B,'PAGE_1 (4)'!B20) -> 0 | I20: =IFERROR(((SUMIFS(UA_HUB_SQL_7!$G:$G,UA_HUB_SQL_7!$B:$B,'PAGE_1 (4)'!B20)/SUMIFS(UA_HUB_SQL_7!$F:$F,UA_HUB_SQL_7!$B:$B,'PAGE_1 (4)'!B20))-(SUMIFS(OA_SQL_2!$L:$L,OA_SQL_2!$A:$A,'PAGE_1 (4)'!B20,OA_SQL_2!$B:$B,"DL")/SUMIFS(OA_SQL_2!$J:$J,OA_SQL_2!$A:$A,'PAGE_1 (4)'!B20,OA_SQL_2!$B:$B,"DL")))*100,"-") -> -100 | J20: =IFERROR(((SUMIFS(UA_HUB_SQL_7!$G:$G,UA_HUB_SQL_7!$B:$B,'PAGE_1 (4)'!B20)/SUMIFS(UA_HUB_SQL_7!$F:$F,UA_HUB_SQL_7!$B:$B,'PAGE_1 (4)'!B20))-(SUMIFS(OA_SQL_2!$L:$L,OA_SQL_2!$A:$A,'PAGE_1 (4)'!B20,OA_SQL_2!$B:$B,"AA")/SUMIFS(OA_SQL_2!$J:$J,OA_SQL_2!$A:$A,'PAGE_1 (4)'!B20,OA_SQL_2!$B:$B,"AA")))*100,"-") -> -100 | K20: =RANK!F21 -> 1
B21: Texas | C21: =SUMIFS(UA_HUB_SQL_7!J:J,UA_HUB_SQL_7!$B:$B,'PAGE_1 (4)'!B21)/SUMIFS(UA_HUB_SQL_7!$F:$F,UA_HUB_SQL_7!$B:$B,'PAGE_1 (4)'!B21) -> 0.74251497 | D21: =SUMIFS(UA_HUB_SQL_7!K:K,UA_HUB_SQL_7!B:B,'PAGE_1 (4)'!B21)/SUMIFS(UA_HUB_SQL_7!F:F,UA_HUB_SQL_7!B:B,'PAGE_1 (4)'!B21) -> 0.76047904 | E21: AA - (8.0) | G21: =RANK!F11 -> 2 | H21: =SUMIFS(UA_HUB_SQL_7!G:G,UA_HUB_SQL_7!$B:$B,'PAGE_1 (4)'!B21)/SUMIFS(UA_HUB_SQL_7!$F:$F,UA_HUB_SQL_7!$B:$B,'PAGE_1 (4)'!B21) -> 0 | I21: - | J21: =IFERROR(((SUMIFS(UA_HUB_SQL_7!$G:$G,UA_HUB_SQL_7!$B:$B,'PAGE_1 (4)'!B21)/SUMIFS(UA_HUB_SQL_7!$F:$F,UA_HUB_SQL_7!$B:$B,'PAGE_1 (4)'!B21))-(SUMIFS(OA_SQL_2!$L:$L,OA_SQL_2!$A:$A,'PAGE_1 (4)'!B21,OA_SQL_2!$B:$B,"AA")/SUMIFS(OA_SQL_2!$J:$J,OA_SQL_2!$A:$A,'PAGE_1 (4)'!B21,OA_SQL_2!$B:$B,"AA")))*100,"-") -> -100 | K21: =RANK!F22 -> 1
B22: Los Angeles | C22: =SUMIFS(UA_HUB_SQL_7!J:J,UA_HUB_SQL_7!$B:$B,'PAGE_1 (4)'!B22)/SUMIFS(UA_HUB_SQL_7!$F:$F,UA_HUB_SQL_7!$B:$B,'PAGE_1 (4)'!B22) -> 0.55172414 | D22: =SUMIFS(UA_HUB_SQL_7!K:K,UA_HUB_SQL_7!B:B,'PAGE_1 (4)'!B22)/SUMIFS(UA_HUB_SQL_7!F:F,UA_HUB_SQL_7!B:B,'PAGE_1 (4)'!B22) -> 0.5862069 | E22: DL - 0.7 AA - (8.0) | G22: =RANK!F12 -> 3 | H22: =SUMIFS(UA_HUB_SQL_7!G:G,UA_HUB_SQL_7!$B:$B,'PAGE_1 (4)'!B22)/SUMIFS(UA_HUB_SQL_7!$F:$F,UA_HUB_SQL_7!$B:$B,'PAGE_1 (4)'!B22) -> 0.034482759 | I22: =IFERROR(((SUMIFS(UA_HUB_SQL_7!$G:$G,UA_HUB_SQL_7!$B:$B,'PAGE_1 (4)'!B22)/SUMIFS(UA_HUB_SQL_7!$F:$F,UA_HUB_SQL_7!$B:$B,'PAGE_1 (4)'!B22))-(SUMIFS(OA_SQL_2!$L:$L,OA_SQL_2!$A:$A,'PAGE_1 (4)'!B22,OA_SQL_2!$B:$B,"DL")/SUMIFS(OA_SQL_2!$J:$J,OA_SQL_2!$A:$A,'PAGE_1 (4)'!B22,OA_SQL_2!$B:$B,"DL")))*100,"-") -> -93.521421 | J22: =IFERROR(((SUMIFS(UA_HUB_SQL_7!$G:$G,UA_HUB_SQL_7!$B:$B,'PAGE_1 (4)'!B22)/SUMIFS(UA_HUB_SQL_7!$F:$F,UA_HUB_SQL_7!$B:$B,'PAGE_1 (4)'!B22))-(SUMIFS(OA_SQL_2!$L:$L,OA_SQL_2!$A:$A,'PAGE_1 (4)'!B22,OA_SQL_2!$B:$B,"AA")/SUMIFS(OA_SQL_2!$J:$J,OA_SQL_2!$A:$A,'PAGE_1 (4)'!B22,OA_SQL_2!$B:$B,"AA")))*100,"-") -> -96.551724 | K22: =RANK!F23 -> 3
B23: Chicago | C23: =SUMIFS(UA_HUB_SQL_7!J:J,UA_HUB_SQL_7!$B:$B,'PAGE_1 (4)'!B23)/SUMIFS(UA_HUB_SQL_7!$F:$F,UA_HUB_SQL_7!$B:$B,'PAGE_1 (4)'!B23) -> 0.59615385 | D23: =SUMIFS(UA_HUB_SQL_7!K:K,UA_HUB_SQL_7!B:B,'PAGE_1 (4)'!B23)/SUMIFS(UA_HUB_SQL_7!F:F,UA_HUB_SQL_7!B:B,'PAGE_1 (4)'!B23) -> 0.67307692 | E23: AA - (8.0) | G23: =RANK!F13 -> 2 | H23: =SUMIFS(UA_HUB_SQL_7!G:G,UA_HUB_SQL_7!$B:$B,'PAGE_1 (4)'!B23)/SUMIFS(UA_HUB_SQL_7!$F:$F,UA_HUB_SQL_7!$B:$B,'PAGE_1 (4)'!B23) -> 0 | I23: - | J23: =IFERROR(((SUMIFS(UA_HUB_SQL_7!$G:$G,UA_HUB_SQL_7!$B:$B,'PAGE_1 (4)'!B23)/SUMIFS(UA_HUB_SQL_7!$F:$F,UA_HUB_SQL_7!$B:$B,'PAGE_1 (4)'!B23))-(SUMIFS(OA_SQL_2!$L:$L,OA_SQL_2!$A:$A,'PAGE_1 (4)'!B23,OA_SQL_2!$B:$B,"AA")/SUMIFS(OA_SQL_2!$J:$J,OA_SQL_2!$A:$A,'PAGE_1 (4)'!B23,OA_SQL_2!$B:$B,"AA")))*100,"-") -> -100 | K23: =RANK!F24 -> 1
B24: San Francisco | C24: =SUMIFS(UA_HUB_SQL_7!J:J,UA_HUB_SQL_7!$B:$B,'PAGE_1 (4)'!B24)/SUMIFS(UA_HUB_SQL_7!$F:$F,UA_HUB_SQL_7!$B:$B,'PAGE_1 (4)'!B24) -> 0.61016949 | D24: =SUMIFS(UA_HUB_SQL_7!K:K,UA_HUB_SQL_7!B:B,'PAGE_1 (4)'!B24)/SUMIFS(UA_HUB_SQL_7!F:F,UA_HUB_SQL_7!B:B,'PAGE_1 (4)'!B24) -> 0.6440678 | E24: AS - (8.0) | G24: - | H24: =SUMIFS(UA_HUB_SQL_7!G:G,UA_HUB_SQL_7!$B:$B,'PAGE_1 (4)'!B24)/SUMIFS(UA_HUB_SQL_7!$F:$F,UA_HUB_SQL_7!$B:$B,'PAGE_1 (4)'!B24) -> 0.084745763 | I24: - | J24: - | K24: -
B27: Cancel Detail
B28: Express Partner | C28: Scheduled Departures | D28: Weather & ATC | E28: Technical Operations | F28: Flight Operations | G28: Inflight Services | H28: Airport Operations | I28: Network Operations | J28: IT | K28: Catering Operations | L28: Other | M28: Total Cancels | N28: ES covered for this partner | O28: Net Cancel | P28: ES covered by this partner
B29: EV - ExpressJet | C29: =SUMIF(SCH_DEP_SQL_4!$A:$A,'PAGE_1 (4)'!R29,SCH_DEP_SQL_4!$E:$E) -> 0 | D29: =IF(SUMIFS(CNXL_SQL_2!$F:$F,CNXL_SQL_2!$A:$A,'PAGE_1 (4)'!$R29,CNXL_SQL_2!$D:$D,'PAGE_1 (4)'!$S$29)=0,"",SUMIFS(CNXL_SQL_2!$F:$F,CNXL_SQL_2!$A:$A,'PAGE_1 (4)'!$R29,CNXL_SQL_2!$D:$D,'PAGE_1 (4)'!$S$29)) | E29: =IF(SUMIFS(CNXL_SQL_2!$F:$F,CNXL_SQL_2!$A:$A,'PAGE_1 (4)'!$R29,CNXL_SQL_2!$D:$D,'PAGE_1 (4)'!$S$30)=0,"",SUMIFS(CNXL_SQL_2!$F:$F,CNXL_SQL_2!$A:$A,'PAGE_1 (4)'!$R29,CNXL_SQL_2!$D:$D,'PAGE_1 (4)'!$S$30)) | F29: =IF(SUMIFS(CNXL_SQL_2!$F:$F,CNXL_SQL_2!$A:$A,'PAGE_1 (4)'!$R29,CNXL_SQL_2!$D:$D,'PAGE_1 (4)'!$S$31)=0,"",SUMIFS(CNXL_SQL_2!$F:$F,CNXL_SQL_2!$A:$A,'PAGE_1 (4)'!$R29,CNXL_SQL_2!$D:$D,'PAGE_1 (4)'!$S$31)) | G29: =IF(SUMIFS(CNXL_SQL_2!$F:$F,CNXL_SQL_2!$A:$A,'PAGE_1 (4)'!$R29,CNXL_SQL_2!$D:$D,'PAGE_1 (4)'!$S$32)=0,"",SUMIFS(CNXL_SQL_2!$F:$F,CNXL_SQL_2!$A:$A,'PAGE_1 (4)'!$R29,CNXL_SQL_2!$D:$D,'PAGE_1 (4)'!$S$32)) | H29: =IF(SUMIFS(CNXL_SQL_2!$F:$F,CNXL_SQL_2!$A:$A,'PAGE_1 (4)'!$R29,CNXL_SQL_2!$D:$D,'PAGE_1 (4)'!$S$33)=0,"",SUMIFS(CNXL_SQL_2!$F:$F,CNXL_SQL_2!$A:$A,'PAGE_1 (4)'!$R29,CNXL_SQL_2!$D:$D,'PAGE_1 (4)'!$S$33)) | I29: =IF(SUMIFS(CNXL_SQL_2!$F:$F,CNXL_SQL_2!$A:$A,'PAGE_1 (4)'!$R29,CNXL_SQL_2!$D:$D,'PAGE_1 (4)'!$S$34)=0,"",SUMIFS(CNXL_SQL_2!$F:$F,CNXL_SQL_2!$A:$A,'PAGE_1 (4)'!$R29,CNXL_SQL_2!$D:$D,'PAGE_1 (4)'!$S$34)) | J29: =IF(SUMIFS(CNXL_SQL_2!$F:$F,CNXL_SQL_2!$A:$A,'PAGE_1 (4)'!$R29,CNXL_SQL_2!$D:$D,'PAGE_1 (4)'!$S$35)=0,"",SUMIFS(CNXL_SQL_2!$F:$F,CNXL_SQL_2!$A:$A,'PAGE_1 (4)'!$R29,CNXL_SQL_2!$D:$D,'PAGE_1 (4)'!$S$35)) | K29: =IF(SUMIFS(CNXL_SQL_2!$F:$F,CNXL_SQL_2!$A:$A,'PAGE_1 (4)'!$R29,CNXL_SQL_2!$D:$D,'PAGE_1 (4)'!$S$36)=0,"",SUMIFS(CNXL_SQL_2!$F:$F,CNXL_SQL_2!$A:$A,'PAGE_1 (4)'!$R29,CNXL_SQL_2!$D:$D,'PAGE_1 (4)'!$S$36)) | L29: =IF(SUMIFS(CNXL_SQL_2!$F:$F,CNXL_SQL_2!$A:$A,'PAGE_1 (4)'!$R29,CNXL_SQL_2!$D:$D,'PAGE_1 (4)'!$S$37)=0,"",SUMIFS(CNXL_SQL_2!$F:$F,CNXL_SQL_2!$A:$A,'PAGE_1 (4)'!$R29,CNXL_SQL_2!$D:$D,'PAGE_1 (4)'!$S$37)) | M29: =IF(SUM(D29:L29)=0,"",SUM(D29:L29)) | N29: =ES_MATRIX!K3 | O29: =IFERROR(M29-ES_MATRIX!L3,"") | P29: =IF(SUMIF(CNXL_SQL_2!$E:$E,'PAGE_1 (4)'!R29,CNXL_SQL_2!$F:$F)=0,"",SUMIF(CNXL_SQL_2!$E:$E,'PAGE_1 (4)'!R29,CNXL_SQL_2!$F:$F)) | R29: EV | S29: WEATHER/ATC
B30: OO - SkyWest | C30: =SUMIF(SCH_DEP_SQL_4!$A:$A,'PAGE_1 (4)'!R30,SCH_DEP_SQL_4!$E:$E) -> 816 | D30: =IF(SUMIFS(CNXL_SQL_2!$F:$F,CNXL_SQL_2!$A:$A,'PAGE_1 (4)'!$R30,CNXL_SQL_2!$D:$D,'PAGE_1 (4)'!$S$29)=0,"",SUMIFS(CNXL_SQL_2!$F:$F,CNXL_SQL_2!$A:$A,'PAGE_1 (4)'!$R30,CNXL_SQL_2!$D:$D,'PAGE_1 (4)'!$S$29)) -> 10 | E30: =IF(SUMIFS(CNXL_SQL_2!$F:$F,CNXL_SQL_2!$A:$A,'PAGE_1 (4)'!$R30,CNXL_SQL_2!$D:$D,'PAGE_1 (4)'!$S$30)=0,"",SUMIFS(CNXL_SQL_2!$F:$F,CNXL_SQL_2!$A:$A,'PAGE_1 (4)'!$R30,CNXL_SQL_2!$D:$D,'PAGE_1 (4)'!$S$30)) | F30: =IF(SUMIFS(CNXL_SQL_2!$F:$F,CNXL_SQL_2!$A:$A,'PAGE_1 (4)'!$R30,CNXL_SQL_2!$D:$D,'PAGE_1 (4)'!$S$31)=0,"",SUMIFS(CNXL_SQL_2!$F:$F,CNXL_SQL_2!$A:$A,'PAGE_1 (4)'!$R30,CNXL_SQL_2!$D:$D,'PAGE_1 (4)'!$S$31)) | G30: =IF(SUMIFS(CNXL_SQL_2!$F:$F,CNXL_SQL_2!$A:$A,'PAGE_1 (4)'!$R30,CNXL_SQL_2!$D:$D,'PAGE_1 (4)'!$S$32)=0,"",SUMIFS(CNXL_SQL_2!$F:$F,CNXL_SQL_2!$A:$A,'PAGE_1 (4)'!$R30,CNXL_SQL_2!$D:$D,'PAGE_1 (4)'!$S$32)) | H30: =IF(SUMIFS(CNXL_SQL_2!$F:$F,CNXL_SQL_2!$A:$A,'PAGE_1 (4)'!$R30,CNXL_SQL_2!$D:$D,'PAGE_1 (4)'!$S$33)=0,"",SUMIFS(CNXL_SQL_2!$F:$F,CNXL_SQL_2!$A:$A,'PAGE_1 (4)'!$R30,CNXL_SQL_2!$D:$D,'PAGE_1 (4)'!$S$33)) | I30: =IF(SUMIFS(CNXL_SQL_2!$F:$F,CNXL_SQL_2!$A:$A,'PAGE_1 (4)'!$R30,CNXL_SQL_2!$D:$D,'PAGE_1 (4)'!$S$34)=0,"",SUMIFS(CNXL_SQL_2!$F:$F,CNXL_SQL_2!$A:$A,'PAGE_1 (4)'!$R30,CNXL_SQL_2!$D:$D,'PAGE_1 (4)'!$S$34)) | J30: =IF(SUMIFS(CNXL_SQL_2!$F:$F,CNXL_SQL_2!$A:$A,'PAGE_1 (4)'!$R30,CNXL_SQL_2!$D:$D,'PAGE_1 (4)'!$S$35)=0,"",SUMIFS(CNXL_SQL_2!$F:$F,CNXL_SQL_2!$A:$A,'PAGE_1 (4)'!$R30,CNXL_SQL_2!$D:$D,'PAGE_1 (4)'!$S$35)) | K30: =IF(SUMIFS(CNXL_SQL_2!$F:$F,CNXL_SQL_2!$A:$A,'PAGE_1 (4)'!$R30,CNXL_SQL_2!$D:$D,'PAGE_1 (4)'!$S$36)=0,"",SUMIFS(CNXL_SQL_2!$F:$F,CNXL_SQL_2!$A:$A,'PAGE_1 (4)'!$R30,CNXL_SQL_2!$D:$D,'PAGE_1 (4)'!$S$36)) | L30: =IF(SUMIFS(CNXL_SQL_2!$F:$F,CNXL_SQL_2!$A:$A,'PAGE_1 (4)'!$R30,CNXL_SQL_2!$D:$D,'PAGE_1 (4)'!$S$37)=0,"",SUMIFS(CNXL_SQL_2!$F:$F,CNXL_SQL_2!$A:$A,'PAGE_1 (4)'!$R30,CNXL_SQL_2!$D:$D,'PAGE_1 (4)'!$S$37)) | M30: =IF(SUM(D30:L30)=0,"",SUM(D30:L30)) -> 10 | N30: =ES_MATRIX!K4 | O30: =IFERROR(M30-ES_MATRIX!L4,"") -> 10 | P30: =IF(SUMIF(CNXL_SQL_2!$E:$E,'PAGE_1 (4)'!R30,CNXL_SQL_2!$F:$F)=0,"",SUMIF(CNXL_SQL_2!$E:$E,'PAGE_1 (4)'!R30,CNXL_SQL_2!$F:$F)) | R30: OO | S30: TECHNICAL OPERATIONS-AIRCRAFT
B31: AX - Trans States | C31: =SUMIF(SCH_DEP_SQL_4!$A:$A,'PAGE_1 (4)'!R31,SCH_DEP_SQL_4!$E:$E) -> 0 | D31: =IF(SUMIFS(CNXL_SQL_2!$F:$F,CNXL_SQL_2!$A:$A,'PAGE_1 (4)'!$R31,CNXL_SQL_2!$D:$D,'PAGE_1 (4)'!$S$29)=0,"",SUMIFS(CNXL_SQL_2!$F:$F,CNXL_SQL_2!$A:$A,'PAGE_1 (4)'!$R31,CNXL_SQL_2!$D:$D,'PAGE_1 (4)'!$S$29)) | E31: =IF(SUMIFS(CNXL_SQL_2!$F:$F,CNXL_SQL_2!$A:$A,'PAGE_1 (4)'!$R31,CNXL_SQL_2!$D:$D,'PAGE_1 (4)'!$S$30)=0,"",SUMIFS(CNXL_SQL_2!$F:$F,CNXL_SQL_2!$A:$A,'PAGE_1 (4)'!$R31,CNXL_SQL_2!$D:$D,'PAGE_1 (4)'!$S$30)) | F31: =IF(SUMIFS(CNXL_SQL_2!$F:$F,CNXL_SQL_2!$A:$A,'PAGE_1 (4)'!$R31,CNXL_SQL_2!$D:$D,'PAGE_1 (4)'!$S$31)=0,"",SUMIFS(CNXL_SQL_2!$F:$F,CNXL_SQL_2!$A:$A,'PAGE_1 (4)'!$R31,CNXL_SQL_2!$D:$D,'PAGE_1 (4)'!$S$31)) | G31: =IF(SUMIFS(CNXL_SQL_2!$F:$F,CNXL_SQL_2!$A:$A,'PAGE_1 (4)'!$R31,CNXL_SQL_2!$D:$D,'PAGE_1 (4)'!$S$32)=0,"",SUMIFS(CNXL_SQL_2!$F:$F,CNXL_SQL_2!$A:$A,'PAGE_1 (4)'!$R31,CNXL_SQL_2!$D:$D,'PAGE_1 (4)'!$S$32)) | H31: =IF(SUMIFS(CNXL_SQL_2!$F:$F,CNXL_SQL_2!$A:$A,'PAGE_1 (4)'!$R31,CNXL_SQL_2!$D:$D,'PAGE_1 (4)'!$S$33)=0,"",SUMIFS(CNXL_SQL_2!$F:$F,CNXL_SQL_2!$A:$A,'PAGE_1 (4)'!$R31,CNXL_SQL_2!$D:$D,'PAGE_1 (4)'!$S$33)) | I31: =IF(SUMIFS(CNXL_SQL_2!$F:$F,CNXL_SQL_2!$A:$A,'PAGE_1 (4)'!$R31,CNXL_SQL_2!$D:$D,'PAGE_1 (4)'!$S$34)=0,"",SUMIFS(CNXL_SQL_2!$F:$F,CNXL_SQL_2!$A:$A,'PAGE_1 (4)'!$R31,CNXL_SQL_2!$D:$D,'PAGE_1 (4)'!$S$34)) | J31: =IF(SUMIFS(CNXL_SQL_2!$F:$F,CNXL_SQL_2!$A:$A,'PAGE_1 (4)'!$R31,CNXL_SQL_2!$D:$D,'PAGE_1 (4)'!$S$35)=0,"",SUMIFS(CNXL_SQL_2!$F:$F,CNXL_SQL_2!$A:$A,'PAGE_1 (4)'!$R31,CNXL_SQL_2!$D:$D,'PAGE_1 (4)'!$S$35)) | K31: =IF(SUMIFS(CNXL_SQL_2!$F:$F,CNXL_SQL_2!$A:$A,'PAGE_1 (4)'!$R31,CNXL_SQL_2!$D:$D,'PAGE_1 (4)'!$S$36)=0,"",SUMIFS(CNXL_SQL_2!$F:$F,CNXL_SQL_2!$A:$A,'PAGE_1 (4)'!$R31,CNXL_SQL_2!$D:$D,'PAGE_1 (4)'!$S$36)) | L31: =IF(SUMIFS(CNXL_SQL_2!$F:$F,CNXL_SQL_2!$A:$A,'PAGE_1 (4)'!$R31,CNXL_SQL_2!$D:$D,'PAGE_1 (4)'!$S$37)=0,"",SUMIFS(CNXL_SQL_2!$F:$F,CNXL_SQL_2!$A:$A,'PAGE_1 (4)'!$R31,CNXL_SQL_2!$D:$D,'PAGE_1 (4)'!$S$37)) | M31: =IF(SUM(D31:L31)=0,"",SUM(D31:L31)) | N31: =ES_MATRIX!K5 | O31: =IFERROR(M31-ES_MATRIX!L5,"") | P31: =IF(SUMIF(CNXL_SQL_2!$E:$E,'PAGE_1 (4)'!R31,CNXL_SQL_2!$F:$F)=0,"",SUMIF(CNXL_SQL_2!$E:$E,'PAGE_1 (4)'!R31,CNXL_SQL_2!$F:$F)) | R31: AX | S31: FLIGHT OPERATIONS
B32: YX - Republic | C32: =SUMIF(SCH_DEP_SQL_4!$A:$A,'PAGE_1 (4)'!R32,SCH_DEP_SQL_4!$E:$E) -> 297 | D32: =IF(SUMIFS(CNXL_SQL_2!$F:$F,CNXL_SQL_2!$A:$A,'PAGE_1 (4)'!$R32,CNXL_SQL_2!$D:$D,'PAGE_1 (4)'!$S$29)=0,"",SUMIFS(CNXL_SQL_2!$F:$F,CNXL_SQL_2!$A:$A,'PAGE_1 (4)'!$R32,CNXL_SQL_2!$D:$D,'PAGE_1 (4)'!$S$29)) | E32: =IF(SUMIFS(CNXL_SQL_2!$F:$F,CNXL_SQL_2!$A:$A,'PAGE_1 (4)'!$R32,CNXL_SQL_2!$D:$D,'PAGE_1 (4)'!$S$30)=0,"",SUMIFS(CNXL_SQL_2!$F:$F,CNXL_SQL_2!$A:$A,'PAGE_1 (4)'!$R32,CNXL_SQL_2!$D:$D,'PAGE_1 (4)'!$S$30)) | F32: =IF(SUMIFS(CNXL_SQL_2!$F:$F,CNXL_SQL_2!$A:$A,'PAGE_1 (4)'!$R32,CNXL_SQL_2!$D:$D,'PAGE_1 (4)'!$S$31)=0,"",SUMIFS(CNXL_SQL_2!$F:$F,CNXL_SQL_2!$A:$A,'PAGE_1 (4)'!$R32,CNXL_SQL_2!$D:$D,'PAGE_1 (4)'!$S$31)) | G32: =IF(SUMIFS(CNXL_SQL_2!$F:$F,CNXL_SQL_2!$A:$A,'PAGE_1 (4)'!$R32,CNXL_SQL_2!$D:$D,'PAGE_1 (4)'!$S$32)=0,"",SUMIFS(CNXL_SQL_2!$F:$F,CNXL_SQL_2!$A:$A,'PAGE_1 (4)'!$R32,CNXL_SQL_2!$D:$D,'PAGE_1 (4)'!$S$32)) | H32: =IF(SUMIFS(CNXL_SQL_2!$F:$F,CNXL_SQL_2!$A:$A,'PAGE_1 (4)'!$R32,CNXL_SQL_2!$D:$D,'PAGE_1 (4)'!$S$33)=0,"",SUMIFS(CNXL_SQL_2!$F:$F,CNXL_SQL_2!$A:$A,'PAGE_1 (4)'!$R32,CNXL_SQL_2!$D:$D,'PAGE_1 (4)'!$S$33)) | I32: =IF(SUMIFS(CNXL_SQL_2!$F:$F,CNXL_SQL_2!$A:$A,'PAGE_1 (4)'!$R32,CNXL_SQL_2!$D:$D,'PAGE_1 (4)'!$S$34)=0,"",SUMIFS(CNXL_SQL_2!$F:$F,CNXL_SQL_2!$A:$A,'PAGE_1 (4)'!$R32,CNXL_SQL_2!$D:$D,'PAGE_1 (4)'!$S$34)) | J32: =IF(SUMIFS(CNXL_SQL_2!$F:$F,CNXL_SQL_2!$A:$A,'PAGE_1 (4)'!$R32,CNXL_SQL_2!$D:$D,'PAGE_1 (4)'!$S$35)=0,"",SUMIFS(CNXL_SQL_2!$F:$F,CNXL_SQL_2!$A:$A,'PAGE_1 (4)'!$R32,CNXL_SQL_2!$D:$D,'PAGE_1 (4)'!$S$35)) | K32: =IF(SUMIFS(CNXL_SQL_2!$F:$F,CNXL_SQL_2!$A:$A,'PAGE_1 (4)'!$R32,CNXL_SQL_2!$D:$D,'PAGE_1 (4)'!$S$36)=0,"",SUMIFS(CNXL_SQL_2!$F:$F,CNXL_SQL_2!$A:$A,'PAGE_1 (4)'!$R32,CNXL_SQL_2!$D:$D,'PAGE_1 (4)'!$S$36)) | L32: =IF(SUMIFS(CNXL_SQL_2!$F:$F,CNXL_SQL_2!$A:$A,'PAGE_1 (4)'!$R32,CNXL_SQL_2!$D:$D,'PAGE_1 (4)'!$S$37)=0,"",SUMIFS(CNXL_SQL_2!$F:$F,CNXL_SQL_2!$A:$A,'PAGE_1 (4)'!$R32,CNXL_SQL_2!$D:$D,'PAGE_1 (4)'!$S$37)) | M32: =IF(SUM(D32:L32)=0,"",SUM(D32:L32)) | N32: =ES_MATRIX!K6 | O32: =IFERROR(M32-ES_MATRIX!L6,"") | P32: =IF(SUMIF(CNXL_SQL_2!$E:$E,'PAGE_1 (4)'!R32,CNXL_SQL_2!$F:$F)=0,"",SUMIF(CNXL_SQL_2!$E:$E,'PAGE_1 (4)'!R32,CNXL_SQL_2!$F:$F)) | R32: YX | S32: INFLIGHT SERVICES
B33: G7 - Go Jet | C33: =SUMIF(SCH_DEP_SQL_4!$A:$A,'PAGE_1 (4)'!R33,SCH_DEP_SQL_4!$E:$E) -> 186 | D33: =IF(SUMIFS(CNXL_SQL_2!$F:$F,CNXL_SQL_2!$A:$A,'PAGE_1 (4)'!$R33,CNXL_SQL_2!$D:$D,'PAGE_1 (4)'!$S$29)=0,"",SUMIFS(CNXL_SQL_2!$F:$F,CNXL_SQL_2!$A:$A,'PAGE_1 (4)'!$R33,CNXL_SQL_2!$D:$D,'PAGE_1 (4)'!$S$29)) | E33: =IF(SUMIFS(CNXL_SQL_2!$F:$F,CNXL_SQL_2!$A:$A,'PAGE_1 (4)'!$R33,CNXL_SQL_2!$D:$D,'PAGE_1 (4)'!$S$30)=0,"",SUMIFS(CNXL_SQL_2!$F:$F,CNXL_SQL_2!$A:$A,'PAGE_1 (4)'!$R33,CNXL_SQL_2!$D:$D,'PAGE_1 (4)'!$S$30)) | F33: =IF(SUMIFS(CNXL_SQL_2!$F:$F,CNXL_SQL_2!$A:$A,'PAGE_1 (4)'!$R33,CNXL_SQL_2!$D:$D,'PAGE_1 (4)'!$S$31)=0,"",SUMIFS(CNXL_SQL_2!$F:$F,CNXL_SQL_2!$A:$A,'PAGE_1 (4)'!$R33,CNXL_SQL_2!$D:$D,'PAGE_1 (4)'!$S$31)) | G33: =IF(SUMIFS(CNXL_SQL_2!$F:$F,CNXL_SQL_2!$A:$A,'PAGE_1 (4)'!$R33,CNXL_SQL_2!$D:$D,'PAGE_1 (4)'!$S$32)=0,"",SUMIFS(CNXL_SQL_2!$F:$F,CNXL_SQL_2!$A:$A,'PAGE_1 (4)'!$R33,CNXL_SQL_2!$D:$D,'PAGE_1 (4)'!$S$32)) | H33: =IF(SUMIFS(CNXL_SQL_2!$F:$F,CNXL_SQL_2!$A:$A,'PAGE_1 (4)'!$R33,CNXL_SQL_2!$D:$D,'PAGE_1 (4)'!$S$33)=0,"",SUMIFS(CNXL_SQL_2!$F:$F,CNXL_SQL_2!$A:$A,'PAGE_1 (4)'!$R33,CNXL_SQL_2!$D:$D,'PAGE_1 (4)'!$S$33)) | I33: =IF(SUMIFS(CNXL_SQL_2!$F:$F,CNXL_SQL_2!$A:$A,'PAGE_1 (4)'!$R33,CNXL_SQL_2!$D:$D,'PAGE_1 (4)'!$S$34)=0,"",SUMIFS(CNXL_SQL_2!$F:$F,CNXL_SQL_2!$A:$A,'PAGE_1 (4)'!$R33,CNXL_SQL_2!$D:$D,'PAGE_1 (4)'!$S$34)) | J33: =IF(SUMIFS(CNXL_SQL_2!$F:$F,CNXL_SQL_2!$A:$A,'PAGE_1 (4)'!$R33,CNXL_SQL_2!$D:$D,'PAGE_1 (4)'!$S$35)=0,"",SUMIFS(CNXL_SQL_2!$F:$F,CNXL_SQL_2!$A:$A,'PAGE_1 (4)'!$R33,CNXL_SQL_2!$D:$D,'PAGE_1 (4)'!$S$35)) | K33: =IF(SUMIFS(CNXL_SQL_2!$F:$F,CNXL_SQL_2!$A:$A,'PAGE_1 (4)'!$R33,CNXL_SQL_2!$D:$D,'PAGE_1 (4)'!$S$36)=0,"",SUMIFS(CNXL_SQL_2!$F:$F,CNXL_SQL_2!$A:$A,'PAGE_1 (4)'!$R33,CNXL_SQL_2!$D:$D,'PAGE_1 (4)'!$S$36)) | L33: =IF(SUMIFS(CNXL_SQL_2!$F:$F,CNXL_SQL_2!$A:$A,'PAGE_1 (4)'!$R33,CNXL_SQL_2!$D:$D,'PAGE_1 (4)'!$S$37)=0,"",SUMIFS(CNXL_SQL_2!$F:$F,CNXL_SQL_2!$A:$A,'PAGE_1 (4)'!$R33,CNXL_SQL_2!$D:$D,'PAGE_1 (4)'!$S$37)) | M33: =IF(SUM(D33:L33)=0,"",SUM(D33:L33)) | N33: =ES_MATRIX!K7 | O33: =IFERROR(M33-ES_MATRIX!L7,"") | P33: =IF(SUMIF(CNXL_SQL_2!$E:$E,'PAGE_1 (4)'!R33,CNXL_SQL_2!$F:$F)=0,"",SUMIF(CNXL_SQL_2!$E:$E,'PAGE_1 (4)'!R33,CNXL_SQL_2!$F:$F)) | R33: G7 | S33: AIRPORT OPERATIONS
B34: C5 - CommutAir | C34: =SUMIF(SCH_DEP_SQL_4!$A:$A,'PAGE_1 (4)'!R34,SCH_DEP_SQL_4!$E:$E) -> 193 | D34: =IF(SUMIFS(CNXL_SQL_2!$F:$F,CNXL_SQL_2!$A:$A,'PAGE_1 (4)'!$R34,CNXL_SQL_2!$D:$D,'PAGE_1 (4)'!$S$29)=0,"",SUMIFS(CNXL_SQL_2!$F:$F,CNXL_SQL_2!$A:$A,'PAGE_1 (4)'!$R34,CNXL_SQL_2!$D:$D,'PAGE_1 (4)'!$S$29)) -> 1 | E34: =IF(SUMIFS(CNXL_SQL_2!$F:$F,CNXL_SQL_2!$A:$A,'PAGE_1 (4)'!$R34,CNXL_SQL_2!$D:$D,'PAGE_1 (4)'!$S$30)=0,"",SUMIFS(CNXL_SQL_2!$F:$F,CNXL_SQL_2!$A:$A,'PAGE_1 (4)'!$R34,CNXL_SQL_2!$D:$D,'PAGE_1 (4)'!$S$30)) | F34: =IF(SUMIFS(CNXL_SQL_2!$F:$F,CNXL_SQL_2!$A:$A,'PAGE_1 (4)'!$R34,CNXL_SQL_2!$D:$D,'PAGE_1 (4)'!$S$31)=0,"",SUMIFS(CNXL_SQL_2!$F:$F,CNXL_SQL_2!$A:$A,'PAGE_1 (4)'!$R34,CNXL_SQL_2!$D:$D,'PAGE_1 (4)'!$S$31)) | G34: =IF(SUMIFS(CNXL_SQL_2!$F:$F,CNXL_SQL_2!$A:$A,'PAGE_1 (4)'!$R34,CNXL_SQL_2!$D:$D,'PAGE_1 (4)'!$S$32)=0,"",SUMIFS(CNXL_SQL_2!$F:$F,CNXL_SQL_2!$A:$A,'PAGE_1 (4)'!$R34,CNXL_SQL_2!$D:$D,'PAGE_1 (4)'!$S$32)) | H34: =IF(SUMIFS(CNXL_SQL_2!$F:$F,CNXL_SQL_2!$A:$A,'PAGE_1 (4)'!$R34,CNXL_SQL_2!$D:$D,'PAGE_1 (4)'!$S$33)=0,"",SUMIFS(CNXL_SQL_2!$F:$F,CNXL_SQL_2!$A:$A,'PAGE_1 (4)'!$R34,CNXL_SQL_2!$D:$D,'PAGE_1 (4)'!$S$33)) | I34: =IF(SUMIFS(CNXL_SQL_2!$F:$F,CNXL_SQL_2!$A:$A,'PAGE_1 (4)'!$R34,CNXL_SQL_2!$D:$D,'PAGE_1 (4)'!$S$34)=0,"",SUMIFS(CNXL_SQL_2!$F:$F,CNXL_SQL_2!$A:$A,'PAGE_1 (4)'!$R34,CNXL_SQL_2!$D:$D,'PAGE_1 (4)'!$S$34)) | J34: =IF(SUMIFS(CNXL_SQL_2!$F:$F,CNXL_SQL_2!$A:$A,'PAGE_1 (4)'!$R34,CNXL_SQL_2!$D:$D,'PAGE_1 (4)'!$S$35)=0,"",SUMIFS(CNXL_SQL_2!$F:$F,CNXL_SQL_2!$A:$A,'PAGE_1 (4)'!$R34,CNXL_SQL_2!$D:$D,'PAGE_1 (4)'!$S$35)) | K34: =IF(SUMIFS(CNXL_SQL_2!$F:$F,CNXL_SQL_2!$A:$A,'PAGE_1 (4)'!$R34,CNXL_SQL_2!$D:$D,'PAGE_1 (4)'!$S$36)=0,"",SUMIFS(CNXL_SQL_2!$F:$F,CNXL_SQL_2!$A:$A,'PAGE_1 (4)'!$R34,CNXL_SQL_2!$D:$D,'PAGE_1 (4)'!$S$36)) | L34: =IF(SUMIFS(CNXL_SQL_2!$F:$F,CNXL_SQL_2!$A:$A,'PAGE_1 (4)'!$R34,CNXL_SQL_2!$D:$D,'PAGE_1 (4)'!$S$37)=0,"",SUMIFS(CNXL_SQL_2!$F:$F,CNXL_SQL_2!$A:$A,'PAGE_1 (4)'!$R34,CNXL_SQL_2!$D:$D,'PAGE_1 (4)'!$S$37)) | M34: =IF(SUM(D34:L34)=0,"",SUM(D34:L34)) -> 1 | N34: =ES_MATRIX!K8 | O34: =IFERROR(M34-ES_MATRIX!L8,"") -> 1 | P34: =IF(SUMIF(CNXL_SQL_2!$E:$E,'PAGE_1 (4)'!R34,CNXL_SQL_2!$F:$F)=0,"",SUMIF(CNXL_SQL_2!$E:$E,'PAGE_1 (4)'!R34,CNXL_SQL_2!$F:$F)) | R34: C5 | S34: NETWORK OPERATIONS CENTER
B35: YV - Mesa | C35: =SUMIF(SCH_DEP_SQL_4!$A:$A,'PAGE_1 (4)'!R35,SCH_DEP_SQL_4!$E:$E) -> 213 | D35: =IF(SUMIFS(CNXL_SQL_2!$F:$F,CNXL_SQL_2!$A:$A,'PAGE_1 (4)'!$R35,CNXL_SQL_2!$D:$D,'PAGE_1 (4)'!$S$29)=0,"",SUMIFS(CNXL_SQL_2!$F:$F,CNXL_SQL_2!$A:$A,'PAGE_1 (4)'!$R35,CNXL_SQL_2!$D:$D,'PAGE_1 (4)'!$S$29)) | E35: =IF(SUMIFS(CNXL_SQL_2!$F:$F,CNXL_SQL_2!$A:$A,'PAGE_1 (4)'!$R35,CNXL_SQL_2!$D:$D,'PAGE_1 (4)'!$S$30)=0,"",SUMIFS(CNXL_SQL_2!$F:$F,CNXL_SQL_2!$A:$A,'PAGE_1 (4)'!$R35,CNXL_SQL_2!$D:$D,'PAGE_1 (4)'!$S$30)) | F35: =IF(SUMIFS(CNXL_SQL_2!$F:$F,CNXL_SQL_2!$A:$A,'PAGE_1 (4)'!$R35,CNXL_SQL_2!$D:$D,'PAGE_1 (4)'!$S$31)=0,"",SUMIFS(CNXL_SQL_2!$F:$F,CNXL_SQL_2!$A:$A,'PAGE_1 (4)'!$R35,CNXL_SQL_2!$D:$D,'PAGE_1 (4)'!$S$31)) | G35: =IF(SUMIFS(CNXL_SQL_2!$F:$F,CNXL_SQL_2!$A:$A,'PAGE_1 (4)'!$R35,CNXL_SQL_2!$D:$D,'PAGE_1 (4)'!$S$32)=0,"",SUMIFS(CNXL_SQL_2!$F:$F,CNXL_SQL_2!$A:$A,'PAGE_1 (4)'!$R35,CNXL_SQL_2!$D:$D,'PAGE_1 (4)'!$S$32)) | H35: =IF(SUMIFS(CNXL_SQL_2!$F:$F,CNXL_SQL_2!$A:$A,'PAGE_1 (4)'!$R35,CNXL_SQL_2!$D:$D,'PAGE_1 (4)'!$S$33)=0,"",SUMIFS(CNXL_SQL_2!$F:$F,CNXL_SQL_2!$A:$A,'PAGE_1 (4)'!$R35,CNXL_SQL_2!$D:$D,'PAGE_1 (4)'!$S$33)) | I35: =IF(SUMIFS(CNXL_SQL_2!$F:$F,CNXL_SQL_2!$A:$A,'PAGE_1 (4)'!$R35,CNXL_SQL_2!$D:$D,'PAGE_1 (4)'!$S$34)=0,"",SUMIFS(CNXL_SQL_2!$F:$F,CNXL_SQL_2!$A:$A,'PAGE_1 (4)'!$R35,CNXL_SQL_2!$D:$D,'PAGE_1 (4)'!$S$34)) | J35: =IF(SUMIFS(CNXL_SQL_2!$F:$F,CNXL_SQL_2!$A:$A,'PAGE_1 (4)'!$R35,CNXL_SQL_2!$D:$D,'PAGE_1 (4)'!$S$35)=0,"",SUMIFS(CNXL_SQL_2!$F:$F,CNXL_SQL_2!$A:$A,'PAGE_1 (4)'!$R35,CNXL_SQL_2!$D:$D,'PAGE_1 (4)'!$S$35)) | K35: =IF(SUMIFS(CNXL_SQL_2!$F:$F,CNXL_SQL_2!$A:$A,'PAGE_1 (4)'!$R35,CNXL_SQL_2!$D:$D,'PAGE_1 (4)'!$S$36)=0,"",SUMIFS(CNXL_SQL_2!$F:$F,CNXL_SQL_2!$A:$A,'PAGE_1 (4)'!$R35,CNXL_SQL_2!$D:$D,'PAGE_1 (4)'!$S$36)) | L35: =IF(SUMIFS(CNXL_SQL_2!$F:$F,CNXL_SQL_2!$A:$A,'PAGE_1 (4)'!$R35,CNXL_SQL_2!$D:$D,'PAGE_1 (4)'!$S$37)=0,"",SUMIFS(CNXL_SQL_2!$F:$F,CNXL_SQL_2!$A:$A,'PAGE_1 (4)'!$R35,CNXL_SQL_2!$D:$D,'PAGE_1 (4)'!$S$37)) | M35: =IF(SUM(D35:L35)=0,"",SUM(D35:L35)) | N35: =ES_MATRIX!K9 | O35: =IFERROR(M35-ES_MATRIX!L9,"") | P35: =IF(SUMIF(CNXL_SQL_2!$E:$E,'PAGE_1 (4)'!R35,CNXL_SQL_2!$F:$F)=0,"",SUMIF(CNXL_SQL_2!$E:$E,'PAGE_1 (4)'!R35,CNXL_SQL_2!$F:$F)) | R35: YV | S35: TECHNOLOGY
B36: ZW - Air Wisconsin | C36: =SUMIF(SCH_DEP_SQL_4!$A:$A,'PAGE_1 (4)'!R36,SCH_DEP_SQL_4!$E:$E) -> 0 | D36: =IF(SUMIFS(CNXL_SQL_2!$F:$F,CNXL_SQL_2!$A:$A,'PAGE_1 (4)'!$R36,CNXL_SQL_2!$D:$D,'PAGE_1 (4)'!$S$29)=0,"",SUMIFS(CNXL_SQL_2!$F:$F,CNXL_SQL_2!$A:$A,'PAGE_1 (4)'!$R36,CNXL_SQL_2!$D:$D,'PAGE_1 (4)'!$S$29)) | E36: =IF(SUMIFS(CNXL_SQL_2!$F:$F,CNXL_SQL_2!$A:$A,'PAGE_1 (4)'!$R36,CNXL_SQL_2!$D:$D,'PAGE_1 (4)'!$S$30)=0,"",SUMIFS(CNXL_SQL_2!$F:$F,CNXL_SQL_2!$A:$A,'PAGE_1 (4)'!$R36,CNXL_SQL_2!$D:$D,'PAGE_1 (4)'!$S$30)) | F36: =IF(SUMIFS(CNXL_SQL_2!$F:$F,CNXL_SQL_2!$A:$A,'PAGE_1 (4)'!$R36,CNXL_SQL_2!$D:$D,'PAGE_1 (4)'!$S$31)=0,"",SUMIFS(CNXL_SQL_2!$F:$F,CNXL_SQL_2!$A:$A,'PAGE_1 (4)'!$R36,CNXL_SQL_2!$D:$D,'PAGE_1 (4)'!$S$31)) | G36: =IF(SUMIFS(CNXL_SQL_2!$F:$F,CNXL_SQL_2!$A:$A,'PAGE_1 (4)'!$R36,CNXL_SQL_2!$D:$D,'PAGE_1 (4)'!$S$32)=0,"",SUMIFS(CNXL_SQL_2!$F:$F,CNXL_SQL_2!$A:$A,'PAGE_1 (4)'!$R36,CNXL_SQL_2!$D:$D,'PAGE_1 (4)'!$S$32)) | H36: =IF(SUMIFS(CNXL_SQL_2!$F:$F,CNXL_SQL_2!$A:$A,'PAGE_1 (4)'!$R36,CNXL_SQL_2!$D:$D,'PAGE_1 (4)'!$S$33)=0,"",SUMIFS(CNXL_SQL_2!$F:$F,CNXL_SQL_2!$A:$A,'PAGE_1 (4)'!$R36,CNXL_SQL_2!$D:$D,'PAGE_1 (4)'!$S$33)) | I36: =IF(SUMIFS(CNXL_SQL_2!$F:$F,CNXL_SQL_2!$A:$A,'PAGE_1 (4)'!$R36,CNXL_SQL_2!$D:$D,'PAGE_1 (4)'!$S$34)=0,"",SUMIFS(CNXL_SQL_2!$F:$F,CNXL_SQL_2!$A:$A,'PAGE_1 (4)'!$R36,CNXL_SQL_2!$D:$D,'PAGE_1 (4)'!$S$34)) | J36: =IF(SUMIFS(CNXL_SQL_2!$F:$F,CNXL_SQL_2!$A:$A,'PAGE_1 (4)'!$R36,CNXL_SQL_2!$D:$D,'PAGE_1 (4)'!$S$35)=0,"",SUMIFS(CNXL_SQL_2!$F:$F,CNXL_SQL_2!$A:$A,'PAGE_1 (4)'!$R36,CNXL_SQL_2!$D:$D,'PAGE_1 (4)'!$S$35)) | K36: =IF(SUMIFS(CNXL_SQL_2!$F:$F,CNXL_SQL_2!$A:$A,'PAGE_1 (4)'!$R36,CNXL_SQL_2!$D:$D,'PAGE_1 (4)'!$S$36)=0,"",SUMIFS(CNXL_SQL_2!$F:$F,CNXL_SQL_2!$A:$A,'PAGE_1 (4)'!$R36,CNXL_SQL_2!$D:$D,'PAGE_1 (4)'!$S$36)) | L36: =IF(SUMIFS(CNXL_SQL_2!$F:$F,CNXL_SQL_2!$A:$A,'PAGE_1 (4)'!$R36,CNXL_SQL_2!$D:$D,'PAGE_1 (4)'!$S$37)=0,"",SUMIFS(CNXL_SQL_2!$F:$F,CNXL_SQL_2!$A:$A,'PAGE_1 (4)'!$R36,CNXL_SQL_2!$D:$D,'PAGE_1 (4)'!$S$37)) | M36: =IF(SUM(D36:L36)=0,"",SUM(D36:L36)) | N36: =ES_MATRIX!K10 | O36: =IFERROR(M36-ES_MATRIX!L10,"") | P36: =IF(SUMIF(CNXL_SQL_2!$E:$E,'PAGE_1 (4)'!R36,CNXL_SQL_2!$F:$F)=0,"",SUMIF(CNXL_SQL_2!$E:$E,'PAGE_1 (4)'!R36,CNXL_SQL_2!$F:$F)) | R36: ZW | S36: CATERING OPERATIONS
B37: Total: | C37: =SUM(C29:C36) -> 1705 | D37: =IF(SUM(D29:D36)=0,"",SUM(D29:D36)) -> 11 | E37: =IF(SUM(E29:E36)=0,"",SUM(E29:E36)) | F37: =IF(SUM(F29:F36)=0,"",SUM(F29:F36)) | G37: =IF(SUM(G29:G36)=0,"",SUM(G29:G36)) | H37: =IF(SUM(H29:H36)=0,"",SUM(H29:H36)) | I37: =IF(SUM(I29:I36)=0,"",SUM(I29:I36)) | J37: =IF(SUM(J29:J36)=0,"",SUM(J29:J36)) | K37: =IF(SUM(K29:K36)=0,"",SUM(K29:K36)) | L37: =IF(SUM(L29:L36)=0,"",SUM(L29:L36)) | M37: =SUM(M29:M36) -> 11 | O37: =SUM(O29:O36) -> 11 | P37: =SUM(P29:P36) -> 0 | S37: OTHER
B41: Residual Cancel Detail
B42: Express Partner | C42: Scheduled Departures | D42: Weather & ATC | E42: Technical Operations | F42: Flight Operations | G42: Inflight Services | H42: Airport Operations | I42: Network Operations | J42: IT | K42: Catering Operations | L42: Other | M42: Total Cancels | N42: ES covered for this partner | O42: Net Cancel | P42: ES covered by this partner
B43: EV - ExpressJet | C43: =SUMIF(SCH_DEP_SQL_4!$A:$A,'PAGE_1 (4)'!R29,SCH_DEP_SQL_4!$E:$E) -> 0 | D43: =IF(SUMIFS(RES_CNXL_SQL_3!$F:$F,RES_CNXL_SQL_3!$A:$A,'PAGE_1 (4)'!$R29,RES_CNXL_SQL_3!$D:$D,'PAGE_1 (4)'!$S$29)=0,"",SUMIFS(RES_CNXL_SQL_3!$F:$F,RES_CNXL_SQL_3!$A:$A,'PAGE_1 (4)'!$R29,RES_CNXL_SQL_3!$D:$D,'PAGE_1 (4)'!$S$29)) | E43: =IF(SUMIFS(RES_CNXL_SQL_3!$F:$F,RES_CNXL_SQL_3!$A:$A,'PAGE_1 (4)'!$R29,RES_CNXL_SQL_3!$D:$D,'PAGE_1 (4)'!$S$30)=0,"",SUMIFS(RES_CNXL_SQL_3!$F:$F,RES_CNXL_SQL_3!$A:$A,'PAGE_1 (4)'!$R29,RES_CNXL_SQL_3!$D:$D,'PAGE_1 (4)'!$S$30)) | F43: =IF(SUMIFS(RES_CNXL_SQL_3!$F:$F,RES_CNXL_SQL_3!$A:$A,'PAGE_1 (4)'!$R29,RES_CNXL_SQL_3!$D:$D,'PAGE_1 (4)'!$S$31)=0,"",SUMIFS(RES_CNXL_SQL_3!$F:$F,RES_CNXL_SQL_3!$A:$A,'PAGE_1 (4)'!$R29,RES_CNXL_SQL_3!$D:$D,'PAGE_1 (4)'!$S$31)) | G43: =IF(SUMIFS(RES_CNXL_SQL_3!$F:$F,RES_CNXL_SQL_3!$A:$A,'PAGE_1 (4)'!$R29,RES_CNXL_SQL_3!$D:$D,'PAGE_1 (4)'!$S$32)=0,"",SUMIFS(RES_CNXL_SQL_3!$F:$F,RES_CNXL_SQL_3!$A:$A,'PAGE_1 (4)'!$R29,RES_CNXL_SQL_3!$D:$D,'PAGE_1 (4)'!$S$32)) | H43: =IF(SUMIFS(RES_CNXL_SQL_3!$F:$F,RES_CNXL_SQL_3!$A:$A,'PAGE_1 (4)'!$R29,RES_CNXL_SQL_3!$D:$D,'PAGE_1 (4)'!$S$33)=0,"",SUMIFS(RES_CNXL_SQL_3!$F:$F,RES_CNXL_SQL_3!$A:$A,'PAGE_1 (4)'!$R29,RES_CNXL_SQL_3!$D:$D,'PAGE_1 (4)'!$S$33)) | I43: =IF(SUMIFS(RES_CNXL_SQL_3!$F:$F,RES_CNXL_SQL_3!$A:$A,'PAGE_1 (4)'!$R29,RES_CNXL_SQL_3!$D:$D,'PAGE_1 (4)'!$S$34)=0,"",SUMIFS(RES_CNXL_SQL_3!$F:$F,RES_CNXL_SQL_3!$A:$A,'PAGE_1 (4)'!$R29,RES_CNXL_SQL_3!$D:$D,'PAGE_1 (4)'!$S$34)) | J43: =IF(SUMIFS(RES_CNXL_SQL_3!$F:$F,RES_CNXL_SQL_3!$A:$A,'PAGE_1 (4)'!$R29,RES_CNXL_SQL_3!$D:$D,'PAGE_1 (4)'!$S$35)=0,"",SUMIFS(RES_CNXL_SQL_3!$F:$F,RES_CNXL_SQL_3!$A:$A,'PAGE_1 (4)'!$R29,RES_CNXL_SQL_3!$D:$D,'PAGE_1 (4)'!$S$35)) | K43: =IF(SUMIFS(RES_CNXL_SQL_3!$F:$F,RES_CNXL_SQL_3!$A:$A,'PAGE_1 (4)'!$R29,RES_CNXL_SQL_3!$D:$D,'PAGE_1 (4)'!$S$36)=0,"",SUMIFS(RES_CNXL_SQL_3!$F:$F,RES_CNXL_SQL_3!$A:$A,'PAGE_1 (4)'!$R29,RES_CNXL_SQL_3!$D:$D,'PAGE_1 (4)'!$S$36)) | L43: =IF(SUMIFS(RES_CNXL_SQL_3!$F:$F,RES_CNXL_SQL_3!$A:$A,'PAGE_1 (4)'!$R29,RES_CNXL_SQL_3!$D:$D,'PAGE_1 (4)'!$S$37)=0,"",SUMIFS(RES_CNXL_SQL_3!$F:$F,RES_CNXL_SQL_3!$A:$A,'PAGE_1 (4)'!$R29,RES_CNXL_SQL_3!$D:$D,'PAGE_1 (4)'!$S$37)) | M43: =IF(SUM(D43:L43)=0,"",SUM(D43:L43)) | N43: =ES_MATRIX!K14 | O43: =IFERROR(M43-ES_MATRIX!L14,"") | P43: =IF(SUMIF(RES_CNXL_SQL_3!$E:$E,'PAGE_1 (4)'!R29,RES_CNXL_SQL_3!$F:$F)=0,"",SUMIF(RES_CNXL_SQL_3!$E:$E,'PAGE_1 (4)'!R29,RES_CNXL_SQL_3!$F:$F))
B44: OO - SkyWest | C44: =SUMIF(SCH_DEP_SQL_4!$A:$A,'PAGE_1 (4)'!R30,SCH_DEP_SQL_4!$E:$E) -> 816 | D44: =IF(SUMIFS(RES_CNXL_SQL_3!$F:$F,RES_CNXL_SQL_3!$A:$A,'PAGE_1 (4)'!$R30,RES_CNXL_SQL_3!$D:$D,'PAGE_1 (4)'!$S$29)=0,"",SUMIFS(RES_CNXL_SQL_3!$F:$F,RES_CNXL_SQL_3!$A:$A,'PAGE_1 (4)'!$R30,RES_CNXL_SQL_3!$D:$D,'PAGE_1 (4)'!$S$29)) -> 6 | E44: =IF(SUMIFS(RES_CNXL_SQL_3!$F:$F,RES_CNXL_SQL_3!$A:$A,'PAGE_1 (4)'!$R30,RES_CNXL_SQL_3!$D:$D,'PAGE_1 (4)'!$S$30)=0,"",SUMIFS(RES_CNXL_SQL_3!$F:$F,RES_CNXL_SQL_3!$A:$A,'PAGE_1 (4)'!$R30,RES_CNXL_SQL_3!$D:$D,'PAGE_1 (4)'!$S$30)) | F44: =IF(SUMIFS(RES_CNXL_SQL_3!$F:$F,RES_CNXL_SQL_3!$A:$A,'PAGE_1 (4)'!$R30,RES_CNXL_SQL_3!$D:$D,'PAGE_1 (4)'!$S$31)=0,"",SUMIFS(RES_CNXL_SQL_3!$F:$F,RES_CNXL_SQL_3!$A:$A,'PAGE_1 (4)'!$R30,RES_CNXL_SQL_3!$D:$D,'PAGE_1 (4)'!$S$31)) | G44: =IF(SUMIFS(RES_CNXL_SQL_3!$F:$F,RES_CNXL_SQL_3!$A:$A,'PAGE_1 (4)'!$R30,RES_CNXL_SQL_3!$D:$D,'PAGE_1 (4)'!$S$32)=0,"",SUMIFS(RES_CNXL_SQL_3!$F:$F,RES_CNXL_SQL_3!$A:$A,'PAGE_1 (4)'!$R30,RES_CNXL_SQL_3!$D:$D,'PAGE_1 (4)'!$S$32)) | H44: =IF(SUMIFS(RES_CNXL_SQL_3!$F:$F,RES_CNXL_SQL_3!$A:$A,'PAGE_1 (4)'!$R30,RES_CNXL_SQL_3!$D:$D,'PAGE_1 (4)'!$S$33)=0,"",SUMIFS(RES_CNXL_SQL_3!$F:$F,RES_CNXL_SQL_3!$A:$A,'PAGE_1 (4)'!$R30,RES_CNXL_SQL_3!$D:$D,'PAGE_1 (4)'!$S$33)) | I44: =IF(SUMIFS(RES_CNXL_SQL_3!$F:$F,RES_CNXL_SQL_3!$A:$A,'PAGE_1 (4)'!$R30,RES_CNXL_SQL_3!$D:$D,'PAGE_1 (4)'!$S$34)=0,"",SUMIFS(RES_CNXL_SQL_3!$F:$F,RES_CNXL_SQL_3!$A:$A,'PAGE_1 (4)'!$R30,RES_CNXL_SQL_3!$D:$D,'PAGE_1 (4)'!$S$34)) | J44: =IF(SUMIFS(RES_CNXL_SQL_3!$F:$F,RES_CNXL_SQL_3!$A:$A,'PAGE_1 (4)'!$R30,RES_CNXL_SQL_3!$D:$D,'PAGE_1 (4)'!$S$35)=0,"",SUMIFS(RES_CNXL_SQL_3!$F:$F,RES_CNXL_SQL_3!$A:$A,'PAGE_1 (4)'!$R30,RES_CNXL_SQL_3!$D:$D,'PAGE_1 (4)'!$S$35)) | K44: =IF(SUMIFS(RES_CNXL_SQL_3!$F:$F,RES_CNXL_SQL_3!$A:$A,'PAGE_1 (4)'!$R30,RES_CNXL_SQL_3!$D:$D,'PAGE_1 (4)'!$S$36)=0,"",SUMIFS(RES_CNXL_SQL_3!$F:$F,RES_CNXL_SQL_3!$A:$A,'PAGE_1 (4)'!$R30,RES_CNXL_SQL_3!$D:$D,'PAGE_1 (4)'!$S$36)) | L44: =IF(SUMIFS(RES_CNXL_SQL_3!$F:$F,RES_CNXL_SQL_3!$A:$A,'PAGE_1 (4)'!$R30,RES_CNXL_SQL_3!$D:$D,'PAGE_1 (4)'!$S$37)=0,"",SUMIFS(RES_CNXL_SQL_3!$F:$F,RES_CNXL_SQL_3!$A:$A,'PAGE_1 (4)'!$R30,RES_CNXL_SQL_3!$D:$D,'PAGE_1 (4)'!$S$37)) | M44: =IF(SUM(D44:L44)=0,"",SUM(D44:L44)) -> 6 | N44: =ES_MATRIX!K15 | O44: =IFERROR(M44-ES_MATRIX!L15,"") -> 6 | P44: =IF(SUMIF(RES_CNXL_SQL_3!$E:$E,'PAGE_1 (4)'!R30,RES_CNXL_SQL_3!$F:$F)=0,"",SUMIF(RES_CNXL_SQL_3!$E:$E,'PAGE_1 (4)'!R30,RES_CNXL_SQL_3!$F:$F))
B45: AX - Trans States | C45: =SUMIF(SCH_DEP_SQL_4!$A:$A,'PAGE_1 (4)'!R31,SCH_DEP_SQL_4!$E:$E) -> 0 | D45: =IF(SUMIFS(RES_CNXL_SQL_3!$F:$F,RES_CNXL_SQL_3!$A:$A,'PAGE_1 (4)'!$R31,RES_CNXL_SQL_3!$D:$D,'PAGE_1 (4)'!$S$29)=0,"",SUMIFS(RES_CNXL_SQL_3!$F:$F,RES_CNXL_SQL_3!$A:$A,'PAGE_1 (4)'!$R31,RES_CNXL_SQL_3!$D:$D,'PAGE_1 (4)'!$S$29)) | E45: =IF(SUMIFS(RES_CNXL_SQL_3!$F:$F,RES_CNXL_SQL_3!$A:$A,'PAGE_1 (4)'!$R31,RES_CNXL_SQL_3!$D:$D,'PAGE_1 (4)'!$S$30)=0,"",SUMIFS(RES_CNXL_SQL_3!$F:$F,RES_CNXL_SQL_3!$A:$A,'PAGE_1 (4)'!$R31,RES_CNXL_SQL_3!$D:$D,'PAGE_1 (4)'!$S$30)) | F45: =IF(SUMIFS(RES_CNXL_SQL_3!$F:$F,RES_CNXL_SQL_3!$A:$A,'PAGE_1 (4)'!$R31,RES_CNXL_SQL_3!$D:$D,'PAGE_1 (4)'!$S$31)=0,"",SUMIFS(RES_CNXL_SQL_3!$F:$F,RES_CNXL_SQL_3!$A:$A,'PAGE_1 (4)'!$R31,RES_CNXL_SQL_3!$D:$D,'PAGE_1 (4)'!$S$31)) | G45: =IF(SUMIFS(RES_CNXL_SQL_3!$F:$F,RES_CNXL_SQL_3!$A:$A,'PAGE_1 (4)'!$R31,RES_CNXL_SQL_3!$D:$D,'PAGE_1 (4)'!$S$32)=0,"",SUMIFS(RES_CNXL_SQL_3!$F:$F,RES_CNXL_SQL_3!$A:$A,'PAGE_1 (4)'!$R31,RES_CNXL_SQL_3!$D:$D,'PAGE_1 (4)'!$S$32)) | H45: =IF(SUMIFS(RES_CNXL_SQL_3!$F:$F,RES_CNXL_SQL_3!$A:$A,'PAGE_1 (4)'!$R31,RES_CNXL_SQL_3!$D:$D,'PAGE_1 (4)'!$S$33)=0,"",SUMIFS(RES_CNXL_SQL_3!$F:$F,RES_CNXL_SQL_3!$A:$A,'PAGE_1 (4)'!$R31,RES_CNXL_SQL_3!$D:$D,'PAGE_1 (4)'!$S$33)) | I45: =IF(SUMIFS(RES_CNXL_SQL_3!$F:$F,RES_CNXL_SQL_3!$A:$A,'PAGE_1 (4)'!$R31,RES_CNXL_SQL_3!$D:$D,'PAGE_1 (4)'!$S$34)=0,"",SUMIFS(RES_CNXL_SQL_3!$F:$F,RES_CNXL_SQL_3!$A:$A,'PAGE_1 (4)'!$R31,RES_CNXL_SQL_3!$D:$D,'PAGE_1 (4)'!$S$34)) | J45: =IF(SUMIFS(RES_CNXL_SQL_3!$F:$F,RES_CNXL_SQL_3!$A:$A,'PAGE_1 (4)'!$R31,RES_CNXL_SQL_3!$D:$D,'PAGE_1 (4)'!$S$35)=0,"",SUMIFS(RES_CNXL_SQL_3!$F:$F,RES_CNXL_SQL_3!$A:$A,'PAGE_1 (4)'!$R31,RES_CNXL_SQL_3!$D:$D,'PAGE_1 (4)'!$S$35)) | K45: =IF(SUMIFS(RES_CNXL_SQL_3!$F:$F,RES_CNXL_SQL_3!$A:$A,'PAGE_1 (4)'!$R31,RES_CNXL_SQL_3!$D:$D,'PAGE_1 (4)'!$S$36)=0,"",SUMIFS(RES_CNXL_SQL_3!$F:$F,RES_CNXL_SQL_3!$A:$A,'PAGE_1 (4)'!$R31,RES_CNXL_SQL_3!$D:$D,'PAGE_1 (4)'!$S$36)) | L45: =IF(SUMIFS(RES_CNXL_SQL_3!$F:$F,RES_CNXL_SQL_3!$A:$A,'PAGE_1 (4)'!$R31,RES_CNXL_SQL_3!$D:$D,'PAGE_1 (4)'!$S$37)=0,"",SUMIFS(RES_CNXL_SQL_3!$F:$F,RES_CNXL_SQL_3!$A:$A,'PAGE_1 (4)'!$R31,RES_CNXL_SQL_3!$D:$D,'PAGE_1 (4)'!$S$37)) | M45: =IF(SUM(D45:L45)=0,"",SUM(D45:L45)) | N45: =ES_MATRIX!K16 | O45: =IFERROR(M45-ES_MATRIX!L16,"") | P45: =IF(SUMIF(RES_CNXL_SQL_3!$E:$E,'PAGE_1 (4)'!R31,RES_CNXL_SQL_3!$F:$F)=0,"",SUMIF(RES_CNXL_SQL_3!$E:$E,'PAGE_1 (4)'!R31,RES_CNXL_SQL_3!$F:$F))
B46: YX - Republic | C46: =SUMIF(SCH_DEP_SQL_4!$A:$A,'PAGE_1 (4)'!R32,SCH_DEP_SQL_4!$E:$E) -> 297 | D46: =IF(SUMIFS(RES_CNXL_SQL_3!$F:$F,RES_CNXL_SQL_3!$A:$A,'PAGE_1 (4)'!$R32,RES_CNXL_SQL_3!$D:$D,'PAGE_1 (4)'!$S$29)=0,"",SUMIFS(RES_CNXL_SQL_3!$F:$F,RES_CNXL_SQL_3!$A:$A,'PAGE_1 (4)'!$R32,RES_CNXL_SQL_3!$D:$D,'PAGE_1 (4)'!$S$29)) | E46: =IF(SUMIFS(RES_CNXL_SQL_3!$F:$F,RES_CNXL_SQL_3!$A:$A,'PAGE_1 (4)'!$R32,RES_CNXL_SQL_3!$D:$D,'PAGE_1 (4)'!$S$30)=0,"",SUMIFS(RES_CNXL_SQL_3!$F:$F,RES_CNXL_SQL_3!$A:$A,'PAGE_1 (4)'!$R32,RES_CNXL_SQL_3!$D:$D,'PAGE_1 (4)'!$S$30)) | F46: =IF(SUMIFS(RES_CNXL_SQL_3!$F:$F,RES_CNXL_SQL_3!$A:$A,'PAGE_1 (4)'!$R32,RES_CNXL_SQL_3!$D:$D,'PAGE_1 (4)'!$S$31)=0,"",SUMIFS(RES_CNXL_SQL_3!$F:$F,RES_CNXL_SQL_3!$A:$A,'PAGE_1 (4)'!$R32,RES_CNXL_SQL_3!$D:$D,'PAGE_1 (4)'!$S$31)) | G46: =IF(SUMIFS(RES_CNXL_SQL_3!$F:$F,RES_CNXL_SQL_3!$A:$A,'PAGE_1 (4)'!$R32,RES_CNXL_SQL_3!$D:$D,'PAGE_1 (4)'!$S$32)=0,"",SUMIFS(RES_CNXL_SQL_3!$F:$F,RES_CNXL_SQL_3!$A:$A,'PAGE_1 (4)'!$R32,RES_CNXL_SQL_3!$D:$D,'PAGE_1 (4)'!$S$32)) | H46: =IF(SUMIFS(RES_CNXL_SQL_3!$F:$F,RES_CNXL_SQL_3!$A:$A,'PAGE_1 (4)'!$R32,RES_CNXL_SQL_3!$D:$D,'PAGE_1 (4)'!$S$33)=0,"",SUMIFS(RES_CNXL_SQL_3!$F:$F,RES_CNXL_SQL_3!$A:$A,'PAGE_1 (4)'!$R32,RES_CNXL_SQL_3!$D:$D,'PAGE_1 (4)'!$S$33)) | I46: =IF(SUMIFS(RES_CNXL_SQL_3!$F:$F,RES_CNXL_SQL_3!$A:$A,'PAGE_1 (4)'!$R32,RES_CNXL_SQL_3!$D:$D,'PAGE_1 (4)'!$S$34)=0,"",SUMIFS(RES_CNXL_SQL_3!$F:$F,RES_CNXL_SQL_3!$A:$A,'PAGE_1 (4)'!$R32,RES_CNXL_SQL_3!$D:$D,'PAGE_1 (4)'!$S$34)) | J46: =IF(SUMIFS(RES_CNXL_SQL_3!$F:$F,RES_CNXL_SQL_3!$A:$A,'PAGE_1 (4)'!$R32,RES_CNXL_SQL_3!$D:$D,'PAGE_1 (4)'!$S$35)=0,"",SUMIFS(RES_CNXL_SQL_3!$F:$F,RES_CNXL_SQL_3!$A:$A,'PAGE_1 (4)'!$R32,RES_CNXL_SQL_3!$D:$D,'PAGE_1 (4)'!$S$35)) | K46: =IF(SUMIFS(RES_CNXL_SQL_3!$F:$F,RES_CNXL_SQL_3!$A:$A,'PAGE_1 (4)'!$R32,RES_CNXL_SQL_3!$D:$D,'PAGE_1 (4)'!$S$36)=0,"",SUMIFS(RES_CNXL_SQL_3!$F:$F,RES_CNXL_SQL_3!$A:$A,'PAGE_1 (4)'!$R32,RES_CNXL_SQL_3!$D:$D,'PAGE_1 (4)'!$S$36)) | L46: =IF(SUMIFS(RES_CNXL_SQL_3!$F:$F,RES_CNXL_SQL_3!$A:$A,'PAGE_1 (4)'!$R32,RES_CNXL_SQL_3!$D:$D,'PAGE_1 (4)'!$S$37)=0,"",SUMIFS(RES_CNXL_SQL_3!$F:$F,RES_CNXL_SQL_3!$A:$A,'PAGE_1 (4)'!$R32,RES_CNXL_SQL_3!$D:$D,'PAGE_1 (4)'!$S$37)) | M46: =IF(SUM(D46:L46)=0,"",SUM(D46:L46)) | N46: =ES_MATRIX!K17 | O46: =IFERROR(M46-ES_MATRIX!L17,"") | P46: =IF(SUMIF(RES_CNXL_SQL_3!$E:$E,'PAGE_1 (4)'!R32,RES_CNXL_SQL_3!$F:$F)=0,"",SUMIF(RES_CNXL_SQL_3!$E:$E,'PAGE_1 (4)'!R32,RES_CNXL_SQL_3!$F:$F))
B47: G7 - Go Jet | C47: =SUMIF(SCH_DEP_SQL_4!$A:$A,'PAGE_1 (4)'!R33,SCH_DEP_SQL_4!$E:$E) -> 186 | D47: =IF(SUMIFS(RES_CNXL_SQL_3!$F:$F,RES_CNXL_SQL_3!$A:$A,'PAGE_1 (4)'!$R33,RES_CNXL_SQL_3!$D:$D,'PAGE_1 (4)'!$S$29)=0,"",SUMIFS(RES_CNXL_SQL_3!$F:$F,RES_CNXL_SQL_3!$A:$A,'PAGE_1 (4)'!$R33,RES_CNXL_SQL_3!$D:$D,'PAGE_1 (4)'!$S$29)) | E47: =IF(SUMIFS(RES_CNXL_SQL_3!$F:$F,RES_CNXL_SQL_3!$A:$A,'PAGE_1 (4)'!$R33,RES_CNXL_SQL_3!$D:$D,'PAGE_1 (4)'!$S$30)=0,"",SUMIFS(RES_CNXL_SQL_3!$F:$F,RES_CNXL_SQL_3!$A:$A,'PAGE_1 (4)'!$R33,RES_CNXL_SQL_3!$D:$D,'PAGE_1 (4)'!$S$30)) | F47: =IF(SUMIFS(RES_CNXL_SQL_3!$F:$F,RES_CNXL_SQL_3!$A:$A,'PAGE_1 (4)'!$R33,RES_CNXL_SQL_3!$D:$D,'PAGE_1 (4)'!$S$31)=0,"",SUMIFS(RES_CNXL_SQL_3!$F:$F,RES_CNXL_SQL_3!$A:$A,'PAGE_1 (4)'!$R33,RES_CNXL_SQL_3!$D:$D,'PAGE_1 (4)'!$S$31)) | G47: =IF(SUMIFS(RES_CNXL_SQL_3!$F:$F,RES_CNXL_SQL_3!$A:$A,'PAGE_1 (4)'!$R33,RES_CNXL_SQL_3!$D:$D,'PAGE_1 (4)'!$S$32)=0,"",SUMIFS(RES_CNXL_SQL_3!$F:$F,RES_CNXL_SQL_3!$A:$A,'PAGE_1 (4)'!$R33,RES_CNXL_SQL_3!$D:$D,'PAGE_1 (4)'!$S$32)) | H47: =IF(SUMIFS(RES_CNXL_SQL_3!$F:$F,RES_CNXL_SQL_3!$A:$A,'PAGE_1 (4)'!$R33,RES_CNXL_SQL_3!$D:$D,'PAGE_1 (4)'!$S$33)=0,"",SUMIFS(RES_CNXL_SQL_3!$F:$F,RES_CNXL_SQL_3!$A:$A,'PAGE_1 (4)'!$R33,RES_CNXL_SQL_3!$D:$D,'PAGE_1 (4)'!$S$33)) -> 1 | I47: =IF(SUMIFS(RES_CNXL_SQL_3!$F:$F,RES_CNXL_SQL_3!$A:$A,'PAGE_1 (4)'!$R33,RES_CNXL_SQL_3!$D:$D,'PAGE_1 (4)'!$S$34)=0,"",SUMIFS(RES_CNXL_SQL_3!$F:$F,RES_CNXL_SQL_3!$A:$A,'PAGE_1 (4)'!$R33,RES_CNXL_SQL_3!$D:$D,'PAGE_1 (4)'!$S$34)) | J47: =IF(SUMIFS(RES_CNXL_SQL_3!$F:$F,RES_CNXL_SQL_3!$A:$A,'PAGE_1 (4)'!$R33,RES_CNXL_SQL_3!$D:$D,'PAGE_1 (4)'!$S$35)=0,"",SUMIFS(RES_CNXL_SQL_3!$F:$F,RES_CNXL_SQL_3!$A:$A,'PAGE_1 (4)'!$R33,RES_CNXL_SQL_3!$D:$D,'PAGE_1 (4)'!$S$35)) | K47: =IF(SUMIFS(RES_CNXL_SQL_3!$F:$F,RES_CNXL_SQL_3!$A:$A,'PAGE_1 (4)'!$R33,RES_CNXL_SQL_3!$D:$D,'PAGE_1 (4)'!$S$36)=0,"",SUMIFS(RES_CNXL_SQL_3!$F:$F,RES_CNXL_SQL_3!$A:$A,'PAGE_1 (4)'!$R33,RES_CNXL_SQL_3!$D:$D,'PAGE_1 (4)'!$S$36)) | L47: =IF(SUMIFS(RES_CNXL_SQL_3!$F:$F,RES_CNXL_SQL_3!$A:$A,'PAGE_1 (4)'!$R33,RES_CNXL_SQL_3!$D:$D,'PAGE_1 (4)'!$S$37)=0,"",SUMIFS(RES_CNXL_SQL_3!$F:$F,RES_CNXL_SQL_3!$A:$A,'PAGE_1 (4)'!$R33,RES_CNXL_SQL_3!$D:$D,'PAGE_1 (4)'!$S$37)) | M47: =IF(SUM(D47:L47)=0,"",SUM(D47:L47)) -> 1 | N47: =ES_MATRIX!K18 | O47: =IFERROR(M47-ES_MATRIX!L18,"") -> 1 | P47: =IF(SUMIF(RES_CNXL_SQL_3!$E:$E,'PAGE_1 (4)'!R33,RES_CNXL_SQL_3!$F:$F)=0,"",SUMIF(RES_CNXL_SQL_3!$E:$E,'PAGE_1 (4)'!R33,RES_CNXL_SQL_3!$F:$F))
B48: C5 - CommutAir | C48: =SUMIF(SCH_DEP_SQL_4!$A:$A,'PAGE_1 (4)'!R34,SCH_DEP_SQL_4!$E:$E) -> 193 | D48: =IF(SUMIFS(RES_CNXL_SQL_3!$F:$F,RES_CNXL_SQL_3!$A:$A,'PAGE_1 (4)'!$R34,RES_CNXL_SQL_3!$D:$D,'PAGE_1 (4)'!$S$29)=0,"",SUMIFS(RES_CNXL_SQL_3!$F:$F,RES_CNXL_SQL_3!$A:$A,'PAGE_1 (4)'!$R34,RES_CNXL_SQL_3!$D:$D,'PAGE_1 (4)'!$S$29)) | E48: =IF(SUMIFS(RES_CNXL_SQL_3!$F:$F,RES_CNXL_SQL_3!$A:$A,'PAGE_1 (4)'!$R34,RES_CNXL_SQL_3!$D:$D,'PAGE_1 (4)'!$S$30)=0,"",SUMIFS(RES_CNXL_SQL_3!$F:$F,RES_CNXL_SQL_3!$A:$A,'PAGE_1 (4)'!$R34,RES_CNXL_SQL_3!$D:$D,'PAGE_1 (4)'!$S$30)) | F48: =IF(SUMIFS(RES_CNXL_SQL_3!$F:$F,RES_CNXL_SQL_3!$A:$A,'PAGE_1 (4)'!$R34,RES_CNXL_SQL_3!$D:$D,'PAGE_1 (4)'!$S$31)=0,"",SUMIFS(RES_CNXL_SQL_3!$F:$F,RES_CNXL_SQL_3!$A:$A,'PAGE_1 (4)'!$R34,RES_CNXL_SQL_3!$D:$D,'PAGE_1 (4)'!$S$31)) | G48: =IF(SUMIFS(RES_CNXL_SQL_3!$F:$F,RES_CNXL_SQL_3!$A:$A,'PAGE_1 (4)'!$R34,RES_CNXL_SQL_3!$D:$D,'PAGE_1 (4)'!$S$32)=0,"",SUMIFS(RES_CNXL_SQL_3!$F:$F,RES_CNXL_SQL_3!$A:$A,'PAGE_1 (4)'!$R34,RES_CNXL_SQL_3!$D:$D,'PAGE_1 (4)'!$S$32)) | H48: =IF(SUMIFS(RES_CNXL_SQL_3!$F:$F,RES_CNXL_SQL_3!$A:$A,'PAGE_1 (4)'!$R34,RES_CNXL_SQL_3!$D:$D,'PAGE_1 (4)'!$S$33)=0,"",SUMIFS(RES_CNXL_SQL_3!$F:$F,RES_CNXL_SQL_3!$A:$A,'PAGE_1 (4)'!$R34,RES_CNXL_SQL_3!$D:$D,'PAGE_1 (4)'!$S$33)) | I48: =IF(SUMIFS(RES_CNXL_SQL_3!$F:$F,RES_CNXL_SQL_3!$A:$A,'PAGE_1 (4)'!$R34,RES_CNXL_SQL_3!$D:$D,'PAGE_1 (4)'!$S$34)=0,"",SUMIFS(RES_CNXL_SQL_3!$F:$F,RES_CNXL_SQL_3!$A:$A,'PAGE_1 (4)'!$R34,RES_CNXL_SQL_3!$D:$D,'PAGE_1 (4)'!$S$34)) | J48: =IF(SUMIFS(RES_CNXL_SQL_3!$F:$F,RES_CNXL_SQL_3!$A:$A,'PAGE_1 (4)'!$R34,RES_CNXL_SQL_3!$D:$D,'PAGE_1 (4)'!$S$35)=0,"",SUMIFS(RES_CNXL_SQL_3!$F:$F,RES_CNXL_SQL_3!$A:$A,'PAGE_1 (4)'!$R34,RES_CNXL_SQL_3!$D:$D,'PAGE_1 (4)'!$S$35)) | K48: =IF(SUMIFS(RES_CNXL_SQL_3!$F:$F,RES_CNXL_SQL_3!$A:$A,'PAGE_1 (4)'!$R34,RES_CNXL_SQL_3!$D:$D,'PAGE_1 (4)'!$S$36)=0,"",SUMIFS(RES_CNXL_SQL_3!$F:$F,RES_CNXL_SQL_3!$A:$A,'PAGE_1 (4)'!$R34,RES_CNXL_SQL_3!$D:$D,'PAGE_1 (4)'!$S$36)) | L48: =IF(SUMIFS(RES_CNXL_SQL_3!$F:$F,RES_CNXL_SQL_3!$A:$A,'PAGE_1 (4)'!$R34,RES_CNXL_SQL_3!$D:$D,'PAGE_1 (4)'!$S$37)=0,"",SUMIFS(RES_CNXL_SQL_3!$F:$F,RES_CNXL_SQL_3!$A:$A,'PAGE_1 (4)'!$R34,RES_CNXL_SQL_3!$D:$D,'PAGE_1 (4)'!$S$37)) | M48: =IF(SUM(D48:L48)=0,"",SUM(D48:L48)) | N48: =ES_MATRIX!K19 | O48: =IFERROR(M48-ES_MATRIX!L19,"") | P48: =IF(SUMIF(RES_CNXL_SQL_3!$E:$E,'PAGE_1 (4)'!R34,RES_CNXL_SQL_3!$F:$F)=0,"",SUMIF(RES_CNXL_SQL_3!$E:$E,'PAGE_1 (4)'!R34,RES_CNXL_SQL_3!$F:$F))
B49: YV - Mesa | C49: =SUMIF(SCH_DEP_SQL_4!$A:$A,'PAGE_1 (4)'!R35,SCH_DEP_SQL_4!$E:$E) -> 213 | D49: =IF(SUMIFS(RES_CNXL_SQL_3!$F:$F,RES_CNXL_SQL_3!$A:$A,'PAGE_1 (4)'!$R35,RES_CNXL_SQL_3!$D:$D,'PAGE_1 (4)'!$S$29)=0,"",SUMIFS(RES_CNXL_SQL_3!$F:$F,RES_CNXL_SQL_3!$A:$A,'PAGE_1 (4)'!$R35,RES_CNXL_SQL_3!$D:$D,'PAGE_1 (4)'!$S$29)) | E49: =IF(SUMIFS(RES_CNXL_SQL_3!$F:$F,RES_CNXL_SQL_3!$A:$A,'PAGE_1 (4)'!$R35,RES_CNXL_SQL_3!$D:$D,'PAGE_1 (4)'!$S$30)=0,"",SUMIFS(RES_CNXL_SQL_3!$F:$F,RES_CNXL_SQL_3!$A:$A,'PAGE_1 (4)'!$R35,RES_CNXL_SQL_3!$D:$D,'PAGE_1 (4)'!$S$30)) | F49: =IF(SUMIFS(RES_CNXL_SQL_3!$F:$F,RES_CNXL_SQL_3!$A:$A,'PAGE_1 (4)'!$R35,RES_CNXL_SQL_3!$D:$D,'PAGE_1 (4)'!$S$31)=0,"",SUMIFS(RES_CNXL_SQL_3!$F:$F,RES_CNXL_SQL_3!$A:$A,'PAGE_1 (4)'!$R35,RES_CNXL_SQL_3!$D:$D,'PAGE_1 (4)'!$S$31)) | G49: =IF(SUMIFS(RES_CNXL_SQL_3!$F:$F,RES_CNXL_SQL_3!$A:$A,'PAGE_1 (4)'!$R35,RES_CNXL_SQL_3!$D:$D,'PAGE_1 (4)'!$S$32)=0,"",SUMIFS(RES_CNXL_SQL_3!$F:$F,RES_CNXL_SQL_3!$A:$A,'PAGE_1 (4)'!$R35,RES_CNXL_SQL_3!$D:$D,'PAGE_1 (4)'!$S$32)) | H49: =IF(SUMIFS(RES_CNXL_SQL_3!$F:$F,RES_CNXL_SQL_3!$A:$A,'PAGE_1 (4)'!$R35,RES_CNXL_SQL_3!$D:$D,'PAGE_1 (4)'!$S$33)=0,"",SUMIFS(RES_CNXL_SQL_3!$F:$F,RES_CNXL_SQL_3!$A:$A,'PAGE_1 (4)'!$R35,RES_CNXL_SQL_3!$D:$D,'PAGE_1 (4)'!$S$33)) | I49: =IF(SUMIFS(RES_CNXL_SQL_3!$F:$F,RES_CNXL_SQL_3!$A:$A,'PAGE_1 (4)'!$R35,RES_CNXL_SQL_3!$D:$D,'PAGE_1 (4)'!$S$34)=0,"",SUMIFS(RES_CNXL_SQL_3!$F:$F,RES_CNXL_SQL_3!$A:$A,'PAGE_1 (4)'!$R35,RES_CNXL_SQL_3!$D:$D,'PAGE_1 (4)'!$S$34)) | J49: =IF(SUMIFS(RES_CNXL_SQL_3!$F:$F,RES_CNXL_SQL_3!$A:$A,'PAGE_1 (4)'!$R35,RES_CNXL_SQL_3!$D:$D,'PAGE_1 (4)'!$S$35)=0,"",SUMIFS(RES_CNXL_SQL_3!$F:$F,RES_CNXL_SQL_3!$A:$A,'PAGE_1 (4)'!$R35,RES_CNXL_SQL_3!$D:$D,'PAGE_1 (4)'!$S$35)) | K49: =IF(SUMIFS(RES_CNXL_SQL_3!$F:$F,RES_CNXL_SQL_3!$A:$A,'PAGE_1 (4)'!$R35,RES_CNXL_SQL_3!$D:$D,'PAGE_1 (4)'!$S$36)=0,"",SUMIFS(RES_CNXL_SQL_3!$F:$F,RES_CNXL_SQL_3!$A:$A,'PAGE_1 (4)'!$R35,RES_CNXL_SQL_3!$D:$D,'PAGE_1 (4)'!$S$36)) | L49: =IF(SUMIFS(RES_CNXL_SQL_3!$F:$F,RES_CNXL_SQL_3!$A:$A,'PAGE_1 (4)'!$R35,RES_CNXL_SQL_3!$D:$D,'PAGE_1 (4)'!$S$37)=0,"",SUMIFS(RES_CNXL_SQL_3!$F:$F,RES_CNXL_SQL_3!$A:$A,'PAGE_1 (4)'!$R35,RES_CNXL_SQL_3!$D:$D,'PAGE_1 (4)'!$S$37)) | M49: =IF(SUM(D49:L49)=0,"",SUM(D49:L49)) | N49: =ES_MATRIX!K20 | O49: =IFERROR(M49-ES_MATRIX!L20,"") | P49: =IF(SUMIF(RES_CNXL_SQL_3!$E:$E,'PAGE_1 (4)'!R35,RES_CNXL_SQL_3!$F:$F)=0,"",SUMIF(RES_CNXL_SQL_3!$E:$E,'PAGE_1 (4)'!R35,RES_CNXL_SQL_3!$F:$F))
B50: ZW - Air Wisconsin | C50: =SUMIF(SCH_DEP_SQL_4!$A:$A,'PAGE_1 (4)'!R36,SCH_DEP_SQL_4!$E:$E) -> 0 | D50: =IF(SUMIFS(RES_CNXL_SQL_3!$F:$F,RES_CNXL_SQL_3!$A:$A,'PAGE_1 (4)'!$R36,RES_CNXL_SQL_3!$D:$D,'PAGE_1 (4)'!$S$29)=0,"",SUMIFS(RES_CNXL_SQL_3!$F:$F,RES_CNXL_SQL_3!$A:$A,'PAGE_1 (4)'!$R36,RES_CNXL_SQL_3!$D:$D,'PAGE_1 (4)'!$S$29)) | E50: =IF(SUMIFS(RES_CNXL_SQL_3!$F:$F,RES_CNXL_SQL_3!$A:$A,'PAGE_1 (4)'!$R36,RES_CNXL_SQL_3!$D:$D,'PAGE_1 (4)'!$S$30)=0,"",SUMIFS(RES_CNXL_SQL_3!$F:$F,RES_CNXL_SQL_3!$A:$A,'PAGE_1 (4)'!$R36,RES_CNXL_SQL_3!$D:$D,'PAGE_1 (4)'!$S$30)) | F50: =IF(SUMIFS(RES_CNXL_SQL_3!$F:$F,RES_CNXL_SQL_3!$A:$A,'PAGE_1 (4)'!$R36,RES_CNXL_SQL_3!$D:$D,'PAGE_1 (4)'!$S$31)=0,"",SUMIFS(RES_CNXL_SQL_3!$F:$F,RES_CNXL_SQL_3!$A:$A,'PAGE_1 (4)'!$R36,RES_CNXL_SQL_3!$D:$D,'PAGE_1 (4)'!$S$31)) | G50: =IF(SUMIFS(RES_CNXL_SQL_3!$F:$F,RES_CNXL_SQL_3!$A:$A,'PAGE_1 (4)'!$R36,RES_CNXL_SQL_3!$D:$D,'PAGE_1 (4)'!$S$32)=0,"",SUMIFS(RES_CNXL_SQL_3!$F:$F,RES_CNXL_SQL_3!$A:$A,'PAGE_1 (4)'!$R36,RES_CNXL_SQL_3!$D:$D,'PAGE_1 (4)'!$S$32)) | H50: =IF(SUMIFS(RES_CNXL_SQL_3!$F:$F,RES_CNXL_SQL_3!$A:$A,'PAGE_1 (4)'!$R36,RES_CNXL_SQL_3!$D:$D,'PAGE_1 (4)'!$S$33)=0,"",SUMIFS(RES_CNXL_SQL_3!$F:$F,RES_CNXL_SQL_3!$A:$A,'PAGE_1 (4)'!$R36,RES_CNXL_SQL_3!$D:$D,'PAGE_1 (4)'!$S$33)) | I50: =IF(SUMIFS(RES_CNXL_SQL_3!$F:$F,RES_CNXL_SQL_3!$A:$A,'PAGE_1 (4)'!$R36,RES_CNXL_SQL_3!$D:$D,'PAGE_1 (4)'!$S$34)=0,"",SUMIFS(RES_CNXL_SQL_3!$F:$F,RES_CNXL_SQL_3!$A:$A,'PAGE_1 (4)'!$R36,RES_CNXL_SQL_3!$D:$D,'PAGE_1 (4)'!$S$34)) | J50: =IF(SUMIFS(RES_CNXL_SQL_3!$F:$F,RES_CNXL_SQL_3!$A:$A,'PAGE_1 (4)'!$R36,RES_CNXL_SQL_3!$D:$D,'PAGE_1 (4)'!$S$35)=0,"",SUMIFS(RES_CNXL_SQL_3!$F:$F,RES_CNXL_SQL_3!$A:$A,'PAGE_1 (4)'!$R36,RES_CNXL_SQL_3!$D:$D,'PAGE_1 (4)'!$S$35)) | K50: =IF(SUMIFS(RES_CNXL_SQL_3!$F:$F,RES_CNXL_SQL_3!$A:$A,'PAGE_1 (4)'!$R36,RES_CNXL_SQL_3!$D:$D,'PAGE_1 (4)'!$S$36)=0,"",SUMIFS(RES_CNXL_SQL_3!$F:$F,RES_CNXL_SQL_3!$A:$A,'PAGE_1 (4)'!$R36,RES_CNXL_SQL_3!$D:$D,'PAGE_1 (4)'!$S$36)) | L50: =IF(SUMIFS(RES_CNXL_SQL_3!$F:$F,RES_CNXL_SQL_3!$A:$A,'PAGE_1 (4)'!$R36,RES_CNXL_SQL_3!$D:$D,'PAGE_1 (4)'!$S$37)=0,"",SUMIFS(RES_CNXL_SQL_3!$F:$F,RES_CNXL_SQL_3!$A:$A,'PAGE_1 (4)'!$R36,RES_CNXL_SQL_3!$D:$D,'PAGE_1 (4)'!$S$37)) | M50: =IF(SUM(D50:L50)=0,"",SUM(D50:L50)) | N50: =ES_MATRIX!K21 | O50: =IFERROR(M50-ES_MATRIX!L21,"") | P50: =IF(SUMIF(RES_CNXL_SQL_3!$E:$E,'PAGE_1 (4)'!R36,RES_CNXL_SQL_3!$F:$F)=0,"",SUMIF(RES_CNXL_SQL_3!$E:$E,'PAGE_1 (4)'!R36,RES_CNXL_SQL_3!$F:$F))
B51: Total: | C51: =SUM(C43:C50) -> 1705 | D51: =IF(SUM(D43:D50)=0,"",SUM(D43:D50)) -> 6 | E51: =IF(SUM(E43:E50)=0,"",SUM(E43:E50)) | F51: =IF(SUM(F43:F50)=0,"",SUM(F43:F50)) | G51: =IF(SUM(G43:G50)=0,"",SUM(G43:G50)) | H51: =IF(SUM(H43:H50)=0,"",SUM(H43:H50)) -> 1 | I51: =IF(SUM(I43:I50)=0,"",SUM(I43:I50)) | J51: =IF(SUM(J43:J50)=0,"",SUM(J43:J50)) | K51: =IF(SUM(K43:K50)=0,"",SUM(K43:K50)) | L51: =IF(SUM(L43:L50)=0,"",SUM(L43:L50)) | M51: =SUM(M43:M50) -> 7 | O51: =SUM(O43:O50) -> 7 | P51: =SUM(P43:P50) -> 0

Sheet PAGE_1_old
B2: UAX Daily Snapshot for | D2: =TODAY()-1 -> 45644
B4: Reliability Snapshot - SYS
B5: Metric | C5: =TODAY()-1 -> 45644 | D5: MTD | E5: Goal | F5: DL Diff. | G5: AA Diff. | H5: Rank
B6: Completion | C6: =UA_SQL_1!N2/UA_SQL_1!M2 -> 852.5 | D6: =UA_SQL_1!F2/UA_SQL_1!E2 -> 0.0040492958 | E6: =SUMIF(EX_Goals!$B:$B,PAGE_1_old!#REF!,EX_Goals!$E:$E) -> 0 | F6: =((UA_SQL_1!$N$2/UA_SQL_1!$M$2)-(SUMIF(OA_SQL_1!$A$1:$A$3,"DL",OA_SQL_1!$K$1:$K$3)/SUMIF(OA_SQL_1!$A$1:$A$3,"DL",OA_SQL_1!$I$1:$I$3)))*100 -> 85218.586 | G6: =((UA_SQL_1!$N$2/UA_SQL_1!$M$2)-(SUMIF(OA_SQL_1!$A$1:$A$3,"AA",OA_SQL_1!$K$1:$K$3)/SUMIF(OA_SQL_1!$A$1:$A$3,"AA",OA_SQL_1!$I$1:$I$3)))*100 -> 85221.573 | H6: =RANK!F2 -> 3
B7: A:00 | C7: =UA_SQL_1!Q2/UA_SQL_1!M2 -> 665.5 | D7: =UA_SQL_1!I2/UA_SQL_1!E2 -> 0.6415493 | E7: =SUMIF(EX_Goals!$B:$B,PAGE_1_old!#REF!,EX_Goals!$D:$D) -> 0 | F7: =((UA_SQL_1!$Q$2/UA_SQL_1!$M$2)-(SUMIF(OA_SQL_1!$A$1:$A$3,"DL",OA_SQL_1!$L$1:$L$3)/SUMIF(OA_SQL_1!$A$1:$A$3,"DL",OA_SQL_1!$I$1:$I$3)))*100 -> 66504.526 | G7: =((UA_SQL_1!$Q$2/UA_SQL_1!$M$2)-(SUMIF(OA_SQL_1!$A$1:$A$3,"AA",OA_SQL_1!$L$1:$L$3)/SUMIF(OA_SQL_1!$A$1:$A$3,"AA",OA_SQL_1!$I$1:$I$3)))*100 -> 66511.17 | H7: =RANK!F3 -> 1
B8: CS D:00 | C8: =UA_SQL_1!P2/UA_SQL_1!M2 -> 648.5 | D8: =UA_SQL_1!H2/UA_SQL_1!E2 -> 0.71795775 | E8: =SUMIF(EX_Goals!$B:$B,PAGE_1_old!#REF!,EX_Goals!$C:$C) -> 0 | F8: =((UA_SQL_1!$P$2/UA_SQL_1!$M$2)-(SUMIF(OA_SQL_1!$A$1:$A$3,"DL",OA_SQL_1!$J$1:$J$3)/SUMIF(OA_SQL_1!$A$1:$A$3,"DL",OA_SQL_1!$I$1:$I$3)))*100 -> 64804.124 | G8: =((UA_SQL_1!$P$2/UA_SQL_1!$M$2)-(SUMIF(OA_SQL_1!$A$1:$A$3,"AA",OA_SQL_1!$J$1:$J$3)/SUMIF(OA_SQL_1!$A$1:$A$3,"AA",OA_SQL_1!$I$1:$I$3)))*100 -> 64811.156 | H8: =RANK!F4 -> 1
B9: D:00 | C9: =UA_SQL_1!O2/UA_SQL_1!M2 -> 5.5 | D9: =UA_SQL_1!G2/UA_SQL_1!E2 -> 0.6943662 | E9: =SUMIF(EX_Goals!$B:$B,PAGE_1_old!#REF!,EX_Goals!$C:$C) -> 0
B10: STAR D:00 | C10: =UA_SQL_1!S2/UA_SQL_1!R2 -> 1.1911403 | D10: =UA_SQL_1!K2/UA_SQL_1!J2 -> 0.19176262 | E10: =SUMIF(EX_Goals!$B:$B,PAGE_1_old!#REF!,EX_Goals!$F:$F) -> 0
B11: Controllable Completion | C11: =(UA_SQL_1!M2-UA_SQL_1!T2)/UA_SQL_1!M2 -> -135.5 | D11: =(UA_SQL_1!E2-UA_SQL_1!L2)/UA_SQL_1!E2 -> 0.87552817 | E11: =SUMIF(EX_Goals!$B:$B,PAGE_1_old!#REF!,EX_Goals!$G:$G) -> 0
B12: Total diverts | C12: =SUMIFS(TOTAL_DIVERTS_SQL_5!$B:$B,TOTAL_DIVERTS_SQL_5!A:A,"YEST") -> 3 | D12: =SUMIFS(TOTAL_DIVERTS_SQL_5!$B:$B,TOTAL_DIVERTS_SQL_5!A:A,"MTD") -> 9
B13: Diverts recovered | C13: =SUMIF(DIVERTS_RECOVERED_SQL_6!$A:$A,"YEST",DIVERTS_RECOVERED_SQL_6!$C:$C) -> 1 | D13: =SUMIF(DIVERTS_RECOVERED_SQL_6!$A:$A,"MTD",DIVERTS_RECOVERED_SQL_6!$C:$C) -> 6
B16: Reliability Snapshot - Hubs
B17: Market | C17: D:00 | D17: CS D:00 | E17: DL Diff. | F17: AA Diff. | G17: Rank | H17: Completion | I17: DL Diff. | J17: AA Diff. | K17: Rank
B18: Denver | C18: =SUMIFS(UA_HUB_SQL_7!J:J,UA_HUB_SQL_7!$B:$B,PAGE_1_old!B18)/SUMIFS(UA_HUB_SQL_7!$F:$F,UA_HUB_SQL_7!$B:$B,PAGE_1_old!B18) -> 0.88 | D18: =SUMIFS(UA_HUB_SQL_7!K:K,UA_HUB_SQL_7!B:B,PAGE_1_old!B18)/SUMIFS(UA_HUB_SQL_7!F:F,UA_HUB_SQL_7!B:B,PAGE_1_old!B18) -> 0.89142857 | E18: =IFERROR(((SUMIFS(UA_HUB_SQL_7!$K:$K,UA_HUB_SQL_7!$B:$B,PAGE_1_old!$B$18)/SUMIFS(UA_HUB_SQL_7!$F:$F,UA_HUB_SQL_7!$B:$B,PAGE_1_old!$B$18))-(SUMIFS(OA_SQL_2!$K:$K,OA_SQL_2!$A:$A,PAGE_1_old!$B$18,OA_SQL_2!$B:$B,"DL")/SUMIFS(OA_SQL_2!$J:$J,OA_SQL_2!$A:$A,PAGE_1_old!$B$18,OA_SQL_2!$B:$B,"DL")))*100,"-") -> 89.142857 | F18: =IFERROR(((SUMIFS(UA_HUB_SQL_7!$K:$K,UA_HUB_SQL_7!$B:$B,PAGE_1_old!B18)/SUMIFS(UA_HUB_SQL_7!$F:$F,UA_HUB_SQL_7!$B:$B,PAGE_1_old!B18))-(SUMIFS(OA_SQL_2!$K:$K,OA_SQL_2!$A:$A,PAGE_1_old!B18,OA_SQL_2!$B:$B,"AA")/SUMIFS(OA_SQL_2!$J:$J,OA_SQL_2!$A:$A,PAGE_1_old!B18,OA_SQL_2!$B:$B,"AA")))*100,"-") -> 22.47619 | G18: =RANK!F8 -> 0 | H18: =SUMIFS(UA_HUB_SQL_7!G:G,UA_HUB_SQL_7!$B:$B,PAGE_1_old!B18)/SUMIFS(UA_HUB_SQL_7!$F:$F,UA_HUB_SQL_7!$B:$B,PAGE_1_old!B18) -> 0.0057142857 | I18: =IFERROR(((SUMIFS(UA_HUB_SQL_7!$G:$G,UA_HUB_SQL_7!$B:$B,PAGE_1_old!B18)/SUMIFS(UA_HUB_SQL_7!$F:$F,UA_HUB_SQL_7!$B:$B,PAGE_1_old!B18))-(SUMIFS(OA_SQL_2!$L:$L,OA_SQL_2!$A:$A,PAGE_1_old!B18,OA_SQL_2!$B:$B,"DL")/SUMIFS(OA_SQL_2!$J:$J,OA_SQL_2!$A:$A,PAGE_1_old!B18,OA_SQL_2!$B:$B,"DL")))*100,"-") -> -99.428571 | J18: =IFERROR(((SUMIFS(UA_HUB_SQL_7!$G:$G,UA_HUB_SQL_7!$B:$B,PAGE_1_old!B18)/SUMIFS(UA_HUB_SQL_7!$F:$F,UA_HUB_SQL_7!$B:$B,PAGE_1_old!B18))-(SUMIFS(OA_SQL_2!$L:$L,OA_SQL_2!$A:$A,PAGE_1_old!B18,OA_SQL_2!$B:$B,"AA")/SUMIFS(OA_SQL_2!$J:$J,OA_SQL_2!$A:$A,PAGE_1_old!B18,OA_SQL_2!$B:$B,"AA")))*100,"-") -> -99.428571 | K18: =RANK!M19 -> 2
B19: New York | C19: =SUMIFS(UA_HUB_SQL_7!J:J,UA_HUB_SQL_7!$B:$B,PAGE_1_old!B19)/SUMIFS(UA_HUB_SQL_7!$F:$F,UA_HUB_SQL_7!$B:$B,PAGE_1_old!B19) -> 0.78070175 | D19: =SUMIFS(UA_HUB_SQL_7!K:K,UA_HUB_SQL_7!B:B,PAGE_1_old!B19)/SUMIFS(UA_HUB_SQL_7!F:F,UA_HUB_SQL_7!B:B,PAGE_1_old!B19) -> 0.81578947 | E19: =IFERROR(((SUMIFS(UA_HUB_SQL_7!K:K,UA_HUB_SQL_7!B:B,PAGE_1_old!B19)/SUMIFS(UA_HUB_SQL_7!F:F,UA_HUB_SQL_7!B:B,PAGE_1_old!B19))-(SUMIFS(OA_SQL_2!K:K,OA_SQL_2!A:A,PAGE_1_old!B19,OA_SQL_2!B:B,"DL")/SUMIFS(OA_SQL_2!J:J,OA_SQL_2!A:A,PAGE_1_old!B19,OA_SQL_2!B:B,"DL")))*100,"-") -> 4.1843114 | F19: =IFERROR(((SUMIFS(UA_HUB_SQL_7!$K:$K,UA_HUB_SQL_7!$B:$B,PAGE_1_old!B19)/SUMIFS(UA_HUB_SQL_7!$F:$F,UA_HUB_SQL_7!$B:$B,PAGE_1_old!B19))-(SUMIFS(OA_SQL_2!$K:$K,OA_SQL_2!$A:$A,PAGE_1_old!B19,OA_SQL_2!$B:$B,"AA")/SUMIFS(OA_SQL_2!$J:$J,OA_SQL_2!$A:$A,PAGE_1_old!B19,OA_SQL_2!$B:$B,"AA")))*100,"-") -> 1.0911425 | G19: =RANK!F9 -> 1 | H19: =SUMIFS(UA_HUB_SQL_7!G:G,UA_HUB_SQL_7!$B:$B,PAGE_1_old!B19)/SUMIFS(UA_HUB_SQL_7!$F:$F,UA_HUB_SQL_7!$B:$B,PAGE_1_old!B19) -> 0 | I19: =IFERROR(((SUMIFS(UA_HUB_SQL_7!$G:$G,UA_HUB_SQL_7!$B:$B,PAGE_1_old!B19)/SUMIFS(UA_HUB_SQL_7!$F:$F,UA_HUB_SQL_7!$B:$B,PAGE_1_old!B19))-(SUMIFS(OA_SQL_2!$L:$L,OA_SQL_2!$A:$A,PAGE_1_old!B19,OA_SQL_2!$B:$B,"DL")/SUMIFS(OA_SQL_2!$J:$J,OA_SQL_2!$A:$A,PAGE_1_old!B19,OA_SQL_2!$B:$B,"DL")))*100,"-") -> -100 | J19: =IFERROR(((SUMIFS(UA_HUB_SQL_7!$G:$G,UA_HUB_SQL_7!$B:$B,PAGE_1_old!B19)/SUMIFS(UA_HUB_SQL_7!$F:$F,UA_HUB_SQL_7!$B:$B,PAGE_1_old!B19))-(SUMIFS(OA_SQL_2!$L:$L,OA_SQL_2!$A:$A,PAGE_1_old!B19,OA_SQL_2!$B:$B,"AA")/SUMIFS(OA_SQL_2!$J:$J,OA_SQL_2!$A:$A,PAGE_1_old!B19,OA_SQL_2!$B:$B,"AA")))*100,"-") -> -100 | K19: =RANK!M20 -> 3
B20: Washington DC | C20: =SUMIFS(UA_HUB_SQL_7!J:J,UA_HUB_SQL_7!$B:$B,PAGE_1_old!B20)/SUMIFS(UA_HUB_SQL_7!$F:$F,UA_HUB_SQL_7!$B:$B,PAGE_1_old!B20) -> 0.73228346 | D20: =SUMIFS(UA_HUB_SQL_7!K:K,UA_HUB_SQL_7!B:B,PAGE_1_old!B20)/SUMIFS(UA_HUB_SQL_7!F:F,UA_HUB_SQL_7!B:B,PAGE_1_old!B20) -> 0.77952756 | E20: =IFERROR(((SUMIFS(UA_HUB_SQL_7!K:K,UA_HUB_SQL_7!B:B,PAGE_1_old!B20)/SUMIFS(UA_HUB_SQL_7!F:F,UA_HUB_SQL_7!B:B,PAGE_1_old!B20))-(SUMIFS(OA_SQL_2!K:K,OA_SQL_2!A:A,PAGE_1_old!B20,OA_SQL_2!B:B,"DL")/SUMIFS(OA_SQL_2!J:J,OA_SQL_2!A:A,PAGE_1_old!B20,OA_SQL_2!B:B,"DL")))*100,"-") -> 8.185314 | F20: =IFERROR(((SUMIFS(UA_HUB_SQL_7!$K:$K,UA_HUB_SQL_7!$B:$B,PAGE_1_old!B20)/SUMIFS(UA_HUB_SQL_7!$F:$F,UA_HUB_SQL_7!$B:$B,PAGE_1_old!B20))-(SUMIFS(OA_SQL_2!$K:$K,OA_SQL_2!$A:$A,PAGE_1_old!B20,OA_SQL_2!$B:$B,"AA")/SUMIFS(OA_SQL_2!$J:$J,OA_SQL_2!$A:$A,PAGE_1_old!B20,OA_SQL_2!$B:$B,"AA")))*100,"-") -> 18.153761 | G20: =RANK!F10 -> 1 | H20: =SUMIFS(UA_HUB_SQL_7!G:G,UA_HUB_SQL_7!$B:$B,PAGE_1_old!B20)/SUMIFS(UA_HUB_SQL_7!$F:$F,UA_HUB_SQL_7!$B:$B,PAGE_1_old!B20) -> 0 | I20: =IFERROR(((SUMIFS(UA_HUB_SQL_7!$G:$G,UA_HUB_SQL_7!$B:$B,PAGE_1_old!B20)/SUMIFS(UA_HUB_SQL_7!$F:$F,UA_HUB_SQL_7!$B:$B,PAGE_1_old!B20))-(SUMIFS(OA_SQL_2!$L:$L,OA_SQL_2!$A:$A,PAGE_1_old!B20,OA_SQL_2!$B:$B,"DL")/SUMIFS(OA_SQL_2!$J:$J,OA_SQL_2!$A:$A,PAGE_1_old!B20,OA_SQL_2!$B:$B,"DL")))*100,"-") -> -100 | J20: =IFERROR(((SUMIFS(UA_HUB_SQL_7!$G:$G,UA_HUB_SQL_7!$B:$B,PAGE_1_old!B20)/SUMIFS(UA_HUB_SQL_7!$F:$F,UA_HUB_SQL_7!$B:$B,PAGE_1_old!B20))-(SUMIFS(OA_SQL_2!$L:$L,OA_SQL_2!$A:$A,PAGE_1_old!B20,OA_SQL_2!$B:$B,"AA")/SUMIFS(OA_SQL_2!$J:$J,OA_SQL_2!$A:$A,PAGE_1_old!B20,OA_SQL_2!$B:$B,"AA")))*100,"-") -> -100 | K20: =RANK!M21 -> 3
B21: Texas | C21: =SUMIFS(UA_HUB_SQL_7!J:J,UA_HUB_SQL_7!$B:$B,PAGE_1_old!B21)/SUMIFS(UA_HUB_SQL_7!$F:$F,UA_HUB_SQL_7!$B:$B,PAGE_1_old!B21) -> 0.74251497 | D21: =SUMIFS(UA_HUB_SQL_7!K:K,UA_HUB_SQL_7!B:B,PAGE_1_old!B21)/SUMIFS(UA_HUB_SQL_7!F:F,UA_HUB_SQL_7!B:B,PAGE_1_old!B21) -> 0.76047904 | E21: =IFERROR(((SUMIFS(UA_HUB_SQL_7!K:K,UA_HUB_SQL_7!B:B,PAGE_1_old!B21)/SUMIFS(UA_HUB_SQL_7!F:F,UA_HUB_SQL_7!B:B,PAGE_1_old!B21))-(SUMIFS(OA_SQL_2!K:K,OA_SQL_2!A:A,PAGE_1_old!B21,OA_SQL_2!B:B,"DL")/SUMIFS(OA_SQL_2!J:J,OA_SQL_2!A:A,PAGE_1_old!B21,OA_SQL_2!B:B,"DL")))*100,"-") -> - | F21: =IFERROR(((SUMIFS(UA_HUB_SQL_7!$K:$K,UA_HUB_SQL_7!$B:$B,PAGE_1_old!B21)/SUMIFS(UA_HUB_SQL_7!$F:$F,UA_HUB_SQL_7!$B:$B,PAGE_1_old!B21))-(SUMIFS(OA_SQL_2!$K:$K,OA_SQL_2!$A:$A,PAGE_1_old!B21,OA_SQL_2!$B:$B,"AA")/SUMIFS(OA_SQL_2!$J:$J,OA_SQL_2!$A:$A,PAGE_1_old!B21,OA_SQL_2!$B:$B,"AA")))*100,"-") -> -3.6622407 | G21: =RANK!F11 -> 2 | H21: =SUMIFS(UA_HUB_SQL_7!G:G,UA_HUB_SQL_7!$B:$B,PAGE_1_old!B21)/SUMIFS(UA_HUB_SQL_7!$F:$F,UA_HUB_SQL_7!$B:$B,PAGE_1_old!B21) -> 0 | I21: =IFERROR(((SUMIFS(UA_HUB_SQL_7!$G:$G,UA_HUB_SQL_7!$B:$B,PAGE_1_old!B21)/SUMIFS(UA_HUB_SQL_7!$F:$F,UA_HUB_SQL_7!$B:$B,PAGE_1_old!B21))-(SUMIFS(OA_SQL_2!$L:$L,OA_SQL_2!$A:$A,PAGE_1_old!B21,OA_SQL_2!$B:$B,"DL")/SUMIFS(OA_SQL_2!$J:$J,OA_SQL_2!$A:$A,PAGE_1_old!B21,OA_SQL_2!$B:$B,"DL")))*100,"-") -> - | J21: =IFERROR(((SUMIFS(UA_HUB_SQL_7!$G:$G,UA_HUB_SQL_7!$B:$B,PAGE_1_old!B21)/SUMIFS(UA_HUB_SQL_7!$F:$F,UA_HUB_SQL_7!$B:$B,PAGE_1_old!B21))-(SUMIFS(OA_SQL_2!$L:$L,OA_SQL_2!$A:$A,PAGE_1_old!B21,OA_SQL_2!$B:$B,"AA")/SUMIFS(OA_SQL_2!$J:$J,OA_SQL_2!$A:$A,PAGE_1_old!B21,OA_SQL_2!$B:$B,"AA")))*100,"-") -> -100 | K21: =RANK!M22 -> 2
B22: Los Angeles | C22: =SUMIFS(UA_HUB_SQL_7!J:J,UA_HUB_SQL_7!$B:$B,PAGE_1_old!B22)/SUMIFS(UA_HUB_SQL_7!$F:$F,UA_HUB_SQL_7!$B:$B,PAGE_1_old!B22) -> 0.55172414 | D22: =SUMIFS(UA_HUB_SQL_7!K:K,UA_HUB_SQL_7!B:B,PAGE_1_old!B22)/SUMIFS(UA_HUB_SQL_7!F:F,UA_HUB_SQL_7!B:B,PAGE_1_old!B22) -> 0.5862069 | E22: =IFERROR(((SUMIFS(UA_HUB_SQL_7!K:K,UA_HUB_SQL_7!B:B,PAGE_1_old!B22)/SUMIFS(UA_HUB_SQL_7!F:F,UA_HUB_SQL_7!B:B,PAGE_1_old!B22))-(SUMIFS(OA_SQL_2!K:K,OA_SQL_2!A:A,PAGE_1_old!B22,OA_SQL_2!B:B,"DL")/SUMIFS(OA_SQL_2!J:J,OA_SQL_2!A:A,PAGE_1_old!B22,OA_SQL_2!B:B,"DL")))*100,"-") -> -1.985371 | F22: =IFERROR(((SUMIFS(UA_HUB_SQL_7!$K:$K,UA_HUB_SQL_7!$B:$B,PAGE_1_old!B22)/SUMIFS(UA_HUB_SQL_7!$F:$F,UA_HUB_SQL_7!$B:$B,PAGE_1_old!B22))-(SUMIFS(OA_SQL_2!$K:$K,OA_SQL_2!$A:$A,PAGE_1_old!B22,OA_SQL_2!$B:$B,"AA")/SUMIFS(OA_SQL_2!$J:$J,OA_SQL_2!$A:$A,PAGE_1_old!B22,OA_SQL_2!$B:$B,"AA")))*100,"-") -> -33.687003 | G22: =RANK!F12 -> 3 | H22: =SUMIFS(UA_HUB_SQL_7!G:G,UA_HUB_SQL_7!$B:$B,PAGE_1_old!B22)/SUMIFS(UA_HUB_SQL_7!$F:$F,UA_HUB_SQL_7!$B:$B,PAGE_1_old!B22) -> 0.034482759 | I22: =IFERROR(((SUMIFS(UA_HUB_SQL_7!$G:$G,UA_HUB_SQL_7!$B:$B,PAGE_1_old!B22)/SUMIFS(UA_HUB_SQL_7!$F:$F,UA_HUB_SQL_7!$B:$B,PAGE_1_old!B22))-(SUMIFS(OA_SQL_2!$L:$L,OA_SQL_2!$A:$A,PAGE_1_old!B22,OA_SQL_2!$B:$B,"DL")/SUMIFS(OA_SQL_2!$J:$J,OA_SQL_2!$A:$A,PAGE_1_old!B22,OA_SQL_2!$B:$B,"DL")))*100,"-") -> -93.521421 | J22: =IFERROR(((SUMIFS(UA_HUB_SQL_7!$G:$G,UA_HUB_SQL_7!$B:$B,PAGE_1_old!B22)/SUMIFS(UA_HUB_SQL_7!$F:$F,UA_HUB_SQL_7!$B:$B,PAGE_1_old!B22))-(SUMIFS(OA_SQL_2!$L:$L,OA_SQL_2!$A:$A,PAGE_1_old!B22,OA_SQL_2!$B:$B,"AA")/SUMIFS(OA_SQL_2!$J:$J,OA_SQL_2!$A:$A,PAGE_1_old!B22,OA_SQL_2!$B:$B,"AA")))*100,"-") -> -96.551724 | K22: =RANK!M23 -> 3
B23: Chicago | C23: =SUMIFS(UA_HUB_SQL_7!J:J,UA_HUB_SQL_7!$B:$B,PAGE_1_old!B23)/SUMIFS(UA_HUB_SQL_7!$F:$F,UA_HUB_SQL_7!$B:$B,PAGE_1_old!B23) -> 0.59615385 | D23: =SUMIFS(UA_HUB_SQL_7!K:K,UA_HUB_SQL_7!B:B,PAGE_1_old!B23)/SUMIFS(UA_HUB_SQL_7!F:F,UA_HUB_SQL_7!B:B,PAGE_1_old!B23) -> 0.67307692 | E23: =IFERROR(((SUMIFS(UA_HUB_SQL_7!K:K,UA_HUB_SQL_7!B:B,PAGE_1_old!B23)/SUMIFS(UA_HUB_SQL_7!F:F,UA_HUB_SQL_7!B:B,PAGE_1_old!B23))-(SUMIFS(OA_SQL_2!K:K,OA_SQL_2!A:A,PAGE_1_old!B23,OA_SQL_2!B:B,"DL")/SUMIFS(OA_SQL_2!J:J,OA_SQL_2!A:A,PAGE_1_old!B23,OA_SQL_2!B:B,"DL")))*100,"-") -> -7.6923077 | F23: =IFERROR(((SUMIFS(UA_HUB_SQL_7!$K:$K,UA_HUB_SQL_7!$B:$B,PAGE_1_old!B23)/SUMIFS(UA_HUB_SQL_7!$F:$F,UA_HUB_SQL_7!$B:$B,PAGE_1_old!B23))-(SUMIFS(OA_SQL_2!$K:$K,OA_SQL_2!$A:$A,PAGE_1_old!B23,OA_SQL_2!$B:$B,"AA")/SUMIFS(OA_SQL_2!$J:$J,OA_SQL_2!$A:$A,PAGE_1_old!B23,OA_SQL_2!$B:$B,"AA")))*100,"-") -> -10.017889 | G23: =RANK!F13 -> 2 | H23: =SUMIFS(UA_HUB_SQL_7!G:G,UA_HUB_SQL_7!$B:$B,PAGE_1_old!B23)/SUMIFS(UA_HUB_SQL_7!$F:$F,UA_HUB_SQL_7!$B:$B,PAGE_1_old!B23) -> 0 | I23: =IFERROR(((SUMIFS(UA_HUB_SQL_7!$G:$G,UA_HUB_SQL_7!$B:$B,PAGE_1_old!B23)/SUMIFS(UA_HUB_SQL_7!$F:$F,UA_HUB_SQL_7!$B:$B,PAGE_1_old!B23))-(SUMIFS(OA_SQL_2!$L:$L,OA_SQL_2!$A:$A,PAGE_1_old!B23,OA_SQL_2!$B:$B,"DL")/SUMIFS(OA_SQL_2!$J:$J,OA_SQL_2!$A:$A,PAGE_1_old!B23,OA_SQL_2!$B:$B,"DL")))*100,"-") -> -100 | J23: =IFERROR(((SUMIFS(UA_HUB_SQL_7!$G:$G,UA_HUB_SQL_7!$B:$B,PAGE_1_old!B23)/SUMIFS(UA_HUB_SQL_7!$F:$F,UA_HUB_SQL_7!$B:$B,PAGE_1_old!B23))-(SUMIFS(OA_SQL_2!$L:$L,OA_SQL_2!$A:$A,PAGE_1_old!B23,OA_SQL_2!$B:$B,"AA")/SUMIFS(OA_SQL_2!$J:$J,OA_SQL_2!$A:$A,PAGE_1_old!B23,OA_SQL_2!$B:$B,"AA")))*100,"-") -> -100 | K23: =RANK!M24 -> 2
B24: San Francisco | C24: =SUMIFS(UA_HUB_SQL_7!J:J,UA_HUB_SQL_7!$B:$B,PAGE_1_old!B24)/SUMIFS(UA_HUB_SQL_7!$F:$F,UA_HUB_SQL_7!$B:$B,PAGE_1_old!B24) -> 0.61016949 | D24: =SUMIFS(UA_HUB_SQL_7!K:K,UA_HUB_SQL_7!B:B,PAGE_1_old!B24)/SUMIFS(UA_HUB_SQL_7!F:F,UA_HUB_SQL_7!B:B,PAGE_1_old!B24) -> 0.6440678 | E24: =IFERROR(((SUMIFS(UA_HUB_SQL_7!K:K,UA_HUB_SQL_7!B:B,PAGE_1_old!B24)/SUMIFS(UA_HUB_SQL_7!F:F,UA_HUB_SQL_7!B:B,PAGE_1_old!B24))-(SUMIFS(OA_SQL_2!K:K,OA_SQL_2!A:A,PAGE_1_old!B24,OA_SQL_2!B:B,"DL")/SUMIFS(OA_SQL_2!J:J,OA_SQL_2!A:A,PAGE_1_old!B24,OA_SQL_2!B:B,"DL")))*100,"-") -> -10.59322 | F24: =IFERROR(((SUMIFS(UA_HUB_SQL_7!$K:$K,UA_HUB_SQL_7!$B:$B,PAGE_1_old!B24)/SUMIFS(UA_HUB_SQL_7!$F:$F,UA_HUB_SQL_7!$B:$B,PAGE_1_old!B24))-(SUMIFS(OA_SQL_2!$K:$K,OA_SQL_2!$A:$A,PAGE_1_old!B24,OA_SQL_2!$B:$B,"AA")/SUMIFS(OA_SQL_2!$J:$J,OA_SQL_2!$A:$A,PAGE_1_old!B24,OA_SQL_2!$B:$B,"AA")))*100,"-") -> -35.59322 | G24: =RANK!F14 -> 1 | H24: =SUMIFS(UA_HUB_SQL_7!G:G,UA_HUB_SQL_7!$B:$B,PAGE_1_old!B24)/SUMIFS(UA_HUB_SQL_7!$F:$F,UA_HUB_SQL_7!$B:$B,PAGE_1_old!B24) -> 0.084745763 | I24: =IFERROR(((SUMIFS(UA_HUB_SQL_7!$G:$G,UA_HUB_SQL_7!$B:$B,PAGE_1_old!B24)/SUMIFS(UA_HUB_SQL_7!$F:$F,UA_HUB_SQL_7!$B:$B,PAGE_1_old!B24))-(SUMIFS(OA_SQL_2!$L:$L,OA_SQL_2!$A:$A,PAGE_1_old!B24,OA_SQL_2!$B:$B,"DL")/SUMIFS(OA_SQL_2!$J:$J,OA_SQL_2!$A:$A,PAGE_1_old!B24,OA_SQL_2!$B:$B,"DL")))*100,"-") -> -91.525424 | J24: =IFERROR(((SUMIFS(UA_HUB_SQL_7!$G:$G,UA_HUB_SQL_7!$B:$B,PAGE_1_old!B24)/SUMIFS(UA_HUB_SQL_7!$F:$F,UA_HUB_SQL_7!$B:$B,PAGE_1_old!B24))-(SUMIFS(OA_SQL_2!$L:$L,OA_SQL_2!$A:$A,PAGE_1_old!B24,OA_SQL_2!$B:$B,"AA")/SUMIFS(OA_SQL_2!$J:$J,OA_SQL_2!$A:$A,PAGE_1_old!B24,OA_SQL_2!$B:$B,"AA")))*100,"-") -> -91.525424 | K24: =RANK!M25 -> 2
B27: Cancel Detail
B28: Express Partner | C28: Scheduled Departures | D28: Weather & ATC | E28: Technical Operations | F28: Flight Operations | G28: Inflight Services | H28: Airport Operations | I28: Network Operations | J28: IT | K28: Catering Operations | L28: Other | M28: Total Cancels | N28: ES covered for this partner | O28: Net Cancel | P28: ES covered by this partner
B29: EV - ExpressJet | C29: =SUMIF(SCH_DEP_SQL_4!$A:$A,PAGE_1_old!R29,SCH_DEP_SQL_4!$E:$E) -> 0 | D29: =IF(SUMIFS(CNXL_SQL_2!$F:$F,CNXL_SQL_2!$A:$A,PAGE_1_old!$R29,CNXL_SQL_2!$D:$D,PAGE_1_old!$S$29)=0,"",SUMIFS(CNXL_SQL_2!$F:$F,CNXL_SQL_2!$A:$A,PAGE_1_old!$R29,CNXL_SQL_2!$D:$D,PAGE_1_old!$S$29)) | E29: =IF(SUMIFS(CNXL_SQL_2!$F:$F,CNXL_SQL_2!$A:$A,PAGE_1_old!$R29,CNXL_SQL_2!$D:$D,PAGE_1_old!$S$30)=0,"",SUMIFS(CNXL_SQL_2!$F:$F,CNXL_SQL_2!$A:$A,PAGE_1_old!$R29,CNXL_SQL_2!$D:$D,PAGE_1_old!$S$30)) | F29: =IF(SUMIFS(CNXL_SQL_2!$F:$F,CNXL_SQL_2!$A:$A,PAGE_1_old!$R29,CNXL_SQL_2!$D:$D,PAGE_1_old!$S$31)=0,"",SUMIFS(CNXL_SQL_2!$F:$F,CNXL_SQL_2!$A:$A,PAGE_1_old!$R29,CNXL_SQL_2!$D:$D,PAGE_1_old!$S$31)) | G29: =IF(SUMIFS(CNXL_SQL_2!$F:$F,CNXL_SQL_2!$A:$A,PAGE_1_old!$R29,CNXL_SQL_2!$D:$D,PAGE_1_old!$S$32)=0,"",SUMIFS(CNXL_SQL_2!$F:$F,CNXL_SQL_2!$A:$A,PAGE_1_old!$R29,CNXL_SQL_2!$D:$D,PAGE_1_old!$S$32)) | H29: =IF(SUMIFS(CNXL_SQL_2!$F:$F,CNXL_SQL_2!$A:$A,PAGE_1_old!$R29,CNXL_SQL_2!$D:$D,PAGE_1_old!$S$33)=0,"",SUMIFS(CNXL_SQL_2!$F:$F,CNXL_SQL_2!$A:$A,PAGE_1_old!$R29,CNXL_SQL_2!$D:$D,PAGE_1_old!$S$33)) | I29: =IF(SUMIFS(CNXL_SQL_2!$F:$F,CNXL_SQL_2!$A:$A,PAGE_1_old!$R29,CNXL_SQL_2!$D:$D,PAGE_1_old!$S$34)=0,"",SUMIFS(CNXL_SQL_2!$F:$F,CNXL_SQL_2!$A:$A,PAGE_1_old!$R29,CNXL_SQL_2!$D:$D,PAGE_1_old!$S$34)) | J29: =IF(SUMIFS(CNXL_SQL_2!$F:$F,CNXL_SQL_2!$A:$A,PAGE_1_old!$R29,CNXL_SQL_2!$D:$D,PAGE_1_old!$S$35)=0,"",SUMIFS(CNXL_SQL_2!$F:$F,CNXL_SQL_2!$A:$A,PAGE_1_old!$R29,CNXL_SQL_2!$D:$D,PAGE_1_old!$S$35)) | K29: =IF(SUMIFS(CNXL_SQL_2!$F:$F,CNXL_SQL_2!$A:$A,PAGE_1_old!$R29,CNXL_SQL_2!$D:$D,PAGE_1_old!$S$36)=0,"",SUMIFS(CNXL_SQL_2!$F:$F,CNXL_SQL_2!$A:$A,PAGE_1_old!$R29,CNXL_SQL_2!$D:$D,PAGE_1_old!$S$36)) | L29: =IF(SUMIFS(CNXL_SQL_2!$F:$F,CNXL_SQL_2!$A:$A,PAGE_1_old!$R29,CNXL_SQL_2!$D:$D,PAGE_1_old!$S$37)=0,"",SUMIFS(CNXL_SQL_2!$F:$F,CNXL_SQL_2!$A:$A,PAGE_1_old!$R29,CNXL_SQL_2!$D:$D,PAGE_1_old!$S$37)) | M29: =IF(SUM(D29:L29)=0,"",SUM(D29:L29)) | N29: =ES_MATRIX!K3 | O29: =IFERROR(M29-ES_MATRIX!L3,"") | P29: =IF(SUMIF(CNXL_SQL_2!$E:$E,PAGE_1_old!R29,CNXL_SQL_2!$F:$F)=0,"",SUMIF(CNXL_SQL_2!$E:$E,PAGE_1_old!R29,CNXL_SQL_2!$F:$F)) | R29: EV | S29: WEATHER/ATC
B30: OO - SkyWest | C30: =SUMIF(SCH_DEP_SQL_4!$A:$A,PAGE_1_old!R30,SCH_DEP_SQL_4!$E:$E) -> 816 | D30: =IF(SUMIFS(CNXL_SQL_2!$F:$F,CNXL_SQL_2!$A:$A,PAGE_1_old!$R30,CNXL_SQL_2!$D:$D,PAGE_1_old!$S$29)=0,"",SUMIFS(CNXL_SQL_2!$F:$F,CNXL_SQL_2!$A:$A,PAGE_1_old!$R30,CNXL_SQL_2!$D:$D,PAGE_1_old!$S$29)) -> 10 | E30: =IF(SUMIFS(CNXL_SQL_2!$F:$F,CNXL_SQL_2!$A:$A,PAGE_1_old!$R30,CNXL_SQL_2!$D:$D,PAGE_1_old!$S$30)=0,"",SUMIFS(CNXL_SQL_2!$F:$F,CNXL_SQL_2!$A:$A,PAGE_1_old!$R30,CNXL_SQL_2!$D:$D,PAGE_1_old!$S$30)) | F30: =IF(SUMIFS(CNXL_SQL_2!$F:$F,CNXL_SQL_2!$A:$A,PAGE_1_old!$R30,CNXL_SQL_2!$D:$D,PAGE_1_old!$S$31)=0,"",SUMIFS(CNXL_SQL_2!$F:$F,CNXL_SQL_2!$A:$A,PAGE_1_old!$R30,CNXL_SQL_2!$D:$D,PAGE_1_old!$S$31)) | G30: =IF(SUMIFS(CNXL_SQL_2!$F:$F,CNXL_SQL_2!$A:$A,PAGE_1_old!$R30,CNXL_SQL_2!$D:$D,PAGE_1_old!$S$32)=0,"",SUMIFS(CNXL_SQL_2!$F:$F,CNXL_SQL_2!$A:$A,PAGE_1_old!$R30,CNXL_SQL_2!$D:$D,PAGE_1_old!$S$32)) | H30: =IF(SUMIFS(CNXL_SQL_2!$F:$F,CNXL_SQL_2!$A:$A,PAGE_1_old!$R30,CNXL_SQL_2!$D:$D,PAGE_1_old!$S$33)=0,"",SUMIFS(CNXL_SQL_2!$F:$F,CNXL_SQL_2!$A:$A,PAGE_1_old!$R30,CNXL_SQL_2!$D:$D,PAGE_1_old!$S$33)) | I30: =IF(SUMIFS(CNXL_SQL_2!$F:$F,CNXL_SQL_2!$A:$A,PAGE_1_old!$R30,CNXL_SQL_2!$D:$D,PAGE_1_old!$S$34)=0,"",SUMIFS(CNXL_SQL_2!$F:$F,CNXL_SQL_2!$A:$A,PAGE_1_old!$R30,CNXL_SQL_2!$D:$D,PAGE_1_old!$S$34)) | J30: =IF(SUMIFS(CNXL_SQL_2!$F:$F,CNXL_SQL_2!$A:$A,PAGE_1_old!$R30,CNXL_SQL_2!$D:$D,PAGE_1_old!$S$35)=0,"",SUMIFS(CNXL_SQL_2!$F:$F,CNXL_SQL_2!$A:$A,PAGE_1_old!$R30,CNXL_SQL_2!$D:$D,PAGE_1_old!$S$35)) | K30: =IF(SUMIFS(CNXL_SQL_2!$F:$F,CNXL_SQL_2!$A:$A,PAGE_1_old!$R30,CNXL_SQL_2!$D:$D,PAGE_1_old!$S$36)=0,"",SUMIFS(CNXL_SQL_2!$F:$F,CNXL_SQL_2!$A:$A,PAGE_1_old!$R30,CNXL_SQL_2!$D:$D,PAGE_1_old!$S$36)) | L30: =IF(SUMIFS(CNXL_SQL_2!$F:$F,CNXL_SQL_2!$A:$A,PAGE_1_old!$R30,CNXL_SQL_2!$D:$D,PAGE_1_old!$S$37)=0,"",SUMIFS(CNXL_SQL_2!$F:$F,CNXL_SQL_2!$A:$A,PAGE_1_old!$R30,CNXL_SQL_2!$D:$D,PAGE_1_old!$S$37)) | M30: =IF(SUM(D30:L30)=0,"",SUM(D30:L30)) -> 10 | N30: =ES_MATRIX!K4 | O30: =IFERROR(M30-ES_MATRIX!L4,"") -> 10 | P30: =IF(SUMIF(CNXL_SQL_2!$E:$E,PAGE_1_old!R30,CNXL_SQL_2!$F:$F)=0,"",SUMIF(CNXL_SQL_2!$E:$E,PAGE_1_old!R30,CNXL_SQL_2!$F:$F)) | R30: OO | S30: TECHNICAL OPERATIONS-AIRCRAFT
B31: AX - Trans States | C31: =SUMIF(SCH_DEP_SQL_4!$A:$A,PAGE_1_old!R31,SCH_DEP_SQL_4!$E:$E) -> 0 | D31: =IF(SUMIFS(CNXL_SQL_2!$F:$F,CNXL_SQL_2!$A:$A,PAGE_1_old!$R31,CNXL_SQL_2!$D:$D,PAGE_1_old!$S$29)=0,"",SUMIFS(CNXL_SQL_2!$F:$F,CNXL_SQL_2!$A:$A,PAGE_1_old!$R31,CNXL_SQL_2!$D:$D,PAGE_1_old!$S$29)) | E31: =IF(SUMIFS(CNXL_SQL_2!$F:$F,CNXL_SQL_2!$A:$A,PAGE_1_old!$R31,CNXL_SQL_2!$D:$D,PAGE_1_old!$S$30)=0,"",SUMIFS(CNXL_SQL_2!$F:$F,CNXL_SQL_2!$A:$A,PAGE_1_old!$R31,CNXL_SQL_2!$D:$D,PAGE_1_old!$S$30)) | F31: =IF(SUMIFS(CNXL_SQL_2!$F:$F,CNXL_SQL_2!$A:$A,PAGE_1_old!$R31,CNXL_SQL_2!$D:$D,PAGE_1_old!$S$31)=0,"",SUMIFS(CNXL_SQL_2!$F:$F,CNXL_SQL_2!$A:$A,PAGE_1_old!$R31,CNXL_SQL_2!$D:$D,PAGE_1_old!$S$31)) | G31: =IF(SUMIFS(CNXL_SQL_2!$F:$F,CNXL_SQL_2!$A:$A,PAGE_1_old!$R31,CNXL_SQL_2!$D:$D,PAGE_1_old!$S$32)=0,"",SUMIFS(CNXL_SQL_2!$F:$F,CNXL_SQL_2!$A:$A,PAGE_1_old!$R31,CNXL_SQL_2!$D:$D,PAGE_1_old!$S$32)) | H31: =IF(SUMIFS(CNXL_SQL_2!$F:$F,CNXL_SQL_2!$A:$A,PAGE_1_old!$R31,CNXL_SQL_2!$D:$D,PAGE_1_old!$S$33)=0,"",SUMIFS(CNXL_SQL_2!$F:$F,CNXL_SQL_2!$A:$A,PAGE_1_old!$R31,CNXL_SQL_2!$D:$D,PAGE_1_old!$S$33)) | I31: =IF(SUMIFS(CNXL_SQL_2!$F:$F,CNXL_SQL_2!$A:$A,PAGE_1_old!$R31,CNXL_SQL_2!$D:$D,PAGE_1_old!$S$34)=0,"",SUMIFS(CNXL_SQL_2!$F:$F,CNXL_SQL_2!$A:$A,PAGE_1_old!$R31,CNXL_SQL_2!$D:$D,PAGE_1_old!$S$34)) | J31: =IF(SUMIFS(CNXL_SQL_2!$F:$F,CNXL_SQL_2!$A:$A,PAGE_1_old!$R31,CNXL_SQL_2!$D:$D,PAGE_1_old!$S$35)=0,"",SUMIFS(CNXL_SQL_2!$F:$F,CNXL_SQL_2!$A:$A,PAGE_1_old!$R31,CNXL_SQL_2!$D:$D,PAGE_1_old!$S$35)) | K31: =IF(SUMIFS(CNXL_SQL_2!$F:$F,CNXL_SQL_2!$A:$A,PAGE_1_old!$R31,CNXL_SQL_2!$D:$D,PAGE_1_old!$S$36)=0,"",SUMIFS(CNXL_SQL_2!$F:$F,CNXL_SQL_2!$A:$A,PAGE_1_old!$R31,CNXL_SQL_2!$D:$D,PAGE_1_old!$S$36)) | L31: =IF(SUMIFS(CNXL_SQL_2!$F:$F,CNXL_SQL_2!$A:$A,PAGE_1_old!$R31,CNXL_SQL_2!$D:$D,PAGE_1_old!$S$37)=0,"",SUMIFS(CNXL_SQL_2!$F:$F,CNXL_SQL_2!$A:$A,PAGE_1_old!$R31,CNXL_SQL_2!$D:$D,PAGE_1_old!$S$37)) | M31: =IF(SUM(D31:L31)=0,"",SUM(D31:L31)) | N31: =ES_MATRIX!K5 | O31: =IFERROR(M31-ES_MATRIX!L5,"") | P31: =IF(SUMIF(CNXL_SQL_2!$E:$E,PAGE_1_old!R31,CNXL_SQL_2!$F:$F)=0,"",SUMIF(CNXL_SQL_2!$E:$E,PAGE_1_old!R31,CNXL_SQL_2!$F:$F)) | R31: AX | S31: FLIGHT OPERATIONS
B32: YX - Republic | C32: =SUMIF(SCH_DEP_SQL_4!$A:$A,PAGE_1_old!R32,SCH_DEP_SQL_4!$E:$E) -> 297 | D32: =IF(SUMIFS(CNXL_SQL_2!$F:$F,CNXL_SQL_2!$A:$A,PAGE_1_old!$R32,CNXL_SQL_2!$D:$D,PAGE_1_old!$S$29)=0,"",SUMIFS(CNXL_SQL_2!$F:$F,CNXL_SQL_2!$A:$A,PAGE_1_old!$R32,CNXL_SQL_2!$D:$D,PAGE_1_old!$S$29)) | E32: =IF(SUMIFS(CNXL_SQL_2!$F:$F,CNXL_SQL_2!$A:$A,PAGE_1_old!$R32,CNXL_SQL_2!$D:$D,PAGE_1_old!$S$30)=0,"",SUMIFS(CNXL_SQL_2!$F:$F,CNXL_SQL_2!$A:$A,PAGE_1_old!$R32,CNXL_SQL_2!$D:$D,PAGE_1_old!$S$30)) | F32: =IF(SUMIFS(CNXL_SQL_2!$F:$F,CNXL_SQL_2!$A:$A,PAGE_1_old!$R32,CNXL_SQL_2!$D:$D,PAGE_1_old!$S$31)=0,"",SUMIFS(CNXL_SQL_2!$F:$F,CNXL_SQL_2!$A:$A,PAGE_1_old!$R32,CNXL_SQL_2!$D:$D,PAGE_1_old!$S$31)) | G32: =IF(SUMIFS(CNXL_SQL_2!$F:$F,CNXL_SQL_2!$A:$A,PAGE_1_old!$R32,CNXL_SQL_2!$D:$D,PAGE_1_old!$S$32)=0,"",SUMIFS(CNXL_SQL_2!$F:$F,CNXL_SQL_2!$A:$A,PAGE_1_old!$R32,CNXL_SQL_2!$D:$D,PAGE_1_old!$S$32)) | H32: =IF(SUMIFS(CNXL_SQL_2!$F:$F,CNXL_SQL_2!$A:$A,PAGE_1_old!$R32,CNXL_SQL_2!$D:$D,PAGE_1_old!$S$33)=0,"",SUMIFS(CNXL_SQL_2!$F:$F,CNXL_SQL_2!$A:$A,PAGE_1_old!$R32,CNXL_SQL_2!$D:$D,PAGE_1_old!$S$33)) | I32: =IF(SUMIFS(CNXL_SQL_2!$F:$F,CNXL_SQL_2!$A:$A,PAGE_1_old!$R32,CNXL_SQL_2!$D:$D,PAGE_1_old!$S$34)=0,"",SUMIFS(CNXL_SQL_2!$F:$F,CNXL_SQL_2!$A:$A,PAGE_1_old!$R32,CNXL_SQL_2!$D:$D,PAGE_1_old!$S$34)) | J32: =IF(SUMIFS(CNXL_SQL_2!$F:$F,CNXL_SQL_2!$A:$A,PAGE_1_old!$R32,CNXL_SQL_2!$D:$D,PAGE_1_old!$S$35)=0,"",SUMIFS(CNXL_SQL_2!$F:$F,CNXL_SQL_2!$A:$A,PAGE_1_old!$R32,CNXL_SQL_2!$D:$D,PAGE_1_old!$S$35)) | K32: =IF(SUMIFS(CNXL_SQL_2!$F:$F,CNXL_SQL_2!$A:$A,PAGE_1_old!$R32,CNXL_SQL_2!$D:$D,PAGE_1_old!$S$36)=0,"",SUMIFS(CNXL_SQL_2!$F:$F,CNXL_SQL_2!$A:$A,PAGE_1_old!$R32,CNXL_SQL_2!$D:$D,PAGE_1_old!$S$36)) | L32: =IF(SUMIFS(CNXL_SQL_2!$F:$F,CNXL_SQL_2!$A:$A,PAGE_1_old!$R32,CNXL_SQL_2!$D:$D,PAGE_1_old!$S$37)=0,"",SUMIFS(CNXL_SQL_2!$F:$F,CNXL_SQL_2!$A:$A,PAGE_1_old!$R32,CNXL_SQL_2!$D:$D,PAGE_1_old!$S$37)) | M32: =IF(SUM(D32:L32)=0,"",SUM(D32:L32)) | N32: =ES_MATRIX!K6 | O32: =IFERROR(M32-ES_MATRIX!L6,"") | P32: =IF(SUMIF(CNXL_SQL_2!$E:$E,PAGE_1_old!R32,CNXL_SQL_2!$F:$F)=0,"",SUMIF(CNXL_SQL_2!$E:$E,PAGE_1_old!R32,CNXL_SQL_2!$F:$F)) | R32: YX | S32: INFLIGHT SERVICES
B33: G7 - Go Jet | C33: =SUMIF(SCH_DEP_SQL_4!$A:$A,PAGE_1_old!R33,SCH_DEP_SQL_4!$E:$E) -> 186 | D33: =IF(SUMIFS(CNXL_SQL_2!$F:$F,CNXL_SQL_2!$A:$A,PAGE_1_old!$R33,CNXL_SQL_2!$D:$D,PAGE_1_old!$S$29)=0,"",SUMIFS(CNXL_SQL_2!$F:$F,CNXL_SQL_2!$A:$A,PAGE_1_old!$R33,CNXL_SQL_2!$D:$D,PAGE_1_old!$S$29)) | E33: =IF(SUMIFS(CNXL_SQL_2!$F:$F,CNXL_SQL_2!$A:$A,PAGE_1_old!$R33,CNXL_SQL_2!$D:$D,PAGE_1_old!$S$30)=0,"",SUMIFS(CNXL_SQL_2!$F:$F,CNXL_SQL_2!$A:$A,PAGE_1_old!$R33,CNXL_SQL_2!$D:$D,PAGE_1_old!$S$30)) | F33: =IF(SUMIFS(CNXL_SQL_2!$F:$F,CNXL_SQL_2!$A:$A,PAGE_1_old!$R33,CNXL_SQL_2!$D:$D,PAGE_1_old!$S$31)=0,"",SUMIFS(CNXL_SQL_2!$F:$F,CNXL_SQL_2!$A:$A,PAGE_1_old!$R33,CNXL_SQL_2!$D:$D,PAGE_1_old!$S$31)) | G33: =IF(SUMIFS(CNXL_SQL_2!$F:$F,CNXL_SQL_2!$A:$A,PAGE_1_old!$R33,CNXL_SQL_2!$D:$D,PAGE_1_old!$S$32)=0,"",SUMIFS(CNXL_SQL_2!$F:$F,CNXL_SQL_2!$A:$A,PAGE_1_old!$R33,CNXL_SQL_2!$D:$D,PAGE_1_old!$S$32)) | H33: =IF(SUMIFS(CNXL_SQL_2!$F:$F,CNXL_SQL_2!$A:$A,PAGE_1_old!$R33,CNXL_SQL_2!$D:$D,PAGE_1_old!$S$33)=0,"",SUMIFS(CNXL_SQL_2!$F:$F,CNXL_SQL_2!$A:$A,PAGE_1_old!$R33,CNXL_SQL_2!$D:$D,PAGE_1_old!$S$33)) | I33: =IF(SUMIFS(CNXL_SQL_2!$F:$F,CNXL_SQL_2!$A:$A,PAGE_1_old!$R33,CNXL_SQL_2!$D:$D,PAGE_1_old!$S$34)=0,"",SUMIFS(CNXL_SQL_2!$F:$F,CNXL_SQL_2!$A:$A,PAGE_1_old!$R33,CNXL_SQL_2!$D:$D,PAGE_1_old!$S$34)) | J33: =IF(SUMIFS(CNXL_SQL_2!$F:$F,CNXL_SQL_2!$A:$A,PAGE_1_old!$R33,CNXL_SQL_2!$D:$D,PAGE_1_old!$S$35)=0,"",SUMIFS(CNXL_SQL_2!$F:$F,CNXL_SQL_2!$A:$A,PAGE_1_old!$R33,CNXL_SQL_2!$D:$D,PAGE_1_old!$S$35)) | K33: =IF(SUMIFS(CNXL_SQL_2!$F:$F,CNXL_SQL_2!$A:$A,PAGE_1_old!$R33,CNXL_SQL_2!$D:$D,PAGE_1_old!$S$36)=0,"",SUMIFS(CNXL_SQL_2!$F:$F,CNXL_SQL_2!$A:$A,PAGE_1_old!$R33,CNXL_SQL_2!$D:$D,PAGE_1_old!$S$36)) | L33: =IF(SUMIFS(CNXL_SQL_2!$F:$F,CNXL_SQL_2!$A:$A,PAGE_1_old!$R33,CNXL_SQL_2!$D:$D,PAGE_1_old!$S$37)=0,"",SUMIFS(CNXL_SQL_2!$F:$F,CNXL_SQL_2!$A:$A,PAGE_1_old!$R33,CNXL_SQL_2!$D:$D,PAGE_1_old!$S$37)) | M33: =IF(SUM(D33:L33)=0,"",SUM(D33:L33)) | N33: =ES_MATRIX!K7 | O33: =IFERROR(M33-ES_MATRIX!L7,"") | P33: =IF(SUMIF(CNXL_SQL_2!$E:$E,PAGE_1_old!R33,CNXL_SQL_2!$F:$F)=0,"",SUMIF(CNXL_SQL_2!$E:$E,PAGE_1_old!R33,CNXL_SQL_2!$F:$F)) | R33: G7 | S33: AIRPORT OPERATIONS
B34: C5 - CommutAir | C34: =SUMIF(SCH_DEP_SQL_4!$A:$A,PAGE_1_old!R34,SCH_DEP_SQL_4!$E:$E) -> 193 | D34: =IF(SUMIFS(CNXL_SQL_2!$F:$F,CNXL_SQL_2!$A:$A,PAGE_1_old!$R34,CNXL_SQL_2!$D:$D,PAGE_1_old!$S$29)=0,"",SUMIFS(CNXL_SQL_2!$F:$F,CNXL_SQL_2!$A:$A,PAGE_1_old!$R34,CNXL_SQL_2!$D:$D,PAGE_1_old!$S$29)) -> 1 | E34: =IF(SUMIFS(CNXL_SQL_2!$F:$F,CNXL_SQL_2!$A:$A,PAGE_1_old!$R34,CNXL_SQL_2!$D:$D,PAGE_1_old!$S$30)=0,"",SUMIFS(CNXL_SQL_2!$F:$F,CNXL_SQL_2!$A:$A,PAGE_1_old!$R34,CNXL_SQL_2!$D:$D,PAGE_1_old!$S$30)) | F34: =IF(SUMIFS(CNXL_SQL_2!$F:$F,CNXL_SQL_2!$A:$A,PAGE_1_old!$R34,CNXL_SQL_2!$D:$D,PAGE_1_old!$S$31)=0,"",SUMIFS(CNXL_SQL_2!$F:$F,CNXL_SQL_2!$A:$A,PAGE_1_old!$R34,CNXL_SQL_2!$D:$D,PAGE_1_old!$S$31)) | G34: =IF(SUMIFS(CNXL_SQL_2!$F:$F,CNXL_SQL_2!$A:$A,PAGE_1_old!$R34,CNXL_SQL_2!$D:$D,PAGE_1_old!$S$32)=0,"",SUMIFS(CNXL_SQL_2!$F:$F,CNXL_SQL_2!$A:$A,PAGE_1_old!$R34,CNXL_SQL_2!$D:$D,PAGE_1_old!$S$32)) | H34: =IF(SUMIFS(CNXL_SQL_2!$F:$F,CNXL_SQL_2!$A:$A,PAGE_1_old!$R34,CNXL_SQL_2!$D:$D,PAGE_1_old!$S$33)=0,"",SUMIFS(CNXL_SQL_2!$F:$F,CNXL_SQL_2!$A:$A,PAGE_1_old!$R34,CNXL_SQL_2!$D:$D,PAGE_1_old!$S$33)) | I34: =IF(SUMIFS(CNXL_SQL_2!$F:$F,CNXL_SQL_2!$A:$A,PAGE_1_old!$R34,CNXL_SQL_2!$D:$D,PAGE_1_old!$S$34)=0,"",SUMIFS(CNXL_SQL_2!$F:$F,CNXL_SQL_2!$A:$A,PAGE_1_old!$R34,CNXL_SQL_2!$D:$D,PAGE_1_old!$S$34)) | J34: =IF(SUMIFS(CNXL_SQL_2!$F:$F,CNXL_SQL_2!$A:$A,PAGE_1_old!$R34,CNXL_SQL_2!$D:$D,PAGE_1_old!$S$35)=0,"",SUMIFS(CNXL_SQL_2!$F:$F,CNXL_SQL_2!$A:$A,PAGE_1_old!$R34,CNXL_SQL_2!$D:$D,PAGE_1_old!$S$35)) | K34: =IF(SUMIFS(CNXL_SQL_2!$F:$F,CNXL_SQL_2!$A:$A,PAGE_1_old!$R34,CNXL_SQL_2!$D:$D,PAGE_1_old!$S$36)=0,"",SUMIFS(CNXL_SQL_2!$F:$F,CNXL_SQL_2!$A:$A,PAGE_1_old!$R34,CNXL_SQL_2!$D:$D,PAGE_1_old!$S$36)) | L34: =IF(SUMIFS(CNXL_SQL_2!$F:$F,CNXL_SQL_2!$A:$A,PAGE_1_old!$R34,CNXL_SQL_2!$D:$D,PAGE_1_old!$S$37)=0,"",SUMIFS(CNXL_SQL_2!$F:$F,CNXL_SQL_2!$A:$A,PAGE_1_old!$R34,CNXL_SQL_2!$D:$D,PAGE_1_old!$S$37)) | M34: =IF(SUM(D34:L34)=0,"",SUM(D34:L34)) -> 1 | N34: =ES_MATRIX!K8 | O34: =IFERROR(M34-ES_MATRIX!L8,"") -> 1 | P34: =IF(SUMIF(CNXL_SQL_2!$E:$E,PAGE_1_old!R34,CNXL_SQL_2!$F:$F)=0,"",SUMIF(CNXL_SQL_2!$E:$E,PAGE_1_old!R34,CNXL_SQL_2!$F:$F)) | R34: C5 | S34: NETWORK OPERATIONS CENTER
B35: YV - Mesa | C35: =SUMIF(SCH_DEP_SQL_4!$A:$A,PAGE_1_old!R35,SCH_DEP_SQL_4!$E:$E) -> 213 | D35: =IF(SUMIFS(CNXL_SQL_2!$F:$F,CNXL_SQL_2!$A:$A,PAGE_1_old!$R35,CNXL_SQL_2!$D:$D,PAGE_1_old!$S$29)=0,"",SUMIFS(CNXL_SQL_2!$F:$F,CNXL_SQL_2!$A:$A,PAGE_1_old!$R35,CNXL_SQL_2!$D:$D,PAGE_1_old!$S$29)) | E35: =IF(SUMIFS(CNXL_SQL_2!$F:$F,CNXL_SQL_2!$A:$A,PAGE_1_old!$R35,CNXL_SQL_2!$D:$D,PAGE_1_old!$S$30)=0,"",SUMIFS(CNXL_SQL_2!$F:$F,CNXL_SQL_2!$A:$A,PAGE_1_old!$R35,CNXL_SQL_2!$D:$D,PAGE_1_old!$S$30)) | F35: =IF(SUMIFS(CNXL_SQL_2!$F:$F,CNXL_SQL_2!$A:$A,PAGE_1_old!$R35,CNXL_SQL_2!$D:$D,PAGE_1_old!$S$31)=0,"",SUMIFS(CNXL_SQL_2!$F:$F,CNXL_SQL_2!$A:$A,PAGE_1_old!$R35,CNXL_SQL_2!$D:$D,PAGE_1_old!$S$31)) | G35: =IF(SUMIFS(CNXL_SQL_2!$F:$F,CNXL_SQL_2!$A:$A,PAGE_1_old!$R35,CNXL_SQL_2!$D:$D,PAGE_1_old!$S$32)=0,"",SUMIFS(CNXL_SQL_2!$F:$F,CNXL_SQL_2!$A:$A,PAGE_1_old!$R35,CNXL_SQL_2!$D:$D,PAGE_1_old!$S$32)) | H35: =IF(SUMIFS(CNXL_SQL_2!$F:$F,CNXL_SQL_2!$A:$A,PAGE_1_old!$R35,CNXL_SQL_2!$D:$D,PAGE_1_old!$S$33)=0,"",SUMIFS(CNXL_SQL_2!$F:$F,CNXL_SQL_2!$A:$A,PAGE_1_old!$R35,CNXL_SQL_2!$D:$D,PAGE_1_old!$S$33)) | I35: =IF(SUMIFS(CNXL_SQL_2!$F:$F,CNXL_SQL_2!$A:$A,PAGE_1_old!$R35,CNXL_SQL_2!$D:$D,PAGE_1_old!$S$34)=0,"",SUMIFS(CNXL_SQL_2!$F:$F,CNXL_SQL_2!$A:$A,PAGE_1_old!$R35,CNXL_SQL_2!$D:$D,PAGE_1_old!$S$34)) | J35: =IF(SUMIFS(CNXL_SQL_2!$F:$F,CNXL_SQL_2!$A:$A,PAGE_1_old!$R35,CNXL_SQL_2!$D:$D,PAGE_1_old!$S$35)=0,"",SUMIFS(CNXL_SQL_2!$F:$F,CNXL_SQL_2!$A:$A,PAGE_1_old!$R35,CNXL_SQL_2!$D:$D,PAGE_1_old!$S$35)) | K35: =IF(SUMIFS(CNXL_SQL_2!$F:$F,CNXL_SQL_2!$A:$A,PAGE_1_old!$R35,CNXL_SQL_2!$D:$D,PAGE_1_old!$S$36)=0,"",SUMIFS(CNXL_SQL_2!$F:$F,CNXL_SQL_2!$A:$A,PAGE_1_old!$R35,CNXL_SQL_2!$D:$D,PAGE_1_old!$S$36)) | L35: =IF(SUMIFS(CNXL_SQL_2!$F:$F,CNXL_SQL_2!$A:$A,PAGE_1_old!$R35,CNXL_SQL_2!$D:$D,PAGE_1_old!$S$37)=0,"",SUMIFS(CNXL_SQL_2!$F:$F,CNXL_SQL_2!$A:$A,PAGE_1_old!$R35,CNXL_SQL_2!$D:$D,PAGE_1_old!$S$37)) | M35: =IF(SUM(D35:L35)=0,"",SUM(D35:L35)) | N35: =ES_MATRIX!K9 | O35: =IFERROR(M35-ES_MATRIX!L9,"") | P35: =IF(SUMIF(CNXL_SQL_2!$E:$E,PAGE_1_old!R35,CNXL_SQL_2!$F:$F)=0,"",SUMIF(CNXL_SQL_2!$E:$E,PAGE_1_old!R35,CNXL_SQL_2!$F:$F)) | R35: YV | S35: TECHNOLOGY
B36: ZW - Air Wisconsin | C36: =SUMIF(SCH_DEP_SQL_4!$A:$A,PAGE_1_old!R36,SCH_DEP_SQL_4!$E:$E) -> 0 | D36: =IF(SUMIFS(CNXL_SQL_2!$F:$F,CNXL_SQL_2!$A:$A,PAGE_1_old!$R36,CNXL_SQL_2!$D:$D,PAGE_1_old!$S$29)=0,"",SUMIFS(CNXL_SQL_2!$F:$F,CNXL_SQL_2!$A:$A,PAGE_1_old!$R36,CNXL_SQL_2!$D:$D,PAGE_1_old!$S$29)) | E36: =IF(SUMIFS(CNXL_SQL_2!$F:$F,CNXL_SQL_2!$A:$A,PAGE_1_old!$R36,CNXL_SQL_2!$D:$D,PAGE_1_old!$S$30)=0,"",SUMIFS(CNXL_SQL_2!$F:$F,CNXL_SQL_2!$A:$A,PAGE_1_old!$R36,CNXL_SQL_2!$D:$D,PAGE_1_old!$S$30)) | F36: =IF(SUMIFS(CNXL_SQL_2!$F:$F,CNXL_SQL_2!$A:$A,PAGE_1_old!$R36,CNXL_SQL_2!$D:$D,PAGE_1_old!$S$31)=0,"",SUMIFS(CNXL_SQL_2!$F:$F,CNXL_SQL_2!$A:$A,PAGE_1_old!$R36,CNXL_SQL_2!$D:$D,PAGE_1_old!$S$31)) | G36: =IF(SUMIFS(CNXL_SQL_2!$F:$F,CNXL_SQL_2!$A:$A,PAGE_1_old!$R36,CNXL_SQL_2!$D:$D,PAGE_1_old!$S$32)=0,"",SUMIFS(CNXL_SQL_2!$F:$F,CNXL_SQL_2!$A:$A,PAGE_1_old!$R36,CNXL_SQL_2!$D:$D,PAGE_1_old!$S$32)) | H36: =IF(SUMIFS(CNXL_SQL_2!$F:$F,CNXL_SQL_2!$A:$A,PAGE_1_old!$R36,CNXL_SQL_2!$D:$D,PAGE_1_old!$S$33)=0,"",SUMIFS(CNXL_SQL_2!$F:$F,CNXL_SQL_2!$A:$A,PAGE_1_old!$R36,CNXL_SQL_2!$D:$D,PAGE_1_old!$S$33)) | I36: =IF(SUMIFS(CNXL_SQL_2!$F:$F,CNXL_SQL_2!$A:$A,PAGE_1_old!$R36,CNXL_SQL_2!$D:$D,PAGE_1_old!$S$34)=0,"",SUMIFS(CNXL_SQL_2!$F:$F,CNXL_SQL_2!$A:$A,PAGE_1_old!$R36,CNXL_SQL_2!$D:$D,PAGE_1_old!$S$34)) | J36: =IF(SUMIFS(CNXL_SQL_2!$F:$F,CNXL_SQL_2!$A:$A,PAGE_1_old!$R36,CNXL_SQL_2!$D:$D,PAGE_1_old!$S$35)=0,"",SUMIFS(CNXL_SQL_2!$F:$F,CNXL_SQL_2!$A:$A,PAGE_1_old!$R36,CNXL_SQL_2!$D:$D,PAGE_1_old!$S$35)) | K36: =IF(SUMIFS(CNXL_SQL_2!$F:$F,CNXL_SQL_2!$A:$A,PAGE_1_old!$R36,CNXL_SQL_2!$D:$D,PAGE_1_old!$S$36)=0,"",SUMIFS(CNXL_SQL_2!$F:$F,CNXL_SQL_2!$A:$A,PAGE_1_old!$R36,CNXL_SQL_2!$D:$D,PAGE_1_old!$S$36)) | L36: =IF(SUMIFS(CNXL_SQL_2!$F:$F,CNXL_SQL_2!$A:$A,PAGE_1_old!$R36,CNXL_SQL_2!$D:$D,PAGE_1_old!$S$37)=0,"",SUMIFS(CNXL_SQL_2!$F:$F,CNXL_SQL_2!$A:$A,PAGE_1_old!$R36,CNXL_SQL_2!$D:$D,PAGE_1_old!$S$37)) | M36: =IF(SUM(D36:L36)=0,"",SUM(D36:L36)) | N36: =ES_MATRIX!K10 | O36: =IFERROR(M36-ES_MATRIX!L10,"") | P36: =IF(SUMIF(CNXL_SQL_2!$E:$E,PAGE_1_old!R36,CNXL_SQL_2!$F:$F)=0,"",SUMIF(CNXL_SQL_2!$E:$E,PAGE_1_old!R36,CNXL_SQL_2!$F:$F)) | R36: ZW | S36: CATERING OPERATIONS
B37: Total: | C37: =SUM(C29:C36) -> 1705 | D37: =IF(SUM(D29:D36)=0,"",SUM(D29:D36)) -> 11 | E37: =IF(SUM(E29:E36)=0,"",SUM(E29:E36)) | F37: =IF(SUM(F29:F36)=0,"",SUM(F29:F36)) | G37: =IF(SUM(G29:G36)=0,"",SUM(G29:G36)) | H37: =IF(SUM(H29:H36)=0,"",SUM(H29:H36)) | I37: =IF(SUM(I29:I36)=0,"",SUM(I29:I36)) | J37: =IF(SUM(J29:J36)=0,"",SUM(J29:J36)) | K37: =IF(SUM(K29:K36)=0,"",SUM(K29:K36)) | L37: =IF(SUM(L29:L36)=0,"",SUM(L29:L36)) | M37: =SUM(M29:M36) -> 11 | O37: =SUM(O29:O36) -> 11 | P37: =SUM(P29:P36) -> 0 | S37: OTHER
B41: Residual Cancel Detail
B42: Express Partner | C42: Scheduled Departures | D42: Weather & ATC | E42: Technical Operations | F42: Flight Operations | G42: Inflight Services | H42: Airport Operations | I42: Network Operations | J42: IT | K42: Catering Operations | L42: Other | M42: Total Cancels | N42: ES covered for this partner | O42: Net Cancel | P42: ES covered by this partner
B43: EV - ExpressJet | C43: =SUMIF(SCH_DEP_SQL_4!$A:$A,PAGE_1_old!R29,SCH_DEP_SQL_4!$E:$E) -> 0 | D43: =IF(SUMIFS(RES_CNXL_SQL_3!$F:$F,RES_CNXL_SQL_3!$A:$A,PAGE_1_old!$R29,RES_CNXL_SQL_3!$D:$D,PAGE_1_old!$S$29)=0,"",SUMIFS(RES_CNXL_SQL_3!$F:$F,RES_CNXL_SQL_3!$A:$A,PAGE_1_old!$R29,RES_CNXL_SQL_3!$D:$D,PAGE_1_old!$S$29)) | E43: =IF(SUMIFS(RES_CNXL_SQL_3!$F:$F,RES_CNXL_SQL_3!$A:$A,PAGE_1_old!$R29,RES_CNXL_SQL_3!$D:$D,PAGE_1_old!$S$30)=0,"",SUMIFS(RES_CNXL_SQL_3!$F:$F,RES_CNXL_SQL_3!$A:$A,PAGE_1_old!$R29,RES_CNXL_SQL_3!$D:$D,PAGE_1_old!$S$30)) | F43: =IF(SUMIFS(RES_CNXL_SQL_3!$F:$F,RES_CNXL_SQL_3!$A:$A,PAGE_1_old!$R29,RES_CNXL_SQL_3!$D:$D,PAGE_1_old!$S$31)=0,"",SUMIFS(RES_CNXL_SQL_3!$F:$F,RES_CNXL_SQL_3!$A:$A,PAGE_1_old!$R29,RES_CNXL_SQL_3!$D:$D,PAGE_1_old!$S$31)) | G43: =IF(SUMIFS(RES_CNXL_SQL_3!$F:$F,RES_CNXL_SQL_3!$A:$A,PAGE_1_old!$R29,RES_CNXL_SQL_3!$D:$D,PAGE_1_old!$S$32)=0,"",SUMIFS(RES_CNXL_SQL_3!$F:$F,RES_CNXL_SQL_3!$A:$A,PAGE_1_old!$R29,RES_CNXL_SQL_3!$D:$D,PAGE_1_old!$S$32)) | H43: =IF(SUMIFS(RES_CNXL_SQL_3!$F:$F,RES_CNXL_SQL_3!$A:$A,PAGE_1_old!$R29,RES_CNXL_SQL_3!$D:$D,PAGE_1_old!$S$33)=0,"",SUMIFS(RES_CNXL_SQL_3!$F:$F,RES_CNXL_SQL_3!$A:$A,PAGE_1_old!$R29,RES_CNXL_SQL_3!$D:$D,PAGE_1_old!$S$33)) | I43: =IF(SUMIFS(RES_CNXL_SQL_3!$F:$F,RES_CNXL_SQL_3!$A:$A,PAGE_1_old!$R29,RES_CNXL_SQL_3!$D:$D,PAGE_1_old!$S$34)=0,"",SUMIFS(RES_CNXL_SQL_3!$F:$F,RES_CNXL_SQL_3!$A:$A,PAGE_1_old!$R29,RES_CNXL_SQL_3!$D:$D,PAGE_1_old!$S$34)) | J43: =IF(SUMIFS(RES_CNXL_SQL_3!$F:$F,RES_CNXL_SQL_3!$A:$A,PAGE_1_old!$R29,RES_CNXL_SQL_3!$D:$D,PAGE_1_old!$S$35)=0,"",SUMIFS(RES_CNXL_SQL_3!$F:$F,RES_CNXL_SQL_3!$A:$A,PAGE_1_old!$R29,RES_CNXL_SQL_3!$D:$D,PAGE_1_old!$S$35)) | K43: =IF(SUMIFS(RES_CNXL_SQL_3!$F:$F,RES_CNXL_SQL_3!$A:$A,PAGE_1_old!$R29,RES_CNXL_SQL_3!$D:$D,PAGE_1_old!$S$36)=0,"",SUMIFS(RES_CNXL_SQL_3!$F:$F,RES_CNXL_SQL_3!$A:$A,PAGE_1_old!$R29,RES_CNXL_SQL_3!$D:$D,PAGE_1_old!$S$36)) | L43: =IF(SUMIFS(RES_CNXL_SQL_3!$F:$F,RES_CNXL_SQL_3!$A:$A,PAGE_1_old!$R29,RES_CNXL_SQL_3!$D:$D,PAGE_1_old!$S$37)=0,"",SUMIFS(RES_CNXL_SQL_3!$F:$F,RES_CNXL_SQL_3!$A:$A,PAGE_1_old!$R29,RES_CNXL_SQL_3!$D:$D,PAGE_1_old!$S$37)) | M43: =IF(SUM(D43:L43)=0,"",SUM(D43:L43)) | N43: =ES_MATRIX!K14 | O43: =IFERROR(M43-ES_MATRIX!L14,"") | P43: =IF(SUMIF(RES_CNXL_SQL_3!$E:$E,PAGE_1_old!R29,RES_CNXL_SQL_3!$F:$F)=0,"",SUMIF(RES_CNXL_SQL_3!$E:$E,PAGE_1_old!R29,RES_CNXL_SQL_3!$F:$F))
B44: OO - SkyWest | C44: =SUMIF(SCH_DEP_SQL_4!$A:$A,PAGE_1_old!R30,SCH_DEP_SQL_4!$E:$E) -> 816 | D44: =IF(SUMIFS(RES_CNXL_SQL_3!$F:$F,RES_CNXL_SQL_3!$A:$A,PAGE_1_old!$R30,RES_CNXL_SQL_3!$D:$D,PAGE_1_old!$S$29)=0,"",SUMIFS(RES_CNXL_SQL_3!$F:$F,RES_CNXL_SQL_3!$A:$A,PAGE_1_old!$R30,RES_CNXL_SQL_3!$D:$D,PAGE_1_old!$S$29)) -> 6 | E44: =IF(SUMIFS(RES_CNXL_SQL_3!$F:$F,RES_CNXL_SQL_3!$A:$A,PAGE_1_old!$R30,RES_CNXL_SQL_3!$D:$D,PAGE_1_old!$S$30)=0,"",SUMIFS(RES_CNXL_SQL_3!$F:$F,RES_CNXL_SQL_3!$A:$A,PAGE_1_old!$R30,RES_CNXL_SQL_3!$D:$D,PAGE_1_old!$S$30)) | F44: =IF(SUMIFS(RES_CNXL_SQL_3!$F:$F,RES_CNXL_SQL_3!$A:$A,PAGE_1_old!$R30,RES_CNXL_SQL_3!$D:$D,PAGE_1_old!$S$31)=0,"",SUMIFS(RES_CNXL_SQL_3!$F:$F,RES_CNXL_SQL_3!$A:$A,PAGE_1_old!$R30,RES_CNXL_SQL_3!$D:$D,PAGE_1_old!$S$31)) | G44: =IF(SUMIFS(RES_CNXL_SQL_3!$F:$F,RES_CNXL_SQL_3!$A:$A,PAGE_1_old!$R30,RES_CNXL_SQL_3!$D:$D,PAGE_1_old!$S$32)=0,"",SUMIFS(RES_CNXL_SQL_3!$F:$F,RES_CNXL_SQL_3!$A:$A,PAGE_1_old!$R30,RES_CNXL_SQL_3!$D:$D,PAGE_1_old!$S$32)) | H44: =IF(SUMIFS(RES_CNXL_SQL_3!$F:$F,RES_CNXL_SQL_3!$A:$A,PAGE_1_old!$R30,RES_CNXL_SQL_3!$D:$D,PAGE_1_old!$S$33)=0,"",SUMIFS(RES_CNXL_SQL_3!$F:$F,RES_CNXL_SQL_3!$A:$A,PAGE_1_old!$R30,RES_CNXL_SQL_3!$D:$D,PAGE_1_old!$S$33)) | I44: =IF(SUMIFS(RES_CNXL_SQL_3!$F:$F,RES_CNXL_SQL_3!$A:$A,PAGE_1_old!$R30,RES_CNXL_SQL_3!$D:$D,PAGE_1_old!$S$34)=0,"",SUMIFS(RES_CNXL_SQL_3!$F:$F,RES_CNXL_SQL_3!$A:$A,PAGE_1_old!$R30,RES_CNXL_SQL_3!$D:$D,PAGE_1_old!$S$34)) | J44: =IF(SUMIFS(RES_CNXL_SQL_3!$F:$F,RES_CNXL_SQL_3!$A:$A,PAGE_1_old!$R30,RES_CNXL_SQL_3!$D:$D,PAGE_1_old!$S$35)=0,"",SUMIFS(RES_CNXL_SQL_3!$F:$F,RES_CNXL_SQL_3!$A:$A,PAGE_1_old!$R30,RES_CNXL_SQL_3!$D:$D,PAGE_1_old!$S$35)) | K44: =IF(SUMIFS(RES_CNXL_SQL_3!$F:$F,RES_CNXL_SQL_3!$A:$A,PAGE_1_old!$R30,RES_CNXL_SQL_3!$D:$D,PAGE_1_old!$S$36)=0,"",SUMIFS(RES_CNXL_SQL_3!$F:$F,RES_CNXL_SQL_3!$A:$A,PAGE_1_old!$R30,RES_CNXL_SQL_3!$D:$D,PAGE_1_old!$S$36)) | L44: =IF(SUMIFS(RES_CNXL_SQL_3!$F:$F,RES_CNXL_SQL_3!$A:$A,PAGE_1_old!$R30,RES_CNXL_SQL_3!$D:$D,PAGE_1_old!$S$37)=0,"",SUMIFS(RES_CNXL_SQL_3!$F:$F,RES_CNXL_SQL_3!$A:$A,PAGE_1_old!$R30,RES_CNXL_SQL_3!$D:$D,PAGE_1_old!$S$37)) | M44: =IF(SUM(D44:L44)=0,"",SUM(D44:L44)) -> 6 | N44: =ES_MATRIX!K15 | O44: =IFERROR(M44-ES_MATRIX!L15,"") -> 6 | P44: =IF(SUMIF(RES_CNXL_SQL_3!$E:$E,PAGE_1_old!R30,RES_CNXL_SQL_3!$F:$F)=0,"",SUMIF(RES_CNXL_SQL_3!$E:$E,PAGE_1_old!R30,RES_CNXL_SQL_3!$F:$F))
B45: AX - Trans States | C45: =SUMIF(SCH_DEP_SQL_4!$A:$A,PAGE_1_old!R31,SCH_DEP_SQL_4!$E:$E) -> 0 | D45: =IF(SUMIFS(RES_CNXL_SQL_3!$F:$F,RES_CNXL_SQL_3!$A:$A,PAGE_1_old!$R31,RES_CNXL_SQL_3!$D:$D,PAGE_1_old!$S$29)=0,"",SUMIFS(RES_CNXL_SQL_3!$F:$F,RES_CNXL_SQL_3!$A:$A,PAGE_1_old!$R31,RES_CNXL_SQL_3!$D:$D,PAGE_1_old!$S$29)) | E45: =IF(SUMIFS(RES_CNXL_SQL_3!$F:$F,RES_CNXL_SQL_3!$A:$A,PAGE_1_old!$R31,RES_CNXL_SQL_3!$D:$D,PAGE_1_old!$S$30)=0,"",SUMIFS(RES_CNXL_SQL_3!$F:$F,RES_CNXL_SQL_3!$A:$A,PAGE_1_old!$R31,RES_CNXL_SQL_3!$D:$D,PAGE_1_old!$S$30)) | F45: =IF(SUMIFS(RES_CNXL_SQL_3!$F:$F,RES_CNXL_SQL_3!$A:$A,PAGE_1_old!$R31,RES_CNXL_SQL_3!$D:$D,PAGE_1_old!$S$31)=0,"",SUMIFS(RES_CNXL_SQL_3!$F:$F,RES_CNXL_SQL_3!$A:$A,PAGE_1_old!$R31,RES_CNXL_SQL_3!$D:$D,PAGE_1_old!$S$31)) | G45: =IF(SUMIFS(RES_CNXL_SQL_3!$F:$F,RES_CNXL_SQL_3!$A:$A,PAGE_1_old!$R31,RES_CNXL_SQL_3!$D:$D,PAGE_1_old!$S$32)=0,"",SUMIFS(RES_CNXL_SQL_3!$F:$F,RES_CNXL_SQL_3!$A:$A,PAGE_1_old!$R31,RES_CNXL_SQL_3!$D:$D,PAGE_1_old!$S$32)) | H45: =IF(SUMIFS(RES_CNXL_SQL_3!$F:$F,RES_CNXL_SQL_3!$A:$A,PAGE_1_old!$R31,RES_CNXL_SQL_3!$D:$D,PAGE_1_old!$S$33)=0,"",SUMIFS(RES_CNXL_SQL_3!$F:$F,RES_CNXL_SQL_3!$A:$A,PAGE_1_old!$R31,RES_CNXL_SQL_3!$D:$D,PAGE_1_old!$S$33)) | I45: =IF(SUMIFS(RES_CNXL_SQL_3!$F:$F,RES_CNXL_SQL_3!$A:$A,PAGE_1_old!$R31,RES_CNXL_SQL_3!$D:$D,PAGE_1_old!$S$34)=0,"",SUMIFS(RES_CNXL_SQL_3!$F:$F,RES_CNXL_SQL_3!$A:$A,PAGE_1_old!$R31,RES_CNXL_SQL_3!$D:$D,PAGE_1_old!$S$34)) | J45: =IF(SUMIFS(RES_CNXL_SQL_3!$F:$F,RES_CNXL_SQL_3!$A:$A,PAGE_1_old!$R31,RES_CNXL_SQL_3!$D:$D,PAGE_1_old!$S$35)=0,"",SUMIFS(RES_CNXL_SQL_3!$F:$F,RES_CNXL_SQL_3!$A:$A,PAGE_1_old!$R31,RES_CNXL_SQL_3!$D:$D,PAGE_1_old!$S$35)) | K45: =IF(SUMIFS(RES_CNXL_SQL_3!$F:$F,RES_CNXL_SQL_3!$A:$A,PAGE_1_old!$R31,RES_CNXL_SQL_3!$D:$D,PAGE_1_old!$S$36)=0,"",SUMIFS(RES_CNXL_SQL_3!$F:$F,RES_CNXL_SQL_3!$A:$A,PAGE_1_old!$R31,RES_CNXL_SQL_3!$D:$D,PAGE_1_old!$S$36)) | L45: =IF(SUMIFS(RES_CNXL_SQL_3!$F:$F,RES_CNXL_SQL_3!$A:$A,PAGE_1_old!$R31,RES_CNXL_SQL_3!$D:$D,PAGE_1_old!$S$37)=0,"",SUMIFS(RES_CNXL_SQL_3!$F:$F,RES_CNXL_SQL_3!$A:$A,PAGE_1_old!$R31,RES_CNXL_SQL_3!$D:$D,PAGE_1_old!$S$37)) | M45: =IF(SUM(D45:L45)=0,"",SUM(D45:L45)) | N45: =ES_MATRIX!K16 | O45: =IFERROR(M45-ES_MATRIX!L16,"") | P45: =IF(SUMIF(RES_CNXL_SQL_3!$E:$E,PAGE_1_old!R31,RES_CNXL_SQL_3!$F:$F)=0,"",SUMIF(RES_CNXL_SQL_3!$E:$E,PAGE_1_old!R31,RES_CNXL_SQL_3!$F:$F))
B46: YX - Republic | C46: =SUMIF(SCH_DEP_SQL_4!$A:$A,PAGE_1_old!R32,SCH_DEP_SQL_4!$E:$E) -> 297 | D46: =IF(SUMIFS(RES_CNXL_SQL_3!$F:$F,RES_CNXL_SQL_3!$A:$A,PAGE_1_old!$R32,RES_CNXL_SQL_3!$D:$D,PAGE_1_old!$S$29)=0,"",SUMIFS(RES_CNXL_SQL_3!$F:$F,RES_CNXL_SQL_3!$A:$A,PAGE_1_old!$R32,RES_CNXL_SQL_3!$D:$D,PAGE_1_old!$S$29)) | E46: =IF(SUMIFS(RES_CNXL_SQL_3!$F:$F,RES_CNXL_SQL_3!$A:$A,PAGE_1_old!$R32,RES_CNXL_SQL_3!$D:$D,PAGE_1_old!$S$30)=0,"",SUMIFS(RES_CNXL_SQL_3!$F:$F,RES_CNXL_SQL_3!$A:$A,PAGE_1_old!$R32,RES_CNXL_SQL_3!$D:$D,PAGE_1_old!$S$30)) | F46: =IF(SUMIFS(RES_CNXL_SQL_3!$F:$F,RES_CNXL_SQL_3!$A:$A,PAGE_1_old!$R32,RES_CNXL_SQL_3!$D:$D,PAGE_1_old!$S$31)=0,"",SUMIFS(RES_CNXL_SQL_3!$F:$F,RES_CNXL_SQL_3!$A:$A,PAGE_1_old!$R32,RES_CNXL_SQL_3!$D:$D,PAGE_1_old!$S$31)) | G46: =IF(SUMIFS(RES_CNXL_SQL_3!$F:$F,RES_CNXL_SQL_3!$A:$A,PAGE_1_old!$R32,RES_CNXL_SQL_3!$D:$D,PAGE_1_old!$S$32)=0,"",SUMIFS(RES_CNXL_SQL_3!$F:$F,RES_CNXL_SQL_3!$A:$A,PAGE_1_old!$R32,RES_CNXL_SQL_3!$D:$D,PAGE_1_old!$S$32)) | H46: =IF(SUMIFS(RES_CNXL_SQL_3!$F:$F,RES_CNXL_SQL_3!$A:$A,PAGE_1_old!$R32,RES_CNXL_SQL_3!$D:$D,PAGE_1_old!$S$33)=0,"",SUMIFS(RES_CNXL_SQL_3!$F:$F,RES_CNXL_SQL_3!$A:$A,PAGE_1_old!$R32,RES_CNXL_SQL_3!$D:$D,PAGE_1_old!$S$33)) | I46: =IF(SUMIFS(RES_CNXL_SQL_3!$F:$F,RES_CNXL_SQL_3!$A:$A,PAGE_1_old!$R32,RES_CNXL_SQL_3!$D:$D,PAGE_1_old!$S$34)=0,"",SUMIFS(RES_CNXL_SQL_3!$F:$F,RES_CNXL_SQL_3!$A:$A,PAGE_1_old!$R32,RES_CNXL_SQL_3!$D:$D,PAGE_1_old!$S$34)) | J46: =IF(SUMIFS(RES_CNXL_SQL_3!$F:$F,RES_CNXL_SQL_3!$A:$A,PAGE_1_old!$R32,RES_CNXL_SQL_3!$D:$D,PAGE_1_old!$S$35)=0,"",SUMIFS(RES_CNXL_SQL_3!$F:$F,RES_CNXL_SQL_3!$A:$A,PAGE_1_old!$R32,RES_CNXL_SQL_3!$D:$D,PAGE_1_old!$S$35)) | K46: =IF(SUMIFS(RES_CNXL_SQL_3!$F:$F,RES_CNXL_SQL_3!$A:$A,PAGE_1_old!$R32,RES_CNXL_SQL_3!$D:$D,PAGE_1_old!$S$36)=0,"",SUMIFS(RES_CNXL_SQL_3!$F:$F,RES_CNXL_SQL_3!$A:$A,PAGE_1_old!$R32,RES_CNXL_SQL_3!$D:$D,PAGE_1_old!$S$36)) | L46: =IF(SUMIFS(RES_CNXL_SQL_3!$F:$F,RES_CNXL_SQL_3!$A:$A,PAGE_1_old!$R32,RES_CNXL_SQL_3!$D:$D,PAGE_1_old!$S$37)=0,"",SUMIFS(RES_CNXL_SQL_3!$F:$F,RES_CNXL_SQL_3!$A:$A,PAGE_1_old!$R32,RES_CNXL_SQL_3!$D:$D,PAGE_1_old!$S$37)) | M46: =IF(SUM(D46:L46)=0,"",SUM(D46:L46)) | N46: =ES_MATRIX!K17 | O46: =IFERROR(M46-ES_MATRIX!L17,"") | P46: =IF(SUMIF(RES_CNXL_SQL_3!$E:$E,PAGE_1_old!R32,RES_CNXL_SQL_3!$F:$F)=0,"",SUMIF(RES_CNXL_SQL_3!$E:$E,PAGE_1_old!R32,RES_CNXL_SQL_3!$F:$F))
B47: G7 - Go Jet | C47: =SUMIF(SCH_DEP_SQL_4!$A:$A,PAGE_1_old!R33,SCH_DEP_SQL_4!$E:$E) -> 186 | D47: =IF(SUMIFS(RES_CNXL_SQL_3!$F:$F,RES_CNXL_SQL_3!$A:$A,PAGE_1_old!$R33,RES_CNXL_SQL_3!$D:$D,PAGE_1_old!$S$29)=0,"",SUMIFS(RES_CNXL_SQL_3!$F:$F,RES_CNXL_SQL_3!$A:$A,PAGE_1_old!$R33,RES_CNXL_SQL_3!$D:$D,PAGE_1_old!$S$29)) | E47: =IF(SUMIFS(RES_CNXL_SQL_3!$F:$F,RES_CNXL_SQL_3!$A:$A,PAGE_1_old!$R33,RES_CNXL_SQL_3!$D:$D,PAGE_1_old!$S$30)=0,"",SUMIFS(RES_CNXL_SQL_3!$F:$F,RES_CNXL_SQL_3!$A:$A,PAGE_1_old!$R33,RES_CNXL_SQL_3!$D:$D,PAGE_1_old!$S$30)) | F47: =IF(SUMIFS(RES_CNXL_SQL_3!$F:$F,RES_CNXL_SQL_3!$A:$A,PAGE_1_old!$R33,RES_CNXL_SQL_3!$D:$D,PAGE_1_old!$S$31)=0,"",SUMIFS(RES_CNXL_SQL_3!$F:$F,RES_CNXL_SQL_3!$A:$A,PAGE_1_old!$R33,RES_CNXL_SQL_3!$D:$D,PAGE_1_old!$S$31)) | G47: =IF(SUMIFS(RES_CNXL_SQL_3!$F:$F,RES_CNXL_SQL_3!$A:$A,PAGE_1_old!$R33,RES_CNXL_SQL_3!$D:$D,PAGE_1_old!$S$32)=0,"",SUMIFS(RES_CNXL_SQL_3!$F:$F,RES_CNXL_SQL_3!$A:$A,PAGE_1_old!$R33,RES_CNXL_SQL_3!$D:$D,PAGE_1_old!$S$32)) | H47: =IF(SUMIFS(RES_CNXL_SQL_3!$F:$F,RES_CNXL_SQL_3!$A:$A,PAGE_1_old!$R33,RES_CNXL_SQL_3!$D:$D,PAGE_1_old!$S$33)=0,"",SUMIFS(RES_CNXL_SQL_3!$F:$F,RES_CNXL_SQL_3!$A:$A,PAGE_1_old!$R33,RES_CNXL_SQL_3!$D:$D,PAGE_1_old!$S$33)) -> 1 | I47: =IF(SUMIFS(RES_CNXL_SQL_3!$F:$F,RES_CNXL_SQL_3!$A:$A,PAGE_1_old!$R33,RES_CNXL_SQL_3!$D:$D,PAGE_1_old!$S$34)=0,"",SUMIFS(RES_CNXL_SQL_3!$F:$F,RES_CNXL_SQL_3!$A:$A,PAGE_1_old!$R33,RES_CNXL_SQL_3!$D:$D,PAGE_1_old!$S$34)) | J47: =IF(SUMIFS(RES_CNXL_SQL_3!$F:$F,RES_CNXL_SQL_3!$A:$A,PAGE_1_old!$R33,RES_CNXL_SQL_3!$D:$D,PAGE_1_old!$S$35)=0,"",SUMIFS(RES_CNXL_SQL_3!$F:$F,RES_CNXL_SQL_3!$A:$A,PAGE_1_old!$R33,RES_CNXL_SQL_3!$D:$D,PAGE_1_old!$S$35)) | K47: =IF(SUMIFS(RES_CNXL_SQL_3!$F:$F,RES_CNXL_SQL_3!$A:$A,PAGE_1_old!$R33,RES_CNXL_SQL_3!$D:$D,PAGE_1_old!$S$36)=0,"",SUMIFS(RES_CNXL_SQL_3!$F:$F,RES_CNXL_SQL_3!$A:$A,PAGE_1_old!$R33,RES_CNXL_SQL_3!$D:$D,PAGE_1_old!$S$36)) | L47: =IF(SUMIFS(RES_CNXL_SQL_3!$F:$F,RES_CNXL_SQL_3!$A:$A,PAGE_1_old!$R33,RES_CNXL_SQL_3!$D:$D,PAGE_1_old!$S$37)=0,"",SUMIFS(RES_CNXL_SQL_3!$F:$F,RES_CNXL_SQL_3!$A:$A,PAGE_1_old!$R33,RES_CNXL_SQL_3!$D:$D,PAGE_1_old!$S$37)) | M47: =IF(SUM(D47:L47)=0,"",SUM(D47:L47)) -> 1 | N47: =ES_MATRIX!K18 | O47: =IFERROR(M47-ES_MATRIX!L18,"") -> 1 | P47: =IF(SUMIF(RES_CNXL_SQL_3!$E:$E,PAGE_1_old!R33,RES_CNXL_SQL_3!$F:$F)=0,"",SUMIF(RES_CNXL_SQL_3!$E:$E,PAGE_1_old!R33,RES_CNXL_SQL_3!$F:$F))
B48: C5 - CommutAir | C48: =SUMIF(SCH_DEP_SQL_4!$A:$A,PAGE_1_old!R34,SCH_DEP_SQL_4!$E:$E) -> 193 | D48: =IF(SUMIFS(RES_CNXL_SQL_3!$F:$F,RES_CNXL_SQL_3!$A:$A,PAGE_1_old!$R34,RES_CNXL_SQL_3!$D:$D,PAGE_1_old!$S$29)=0,"",SUMIFS(RES_CNXL_SQL_3!$F:$F,RES_CNXL_SQL_3!$A:$A,PAGE_1_old!$R34,RES_CNXL_SQL_3!$D:$D,PAGE_1_old!$S$29)) | E48: =IF(SUMIFS(RES_CNXL_SQL_3!$F:$F,RES_CNXL_SQL_3!$A:$A,PAGE_1_old!$R34,RES_CNXL_SQL_3!$D:$D,PAGE_1_old!$S$30)=0,"",SUMIFS(RES_CNXL_SQL_3!$F:$F,RES_CNXL_SQL_3!$A:$A,PAGE_1_old!$R34,RES_CNXL_SQL_3!$D:$D,PAGE_1_old!$S$30)) | F48: =IF(SUMIFS(RES_CNXL_SQL_3!$F:$F,RES_CNXL_SQL_3!$A:$A,PAGE_1_old!$R34,RES_CNXL_SQL_3!$D:$D,PAGE_1_old!$S$31)=0,"",SUMIFS(RES_CNXL_SQL_3!$F:$F,RES_CNXL_SQL_3!$A:$A,PAGE_1_old!$R34,RES_CNXL_SQL_3!$D:$D,PAGE_1_old!$S$31)) | G48: =IF(SUMIFS(RES_CNXL_SQL_3!$F:$F,RES_CNXL_SQL_3!$A:$A,PAGE_1_old!$R34,RES_CNXL_SQL_3!$D:$D,PAGE_1_old!$S$32)=0,"",SUMIFS(RES_CNXL_SQL_3!$F:$F,RES_CNXL_SQL_3!$A:$A,PAGE_1_old!$R34,RES_CNXL_SQL_3!$D:$D,PAGE_1_old!$S$32)) | H48: =IF(SUMIFS(RES_CNXL_SQL_3!$F:$F,RES_CNXL_SQL_3!$A:$A,PAGE_1_old!$R34,RES_CNXL_SQL_3!$D:$D,PAGE_1_old!$S$33)=0,"",SUMIFS(RES_CNXL_SQL_3!$F:$F,RES_CNXL_SQL_3!$A:$A,PAGE_1_old!$R34,RES_CNXL_SQL_3!$D:$D,PAGE_1_old!$S$33)) | I48: =IF(SUMIFS(RES_CNXL_SQL_3!$F:$F,RES_CNXL_SQL_3!$A:$A,PAGE_1_old!$R34,RES_CNXL_SQL_3!$D:$D,PAGE_1_old!$S$34)=0,"",SUMIFS(RES_CNXL_SQL_3!$F:$F,RES_CNXL_SQL_3!$A:$A,PAGE_1_old!$R34,RES_CNXL_SQL_3!$D:$D,PAGE_1_old!$S$34)) | J48: =IF(SUMIFS(RES_CNXL_SQL_3!$F:$F,RES_CNXL_SQL_3!$A:$A,PAGE_1_old!$R34,RES_CNXL_SQL_3!$D:$D,PAGE_1_old!$S$35)=0,"",SUMIFS(RES_CNXL_SQL_3!$F:$F,RES_CNXL_SQL_3!$A:$A,PAGE_1_old!$R34,RES_CNXL_SQL_3!$D:$D,PAGE_1_old!$S$35)) | K48: =IF(SUMIFS(RES_CNXL_SQL_3!$F:$F,RES_CNXL_SQL_3!$A:$A,PAGE_1_old!$R34,RES_CNXL_SQL_3!$D:$D,PAGE_1_old!$S$36)=0,"",SUMIFS(RES_CNXL_SQL_3!$F:$F,RES_CNXL_SQL_3!$A:$A,PAGE_1_old!$R34,RES_CNXL_SQL_3!$D:$D,PAGE_1_old!$S$36)) | L48: =IF(SUMIFS(RES_CNXL_SQL_3!$F:$F,RES_CNXL_SQL_3!$A:$A,PAGE_1_old!$R34,RES_CNXL_SQL_3!$D:$D,PAGE_1_old!$S$37)=0,"",SUMIFS(RES_CNXL_SQL_3!$F:$F,RES_CNXL_SQL_3!$A:$A,PAGE_1_old!$R34,RES_CNXL_SQL_3!$D:$D,PAGE_1_old!$S$37)) | M48: =IF(SUM(D48:L48)=0,"",SUM(D48:L48)) | N48: =ES_MATRIX!K19 | O48: =IFERROR(M48-ES_MATRIX!L19,"") | P48: =IF(SUMIF(RES_CNXL_SQL_3!$E:$E,PAGE_1_old!R34,RES_CNXL_SQL_3!$F:$F)=0,"",SUMIF(RES_CNXL_SQL_3!$E:$E,PAGE_1_old!R34,RES_CNXL_SQL_3!$F:$F))
B49: YV - Mesa | C49: =SUMIF(SCH_DEP_SQL_4!$A:$A,PAGE_1_old!R35,SCH_DEP_SQL_4!$E:$E) -> 213 | D49: =IF(SUMIFS(RES_CNXL_SQL_3!$F:$F,RES_CNXL_SQL_3!$A:$A,PAGE_1_old!$R35,RES_CNXL_SQL_3!$D:$D,PAGE_1_old!$S$29)=0,"",SUMIFS(RES_CNXL_SQL_3!$F:$F,RES_CNXL_SQL_3!$A:$A,PAGE_1_old!$R35,RES_CNXL_SQL_3!$D:$D,PAGE_1_old!$S$29)) | E49: =IF(SUMIFS(RES_CNXL_SQL_3!$F:$F,RES_CNXL_SQL_3!$A:$A,PAGE_1_old!$R35,RES_CNXL_SQL_3!$D:$D,PAGE_1_old!$S$30)=0,"",SUMIFS(RES_CNXL_SQL_3!$F:$F,RES_CNXL_SQL_3!$A:$A,PAGE_1_old!$R35,RES_CNXL_SQL_3!$D:$D,PAGE_1_old!$S$30)) | F49: =IF(SUMIFS(RES_CNXL_SQL_3!$F:$F,RES_CNXL_SQL_3!$A:$A,PAGE_1_old!$R35,RES_CNXL_SQL_3!$D:$D,PAGE_1_old!$S$31)=0,"",SUMIFS(RES_CNXL_SQL_3!$F:$F,RES_CNXL_SQL_3!$A:$A,PAGE_1_old!$R35,RES_CNXL_SQL_3!$D:$D,PAGE_1_old!$S$31)) | G49: =IF(SUMIFS(RES_CNXL_SQL_3!$F:$F,RES_CNXL_SQL_3!$A:$A,PAGE_1_old!$R35,RES_CNXL_SQL_3!$D:$D,PAGE_1_old!$S$32)=0,"",SUMIFS(RES_CNXL_SQL_3!$F:$F,RES_CNXL_SQL_3!$A:$A,PAGE_1_old!$R35,RES_CNXL_SQL_3!$D:$D,PAGE_1_old!$S$32)) | H49: =IF(SUMIFS(RES_CNXL_SQL_3!$F:$F,RES_CNXL_SQL_3!$A:$A,PAGE_1_old!$R35,RES_CNXL_SQL_3!$D:$D,PAGE_1_old!$S$33)=0,"",SUMIFS(RES_CNXL_SQL_3!$F:$F,RES_CNXL_SQL_3!$A:$A,PAGE_1_old!$R35,RES_CNXL_SQL_3!$D:$D,PAGE_1_old!$S$33)) | I49: =IF(SUMIFS(RES_CNXL_SQL_3!$F:$F,RES_CNXL_SQL_3!$A:$A,PAGE_1_old!$R35,RES_CNXL_SQL_3!$D:$D,PAGE_1_old!$S$34)=0,"",SUMIFS(RES_CNXL_SQL_3!$F:$F,RES_CNXL_SQL_3!$A:$A,PAGE_1_old!$R35,RES_CNXL_SQL_3!$D:$D,PAGE_1_old!$S$34)) | J49: =IF(SUMIFS(RES_CNXL_SQL_3!$F:$F,RES_CNXL_SQL_3!$A:$A,PAGE_1_old!$R35,RES_CNXL_SQL_3!$D:$D,PAGE_1_old!$S$35)=0,"",SUMIFS(RES_CNXL_SQL_3!$F:$F,RES_CNXL_SQL_3!$A:$A,PAGE_1_old!$R35,RES_CNXL_SQL_3!$D:$D,PAGE_1_old!$S$35)) | K49: =IF(SUMIFS(RES_CNXL_SQL_3!$F:$F,RES_CNXL_SQL_3!$A:$A,PAGE_1_old!$R35,RES_CNXL_SQL_3!$D:$D,PAGE_1_old!$S$36)=0,"",SUMIFS(RES_CNXL_SQL_3!$F:$F,RES_CNXL_SQL_3!$A:$A,PAGE_1_old!$R35,RES_CNXL_SQL_3!$D:$D,PAGE_1_old!$S$36)) | L49: =IF(SUMIFS(RES_CNXL_SQL_3!$F:$F,RES_CNXL_SQL_3!$A:$A,PAGE_1_old!$R35,RES_CNXL_SQL_3!$D:$D,PAGE_1_old!$S$37)=0,"",SUMIFS(RES_CNXL_SQL_3!$F:$F,RES_CNXL_SQL_3!$A:$A,PAGE_1_old!$R35,RES_CNXL_SQL_3!$D:$D,PAGE_1_old!$S$37)) | M49: =IF(SUM(D49:L49)=0,"",SUM(D49:L49)) | N49: =ES_MATRIX!K20 | O49: =IFERROR(M49-ES_MATRIX!L20,"") | P49: =IF(SUMIF(RES_CNXL_SQL_3!$E:$E,PAGE_1_old!R35,RES_CNXL_SQL_3!$F:$F)=0,"",SUMIF(RES_CNXL_SQL_3!$E:$E,PAGE_1_old!R35,RES_CNXL_SQL_3!$F:$F))
B50: ZW - Air Wisconsin | C50: =SUMIF(SCH_DEP_SQL_4!$A:$A,PAGE_1_old!R36,SCH_DEP_SQL_4!$E:$E) -> 0 | D50: =IF(SUMIFS(RES_CNXL_SQL_3!$F:$F,RES_CNXL_SQL_3!$A:$A,PAGE_1_old!$R36,RES_CNXL_SQL_3!$D:$D,PAGE_1_old!$S$29)=0,"",SUMIFS(RES_CNXL_SQL_3!$F:$F,RES_CNXL_SQL_3!$A:$A,PAGE_1_old!$R36,RES_CNXL_SQL_3!$D:$D,PAGE_1_old!$S$29)) | E50: =IF(SUMIFS(RES_CNXL_SQL_3!$F:$F,RES_CNXL_SQL_3!$A:$A,PAGE_1_old!$R36,RES_CNXL_SQL_3!$D:$D,PAGE_1_old!$S$30)=0,"",SUMIFS(RES_CNXL_SQL_3!$F:$F,RES_CNXL_SQL_3!$A:$A,PAGE_1_old!$R36,RES_CNXL_SQL_3!$D:$D,PAGE_1_old!$S$30)) | F50: =IF(SUMIFS(RES_CNXL_SQL_3!$F:$F,RES_CNXL_SQL_3!$A:$A,PAGE_1_old!$R36,RES_CNXL_SQL_3!$D:$D,PAGE_1_old!$S$31)=0,"",SUMIFS(RES_CNXL_SQL_3!$F:$F,RES_CNXL_SQL_3!$A:$A,PAGE_1_old!$R36,RES_CNXL_SQL_3!$D:$D,PAGE_1_old!$S$31)) | G50: =IF(SUMIFS(RES_CNXL_SQL_3!$F:$F,RES_CNXL_SQL_3!$A:$A,PAGE_1_old!$R36,RES_CNXL_SQL_3!$D:$D,PAGE_1_old!$S$32)=0,"",SUMIFS(RES_CNXL_SQL_3!$F:$F,RES_CNXL_SQL_3!$A:$A,PAGE_1_old!$R36,RES_CNXL_SQL_3!$D:$D,PAGE_1_old!$S$32)) | H50: =IF(SUMIFS(RES_CNXL_SQL_3!$F:$F,RES_CNXL_SQL_3!$A:$A,PAGE_1_old!$R36,RES_CNXL_SQL_3!$D:$D,PAGE_1_old!$S$33)=0,"",SUMIFS(RES_CNXL_SQL_3!$F:$F,RES_CNXL_SQL_3!$A:$A,PAGE_1_old!$R36,RES_CNXL_SQL_3!$D:$D,PAGE_1_old!$S$33)) | I50: =IF(SUMIFS(RES_CNXL_SQL_3!$F:$F,RES_CNXL_SQL_3!$A:$A,PAGE_1_old!$R36,RES_CNXL_SQL_3!$D:$D,PAGE_1_old!$S$34)=0,"",SUMIFS(RES_CNXL_SQL_3!$F:$F,RES_CNXL_SQL_3!$A:$A,PAGE_1_old!$R36,RES_CNXL_SQL_3!$D:$D,PAGE_1_old!$S$34)) | J50: =IF(SUMIFS(RES_CNXL_SQL_3!$F:$F,RES_CNXL_SQL_3!$A:$A,PAGE_1_old!$R36,RES_CNXL_SQL_3!$D:$D,PAGE_1_old!$S$35)=0,"",SUMIFS(RES_CNXL_SQL_3!$F:$F,RES_CNXL_SQL_3!$A:$A,PAGE_1_old!$R36,RES_CNXL_SQL_3!$D:$D,PAGE_1_old!$S$35)) | K50: =IF(SUMIFS(RES_CNXL_SQL_3!$F:$F,RES_CNXL_SQL_3!$A:$A,PAGE_1_old!$R36,RES_CNXL_SQL_3!$D:$D,PAGE_1_old!$S$36)=0,"",SUMIFS(RES_CNXL_SQL_3!$F:$F,RES_CNXL_SQL_3!$A:$A,PAGE_1_old!$R36,RES_CNXL_SQL_3!$D:$D,PAGE_1_old!$S$36)) | L50: =IF(SUMIFS(RES_CNXL_SQL_3!$F:$F,RES_CNXL_SQL_3!$A:$A,PAGE_1_old!$R36,RES_CNXL_SQL_3!$D:$D,PAGE_1_old!$S$37)=0,"",SUMIFS(RES_CNXL_SQL_3!$F:$F,RES_CNXL_SQL_3!$A:$A,PAGE_1_old!$R36,RES_CNXL_SQL_3!$D:$D,PAGE_1_old!$S$37)) | M50: =IF(SUM(D50:L50)=0,"",SUM(D50:L50)) | N50: =ES_MATRIX!K21 | O50: =IFERROR(M50-ES_MATRIX!L21,"") | P50: =IF(SUMIF(RES_CNXL_SQL_3!$E:$E,PAGE_1_old!R36,RES_CNXL_SQL_3!$F:$F)=0,"",SUMIF(RES_CNXL_SQL_3!$E:$E,PAGE_1_old!R36,RES_CNXL_SQL_3!$F:$F))
B51: Total: | C51: =SUM(C43:C50) -> 1705 | D51: =IF(SUM(D43:D50)=0,"",SUM(D43:D50)) -> 6 | E51: =IF(SUM(E43:E50)=0,"",SUM(E43:E50)) | F51: =IF(SUM(F43:F50)=0,"",SUM(F43:F50)) | G51: =IF(SUM(G43:G50)=0,"",SUM(G43:G50)) | H51: =IF(SUM(H43:H50)=0,"",SUM(H43:H50)) -> 1 | I51: =IF(SUM(I43:I50)=0,"",SUM(I43:I50)) | J51: =IF(SUM(J43:J50)=0,"",SUM(J43:J50)) | K51: =IF(SUM(K43:K50)=0,"",SUM(K43:K50)) | L51: =IF(SUM(L43:L50)=0,"",SUM(L43:L50)) | M51: =SUM(M43:M50) -> 7 | O51: =SUM(O43:O50) -> 7 | P51: =SUM(P43:P50) -> 0

Sheet Pg1
B1: UAX Daily Snapshot
R2: UA | S2: AA | T2: DL
D3: Metrics | E3: Latest | F3: Last 7 Days | G3: MTD | H3: 2019 | I3: DL Diff. | J3: AA Diff. | K3: Rank | P3: =TODAY() -> 45645 | R3: =$G$7 -> 0.0045300737 | S3: =OA_SeatCnxl!C2 -> 0 | T3: =OA_SeatCnxl!C3 -> 0 | U3: =RANK(R3,R3:T3,1) -> 3
P4: =DAY(P3) -> 19
B5: Reliability Metrics | D5: Cancellation Rate | E5: =UA_SQL_1!$O$2/UA_SQL_1!$N$2 -> 0.0064516129 | F5: =UA_L7D!$F$2/UA_L7D!$E$2 -> 0.0018277177 | G5: =UA_SQL_1!$F$2/UA_SQL_1!$E$2 -> 0.0040492958 | H5: =UA_SQL_1_2019!$F$2/UA_SQL_1_2019!$E$2 -> 0.022682274 | I5: =(G5-RANK!$Q$2)*100 -> -0.59315104 | J5: =($G$5-RANK!$R$2)*100 -> 0.10727646 | K5: 3
D6: Controllable Cancellation Rate | E6: =(UA_SQL_1!$V$2)/UA_SQL_1!$N$2 -> 0 | F6: =(UA_L7D!$M$2)/UA_L7D!$E$2 -> 0.00015893198 | G6: =(UA_SQL_1!$M$2)/UA_SQL_1!$E$2 -> 0.00035211268 | H6: =(UA_SQL_1_2019!$M$2)/UA_SQL_1_2019!$E$2 -> 0.0019799229 | I6: ="-" -> - | J6: ="-" -> - | K6: ="-" -> -
D7: Seat Cancellations | E7: =UA_Seat_cancels!B2 -> 0.0070714638 | F7: =UA_Seat_cancels!C2 -> 0.0033445224 | G7: =UA_Seat_cancels!A2 -> 0.0045300737 | H7: =UA_SeatCnxl_2019!$B$2 -> 0.025895734 | I7: =($G$7-OA_SeatCnxl!$C$3)*100 -> 0.45300737 | J7: =($G$7-OA_SeatCnxl!$C$2)*100 -> 0.45300737 | K7: =U3 -> 3
D8: A00 | E8: =UA_SQL_1!$R$2/UA_SQL_1!$N$2 -> 0.71495601 | F8: =UA_L7D!$I$2/UA_L7D!$E$2 -> 0.65019072 | G8: =UA_SQL_1!$I$2/UA_SQL_1!$E$2 -> 0.6415493 | H8: =UA_SQL_1_2019!$I$2/UA_SQL_1_2019!$E$2 -> 0.60660901 | I8: =(RANK!$P$3-RANK!Q3)*100 -> 8.0704766 | J8: =(RANK!$P$3-RANK!R3)*100 -> 2.8040423 | K8: =RANK!$T$3 -> 1
D9: A14 | E9: =UA_SQL_1!$S$2/UA_SQL_1!$N$2 -> 0.8516129 | F9: =UA_L7D!$J$2/UA_L7D!$E$2 -> 0.79910998 | G9: =UA_SQL_1!$J$2/UA_SQL_1!$E$2 -> 0.79507042 | H9: =UA_SQL_1_2019!$J$2/UA_SQL_1_2019!$E$2 -> 0.74105851 | I9: =(RANK!$P$5-RANK!Q5)*100 -> 7.8371766 | J9: =(RANK!$P$5-RANK!R5)*100 -> 1.2586164 | K9: =RANK!T5 -> 1
D10: CD00 | E10: =(UA_SQL_1!$Q$2/UA_SQL_1!$N$2) -> 0.78064516 | F10: =UA_L7D!$H$2/UA_L7D!$E$2 -> 0.73156389 | G10: =UA_SQL_1!$H$2/UA_SQL_1!$E$2 -> 0.71795775 | H10: =UA_SQL_1_2019!$H$2/UA_SQL_1_2019!$E$2 -> 0.66084268 | I10: =(RANK!$P$4-RANK!Q4)*100 -> 11.834162 | J10: =(RANK!$P$4-RANK!R4)*100 -> 3.7247958 | K10: =RANK!$T$4 -> 1
D11: D00 | E11: =UA_SQL_1!$P$2/UA_SQL_1!$N$2 -> 0.76070381 | F11: =UA_L7D!$G$2/UA_L7D!$E$2 -> 0.71034647 | G11: =UA_SQL_1!$G$2/UA_SQL_1!$E$2 -> 0.6943662 | H11: =UA_SQL_1_2019!$G$2/UA_SQL_1_2019!$E$2 -> 0.65390716
D12: STAR D00 | E12: =UA_SQL_1!$U$2/UA_SQL_1!$T$2 -> 0.84249084 | F12: =UA_L7D!$L$2/UA_L7D!$K$2 -> 0.81639723 | G12: =UA_SQL_1!$L$2/UA_SQL_1!$K$2 -> 0.81639723 | H12: =UA_SQL_1_2019!$L$2/UA_SQL_1_2019!$K$2 -> 0.80671329
P13: ="2019" -> 2019
B14: Delays | D14: 1-15 mins delays | E14: =IFERROR(VLOOKUP("YEST",Delays_Info!$A:$R,14,0)/100,"-") -> 0.099706745 | F14: =IFERROR(VLOOKUP("L7D",Delays_Info!$A:$R,14,0)/100,"-") -> 0.12023204 | G14: =IFERROR(VLOOKUP("MTD",Delays_Info!$A:$R,14,0)/100,"-") -> 0.12658451 | H14: =Delays_Info!$N$5/100 -> 0.10863919
D15: >15 mins delays | E15: =IFERROR(VLOOKUP("YEST",Delays_Info!$A$1:$R$5,15,0)/100,"-") -> 0.13313783 | F15: =IFERROR(VLOOKUP("L7D",Delays_Info!$A$1:$R$5,15,0)/100,"-") -> 0.16759377 | G15: =IFERROR(VLOOKUP("MTD",Delays_Info!$A$1:$R$5,15,0)/100,"-") -> 0.175 | H15: =Delays_Info!$O5/100 -> 0.28266516
D16: Flight Ops delays | E16: =IFERROR(VLOOKUP("YEST",Delays_Info!$A$1:$R$5,17,0)/100,"-") -> 0.02111437 | F16: =IFERROR(VLOOKUP("L7D",Delays_Info!$A$1:$R$5,17,0)/100,"-") -> 0.027415766 | G16: =IFERROR(VLOOKUP("MTD",Delays_Info!$A$1:$R$5,17,0)/100,"-") -> 0.032042254 | H16: =Delays_Info!$Q5/100 -> 0.071936759
D17: Crew Connections | E17: =IFERROR(VLOOKUP("YEST",Delays_Info!$A$1:$R$5,7,0)/VLOOKUP("YEST",Delays_Info!$A$1:$R$5,13,0),"-") -> 0.0082111437 | F17: =IFERROR(VLOOKUP("L7D",Delays_Info!$A$1:$R$5,7,0)/VLOOKUP("L7D",Delays_Info!$A$1:$R$5,13,0),"-") -> 0.0087412587 | G17: =IFERROR(VLOOKUP("MTD",Delays_Info!$A$1:$R$5,7,0)/VLOOKUP("MTD",Delays_Info!$A$1:$R$5,13,0),"-") -> 0.010387324 | H17: =Delays_Info!G$5/Delays_Info!$M$5 -> 0.023037832
D18: Crew Availability | E18: =IFERROR(VLOOKUP("YEST",Delays_Info!$A$1:$R$5,8,0)/VLOOKUP("YEST",Delays_Info!$A$1:$R$5,13,0),"-") -> 0.0064516129 | F18: =IFERROR(VLOOKUP("L7D",Delays_Info!$A$1:$R$5,8,0)/VLOOKUP("L7D",Delays_Info!$A$1:$R$5,13,0),"-") -> 0.0042116974 | G18: =IFERROR(VLOOKUP("MTD",Delays_Info!$A$1:$R$5,8,0)/VLOOKUP("MTD",Delays_Info!$A$1:$R$5,13,0),"-") -> 0.0061619718 | H18: =Delays_Info!H$5/Delays_Info!$M$5 -> 0.014568041
D19: Ops Process | E19: =IFERROR(VLOOKUP("YEST",Delays_Info!$A$1:$R$5,9,0)/VLOOKUP("YEST",Delays_Info!$A$1:$R$5,13,0),"-") -> 0.0041055718 | F19: =IFERROR(VLOOKUP("L7D",Delays_Info!$A$1:$R$5,9,0)/VLOOKUP("L7D",Delays_Info!$A$1:$R$5,13,0),"-") -> 0.010568976 | G19: =IFERROR(VLOOKUP("MTD",Delays_Info!$A$1:$R$5,9,0)/VLOOKUP("MTD",Delays_Info!$A$1:$R$5,13,0),"-") -> 0.011091549 | H19: =Delays_Info!I$5/Delays_Info!$M$5 -> 0.01445511
D20: Inflight Delays | E20: =IFERROR(VLOOKUP("L7D",Delays_Info!$A$1:$R$5,18,0)/100,"-") -> 0.014303878 | F20: =IFERROR(VLOOKUP("YEST",Delays_Info!$A$1:$R$5,18,0)/100,"-") -> 0.015835777 | G20: =IFERROR(VLOOKUP("MTD",Delays_Info!$A$1:$R$5,18,0)/100,"-") -> 0.015669014 | H20: =Delays_Info!$R5/100 -> 0.026312818
D21: Crew Connections | E21: =IFERROR(VLOOKUP("YEST",Delays_Info!$A$1:$R$5,10,0)/VLOOKUP("YEST",Delays_Info!$A$1:$R$5,13,0),"-") -> 0.0046920821 | F21: =IFERROR(VLOOKUP("L7D",Delays_Info!$A$1:$R$5,10,0)/VLOOKUP("L7D",Delays_Info!$A$1:$R$5,13,0),"-") -> 0.0056420852 | G21: =IFERROR(VLOOKUP("MTD",Delays_Info!$A$1:$R$5,10,0)/VLOOKUP("MTD",Delays_Info!$A$1:$R$5,13,0),"-") -> 0.0056338028 | H21: =Delays_Info!J$5/Delays_Info!$M$5 -> 0.010615471
D22: Crew Availability | E22: =IFERROR(VLOOKUP("YEST",Delays_Info!$A$1:$R$5,11,0)/VLOOKUP("YEST",Delays_Info!$A$1:$R$5,13,0),"-") -> 0.0035190616 | F22: =IFERROR(VLOOKUP("L7D",Delays_Info!$A$1:$R$5,11,0)/VLOOKUP("L7D",Delays_Info!$A$1:$R$5,13,0),"-") -> 0.0035759695 | G22: =IFERROR(VLOOKUP("MTD",Delays_Info!$A$1:$R$5,11,0)/VLOOKUP("MTD",Delays_Info!$A$1:$R$5,13,0),"-") -> 0.0045774648 | H22: =Delays_Info!K$5/Delays_Info!$M$5 -> 0.0015810277
D23: Ops Process | E23: =IFERROR(VLOOKUP("YEST",Delays_Info!$A$1:$R$5,12,0)/VLOOKUP("YEST",Delays_Info!$A$1:$R$5,13,0),"-") -> 0.0076246334 | F23: =IFERROR(VLOOKUP("L7D",Delays_Info!$A$1:$R$5,12,0)/VLOOKUP("L7D",Delays_Info!$A$1:$R$5,13,0),"-") -> 0.0050858233 | G23: =IFERROR(VLOOKUP("MTD",Delays_Info!$A$1:$R$5,12,0)/VLOOKUP("MTD",Delays_Info!$A$1:$R$5,13,0),"-") -> 0.0054577465 | H23: =Delays_Info!L$5/Delays_Info!$M$5 -> 0.014116318
B25: Diverts
D26: Total diverts | E26: =VLOOKUP("YEST",TOTAL_DIVERTS_SQL_5!$A$1:$B$3,2,0) -> 3 | F26: =VLOOKUP("L7D",DIVERTS_SQL_5_2019!$A$1:$B$3,2,0)/7 -> 1.4285714 | G26: =VLOOKUP("MTD",TOTAL_DIVERTS_SQL_5!$A$1:$B$3,2,0)/$P$4 -> 0.47368421 | H26: =DIVERTS_SQL_5_2019!$B$2/$P$4 -> 0.52631579
D27: Diverts recovered | E27: =DIVERTS_RECOVERED_SQL_6!$C$2 -> 6 | F27: =RECOVERED_DIVERTS_2019!$C$3/7 -> 2.2857143 | G27: =DIVERTS_RECOVERED_SQL_6!$C$3/P4 -> 0.052631579 | H27: =RECOVERED_DIVERTS_2019!$C$2/'Pg1'!$P$4 -> 0.36842105
D28: Yet to depart | E28: =FLIGHTS_NOT_DEPARTED_SQL_8!$A$2 -> 3
D29: Repositioned flights | E29: =REPOSITIONED_FLIGHTS_SQL_13!$A$2 -> 19

Sheet Pg2
B2: Reliability Snapshot - Hubs Competitor Analysis
D4: D00 | E4: CD00 | F4: DL Diff. | G4: AA Diff. | H4: AS Diff. | I4: Rank | K4: Cancel Rate | L4: DL Diff. | M4: AA Diff. | N4: AS Diff. | O4: Rank
C5: Denver | D5: =SUMIFS(UA_HUB_SQL_7!$J:$J,UA_HUB_SQL_7!$B:$B,'Pg2'!$T6)/SUMIFS(UA_HUB_SQL_7!$F:$F,UA_HUB_SQL_7!$B:$B,'Pg2'!$T6) -> 0.88 | E5: =SUMIFS(UA_HUB_SQL_7!$K:$K,UA_HUB_SQL_7!$B:$B,'Pg2'!$T6)/SUMIFS(UA_HUB_SQL_7!$F:$F,UA_HUB_SQL_7!$B:$B,'Pg2'!$T6) -> 0.89142857 | F5: ="-" -> - | G5: - | H5: - | I5: ="-" -> - | K5: =SUMIFS(UA_HUB_SQL_7!$G:$G,UA_HUB_SQL_7!$B:$B,'Pg2'!$T6)/SUMIFS(UA_HUB_SQL_7!$F:$F,UA_HUB_SQL_7!$B:$B,'Pg2'!$T6) -> 0.0057142857 | L5: ="-" -> - | M5: ="-" -> - | N5: - | O5: 1
C6: New York | D6: =SUMIFS(UA_HUB_SQL_7!$J:$J,UA_HUB_SQL_7!$B:$B,'Pg2'!$T7)/SUMIFS(UA_HUB_SQL_7!$F:$F,UA_HUB_SQL_7!$B:$B,'Pg2'!$T7) -> 0.78070175 | E6: =SUMIFS(UA_HUB_SQL_7!$K:$K,UA_HUB_SQL_7!$B:$B,'Pg2'!$T7)/SUMIFS(UA_HUB_SQL_7!$F:$F,UA_HUB_SQL_7!$B:$B,'Pg2'!$T7) -> 0.81578947 | F6: =(RANK!B9-RANK!C9)*100 -> 4.1843114 | G6: =(RANK!B9-RANK!D9)*100 -> 1.0911425 | H6: - | I6: =RANK!$F9 -> 1 | K6: =SUMIFS(UA_HUB_SQL_7!$G:$G,UA_HUB_SQL_7!$B:$B,'Pg2'!$T7)/SUMIFS(UA_HUB_SQL_7!$F:$F,UA_HUB_SQL_7!$B:$B,'Pg2'!$T7) -> 0 | L6: =IF(((RANK!B20-RANK!C20)*100)=0,"-",(RANK!B20-RANK!C20)*100) -> - | M6: =IF(((RANK!B20-RANK!D20)*100)=0,"-",(RANK!B20-RANK!D20)*100) -> - | N6: - | O6: =RANK!F20 -> 1 | T6: Denver
C7: Washington DC | D7: =SUMIFS(UA_HUB_SQL_7!$J:$J,UA_HUB_SQL_7!$B:$B,'Pg2'!$T8)/SUMIFS(UA_HUB_SQL_7!$F:$F,UA_HUB_SQL_7!$B:$B,'Pg2'!$T8) -> 0.73228346 | E7: =SUMIFS(UA_HUB_SQL_7!$K:$K,UA_HUB_SQL_7!$B:$B,'Pg2'!$T8)/SUMIFS(UA_HUB_SQL_7!$F:$F,UA_HUB_SQL_7!$B:$B,'Pg2'!$T8) -> 0.77952756 | F7: =(RANK!B10-RANK!C10)*100 -> 8.185314 | G7: =(RANK!B10-RANK!D10)*100 -> 18.153761 | H7: - | I7: =RANK!$F10 -> 1 | K7: =SUMIFS(UA_HUB_SQL_7!$G:$G,UA_HUB_SQL_7!$B:$B,'Pg2'!$T8)/SUMIFS(UA_HUB_SQL_7!$F:$F,UA_HUB_SQL_7!$B:$B,'Pg2'!$T8) -> 0 | L7: =IF(((RANK!B21-RANK!C21)*100)=0,"-",(RANK!B21-RANK!C21)*100) -> - | M7: =IF(((RANK!B21-RANK!D21)*100)=0,"-",(RANK!B21-RANK!D21)*100) -> - | N7: - | O7: =RANK!F21 -> 1 | T7: New York
C8: Texas | D8: =SUMIFS(UA_HUB_SQL_7!$J:$J,UA_HUB_SQL_7!$B:$B,'Pg2'!$T9)/SUMIFS(UA_HUB_SQL_7!$F:$F,UA_HUB_SQL_7!$B:$B,'Pg2'!$T9) -> 0.74251497 | E8: =SUMIFS(UA_HUB_SQL_7!$K:$K,UA_HUB_SQL_7!$B:$B,'Pg2'!$T9)/SUMIFS(UA_HUB_SQL_7!$F:$F,UA_HUB_SQL_7!$B:$B,'Pg2'!$T9) -> 0.76047904 | F8: ="-" -> - | G8: =(RANK!B11-RANK!D11)*100 -> -3.6622407 | H8: - | I8: =RANK!$F11 -> 2 | K8: =SUMIFS(UA_HUB_SQL_7!$G:$G,UA_HUB_SQL_7!$B:$B,'Pg2'!$T9)/SUMIFS(UA_HUB_SQL_7!$F:$F,UA_HUB_SQL_7!$B:$B,'Pg2'!$T9) -> 0 | L8: =IFERROR((RANK!B22-RANK!C22)*100,"-") -> - | M8: =IF(((RANK!B22-RANK!D22)*100)= 0,"-",(RANK!B22-RANK!D22)*100 ) -> - | N8: - | O8: =RANK!F22 -> 1 | T8: Washington DC
C9: Los Angeles | D9: =SUMIFS(UA_HUB_SQL_7!$J:$J,UA_HUB_SQL_7!$B:$B,'Pg2'!$T10)/SUMIFS(UA_HUB_SQL_7!$F:$F,UA_HUB_SQL_7!$B:$B,'Pg2'!$T10) -> 0.55172414 | E9: =SUMIFS(UA_HUB_SQL_7!$K:$K,UA_HUB_SQL_7!$B:$B,'Pg2'!$T10)/SUMIFS(UA_HUB_SQL_7!$F:$F,UA_HUB_SQL_7!$B:$B,'Pg2'!$T10) -> 0.5862069 | F9: =(RANK!B12-RANK!C12)*100 -> -1.985371 | G9: =(RANK!B12-RANK!D12)*100 -> -33.687003 | H9: - | I9: =RANK!$F12 -> 3 | K9: =SUMIFS(UA_HUB_SQL_7!$G:$G,UA_HUB_SQL_7!$B:$B,'Pg2'!$T10)/SUMIFS(UA_HUB_SQL_7!$F:$F,UA_HUB_SQL_7!$B:$B,'Pg2'!$T10) -> 0.034482759 | L9: =IF(((RANK!B23-RANK!C23)*100)=0,"-",(RANK!B23-RANK!C23)*100) -> 0.41797283 | M9: =IF(((RANK!B23-RANK!D23)*100)=0,"-",(RANK!B23-RANK!D23)*100) -> 3.4482759 | N9: - | O9: =RANK!F23 -> 3 | T9: Texas
C10: Chicago | D10: =SUMIFS(UA_HUB_SQL_7!$J:$J,UA_HUB_SQL_7!$B:$B,'Pg2'!$T11)/SUMIFS(UA_HUB_SQL_7!$F:$F,UA_HUB_SQL_7!$B:$B,'Pg2'!$T11) -> 0.59615385 | E10: =SUMIFS(UA_HUB_SQL_7!$K:$K,UA_HUB_SQL_7!$B:$B,'Pg2'!$T11)/SUMIFS(UA_HUB_SQL_7!$F:$F,UA_HUB_SQL_7!$B:$B,'Pg2'!$T11) -> 0.67307692 | F10: - | G10: =(RANK!B13-RANK!D13)*100 -> -10.017889 | H10: - | I10: =RANK!$F13 -> 2 | K10: =SUMIFS(UA_HUB_SQL_7!$G:$G,UA_HUB_SQL_7!$B:$B,'Pg2'!$T11)/SUMIFS(UA_HUB_SQL_7!$F:$F,UA_HUB_SQL_7!$B:$B,'Pg2'!$T11) -> 0 | L10: ="-" -> - | M10: =IF(((RANK!B24-RANK!D24)*100)=0,"-",(RANK!B24-RANK!D24)*100) -> - | N10: - | O10: =RANK!F24 -> 1 | T10: Los Angeles
C11: San Francisco | D11: =SUMIFS(UA_HUB_SQL_7!$J:$J,UA_HUB_SQL_7!$B:$B,'Pg2'!$T12)/SUMIFS(UA_HUB_SQL_7!$F:$F,UA_HUB_SQL_7!$B:$B,'Pg2'!$T12) -> 0.61016949 | E11: =SUMIFS(UA_HUB_SQL_7!$K:$K,UA_HUB_SQL_7!$B:$B,'Pg2'!$T12)/SUMIFS(UA_HUB_SQL_7!$F:$F,UA_HUB_SQL_7!$B:$B,'Pg2'!$T12) -> 0.6440678 | F11: - | G11: ="-" -> - | H11: =(RANK!B14-RANK!E14)*100 -> 0.40677966 | I11: =RANK!$F14 -> 1 | K11: =SUMIFS(UA_HUB_SQL_7!$G:$G,UA_HUB_SQL_7!$B:$B,'Pg2'!$T12)/SUMIFS(UA_HUB_SQL_7!$F:$F,UA_HUB_SQL_7!$B:$B,'Pg2'!$T12) -> 0.084745763 | L11: ="-" -> - | M11: ="-" -> - | N11: =IF(((RANK!B25-RANK!E25)*100)=0,"",(RANK!B25-RANK!E25)*100) -> 0.47457627 | O11: =RANK!F25 -> 2 | T11: Chicago
B12: LINE | C12: Line Stations | D12: =SUMIFS(UA_HUB_SQL_7!$J:$J,UA_HUB_SQL_7!$B:$B,'Pg2'!$T13)/SUMIFS(UA_HUB_SQL_7!$F:$F,UA_HUB_SQL_7!$B:$B,'Pg2'!$T13) -> 0.80378251 | E12: =SUMIFS(UA_HUB_SQL_7!$K:$K,UA_HUB_SQL_7!$B:$B,'Pg2'!$T13)/SUMIFS(UA_HUB_SQL_7!$F:$F,UA_HUB_SQL_7!$B:$B,'Pg2'!$T13) -> 0.80378251 | F12: =(RANK!B15-RANK!C15)*100 -> 11.081875 | G12: =(RANK!B15-RANK!D15)*100 -> 6.0036732 | H12: =(RANK!B15-RANK!E15)*100 -> 23.696223 | I12: =RANK!$F15 -> 1 | K12: =SUMIFS(UA_HUB_SQL_7!$G:$G,UA_HUB_SQL_7!$B:$B,'Pg2'!$T13)/SUMIFS(UA_HUB_SQL_7!$F:$F,UA_HUB_SQL_7!$B:$B,'Pg2'!$T13) -> 0.0047281324 | L12: =IF(((RANK!B26-RANK!C26)*100)=0,"-",(RANK!B26-RANK!C26)*100) -> -0.16684561 | M12: =IFERROR((RANK!B26-RANK!D26)*100,"-") -> 0.40519999 | N12: =IF(((RANK!B26-RANK!E26)*100)=0, "-", (RANK!B26-RANK!E26)*100) -> -6.4396292 | O12: =RANK!F26 -> 2 | T12: San Francisco
C13: Line Int | D13: =SUMIFS(UA_Line!$K:$K,UA_Line!$B:$B,"Line Int")/SUMIFS(UA_Line!$F:$F,UA_Line!$B:$B,"Line Int") -> 0.7755102 | E13: =SUMIFS(UA_Line!$J:$J,UA_Line!$B:$B,"Line Int")/SUMIFS(UA_Line!$F:$F,UA_Line!$B:$B,"Line Int") -> 0.7755102 | F13: =(RANK!B16-RANK!C16)*100 -> -10.684274 | G13: =(RANK!B16-RANK!D16)*100 -> 4.5351474 | H13: - | I13: =RANK!$F16 -> 2 | K13: =SUMIFS(UA_Line!$G:$G,UA_Line!$B:$B,"Line Int")/SUMIFS(UA_Line!$F:$F,UA_Line!$B:$B,"Line Int") -> 0 | L13: =IF(((RANK!B27-RANK!C27)*100)=0,"-",(RANK!B27-RANK!C27)*100) -> - | M13: =IF(((RANK!B27-RANK!D27)*100)=0,"-",(RANK!B27-RANK!D27)*100) -> - | N13: ="-" -> - | O13: =RANK!F27 -> 1 | T13: LINE
C14: Line Dom | D14: =SUMIFS(UA_Line!$K:$K,UA_Line!$B:$B,"Line Dom")/SUMIFS(UA_Line!$F:$F,UA_Line!$B:$B,"Line Dom") -> 0.8055207 | E14: =SUMIFS(UA_Line!$J:$J,UA_Line!$B:$B,"Line Dom")/SUMIFS(UA_Line!$F:$F,UA_Line!$B:$B,"Line Dom") -> 0.8055207 | F14: =(RANK!B17-RANK!C17)*100 -> 13.765929 | G14: =(RANK!B17-RANK!D17)*100 -> 7.0087632 | H14: ="-" -> - | I14: =RANK!$F17 -> 1 | K14: =SUMIFS(UA_Line!$G:$G,UA_Line!$B:$B,"Line Dom")/SUMIFS(UA_Line!$F:$F,UA_Line!$B:$B,"Line Dom") -> 0.0050188206 | L14: =IF(((RANK!$B$28-RANK!C28)*100)=0,"-",(RANK!$B$28-RANK!C28)*100) -> -0.21496382 | M14: =IF(((RANK!$B$28-RANK!D28)*100)=0,"-",(RANK!$B$28-RANK!D28)*100) -> 0.4231419 | N14: - | O14: =RANK!F28 -> 2 | T14: Line Int
T15: Line Dom
A19: Cancel Detail | B19: Cancel
D21: Scheduled Departures | E21: Weather & ATC | F21: Technical Operations | G21: Flight Operations | H21: Inflight Services | I21: Airport Operation | J21: Network Operation | K21: IT | L21: Catering Operations | M21: Other | N21: Total Cancels | O21: ES covered for this partner | P21: Net Cancel | Q21: ES covered by this partner
C22: OO - SkyWest | D22: =SUMIFS(SCH_DEP_SQL_4!$E:$E,SCH_DEP_SQL_4!$A:$A,'Pg2'!$T22) -> 816 | E22: =IF((SUMIFS(CNXL_SQL_2!$F:$F,CNXL_SQL_2!$D:$D,'Pg2'!$U$22,CNXL_SQL_2!$A:$A,'Pg2'!$T22))=0,"",SUMIFS(CNXL_SQL_2!$F:$F,CNXL_SQL_2!$D:$D,'Pg2'!$U$22,CNXL_SQL_2!$A:$A,'Pg2'!$T22)) -> 10 | F22: =IF((SUMIFS(CNXL_SQL_2!$F:$F,CNXL_SQL_2!$D:$D,'Pg2'!$U$23,CNXL_SQL_2!$A:$A,'Pg2'!$T22))=0,"",SUMIFS(CNXL_SQL_2!$F:$F,CNXL_SQL_2!$D:$D,'Pg2'!$U$23,CNXL_SQL_2!$A:$A,'Pg2'!$T22)) | G22: =IF((SUMIFS(CNXL_SQL_2!$F:$F,CNXL_SQL_2!$D:$D,'Pg2'!$U$24,CNXL_SQL_2!$A:$A,'Pg2'!$T22))=0,"",SUMIFS(CNXL_SQL_2!$F:$F,CNXL_SQL_2!$D:$D,'Pg2'!$U$24,CNXL_SQL_2!$A:$A,'Pg2'!$T22)) | H22: =IF((SUMIFS(CNXL_SQL_2!$F:$F,CNXL_SQL_2!$D:$D,'Pg2'!$U$25,CNXL_SQL_2!$A:$A,'Pg2'!$T22))=0,"",SUMIFS(CNXL_SQL_2!$F:$F,CNXL_SQL_2!$D:$D,'Pg2'!$U$25,CNXL_SQL_2!$A:$A,'Pg2'!$T22)) | I22: =IF((SUMIFS(CNXL_SQL_2!$F:$F,CNXL_SQL_2!$D:$D,'Pg2'!$U$26,CNXL_SQL_2!$A:$A,'Pg2'!$T22))=0,"",SUMIFS(CNXL_SQL_2!$F:$F,CNXL_SQL_2!$D:$D,'Pg2'!$U$26,CNXL_SQL_2!$A:$A,'Pg2'!$T22)) | J22: =IF((SUMIFS(CNXL_SQL_2!$F:$F,CNXL_SQL_2!$D:$D,'Pg2'!$U$27,CNXL_SQL_2!$A:$A,'Pg2'!$T22))=0,"",SUMIFS(CNXL_SQL_2!$F:$F,CNXL_SQL_2!$D:$D,'Pg2'!$U$27,CNXL_SQL_2!$A:$A,'Pg2'!$T22)) | K22: =IF((SUMIFS(CNXL_SQL_2!$F:$F,CNXL_SQL_2!$D:$D,'Pg2'!$U$28,CNXL_SQL_2!$A:$A,'Pg2'!$T22))=0,"",SUMIFS(CNXL_SQL_2!$F:$F,CNXL_SQL_2!$D:$D,'Pg2'!$U$28,CNXL_SQL_2!$A:$A,'Pg2'!$T22)) | L22: =IF((SUMIFS(CNXL_SQL_2!$F:$F,CNXL_SQL_2!$D:$D,'Pg2'!$U$29,CNXL_SQL_2!$A:$A,'Pg2'!$T22))=0,"",SUMIFS(CNXL_SQL_2!$F:$F,CNXL_SQL_2!$D:$D,'Pg2'!$U$29,CNXL_SQL_2!$A:$A,'Pg2'!$T22)) | N22: =IF((SUM(E22:M22))=0,"",SUM(E22:M22)) -> 10 | O22: =IFERROR(VLOOKUP($T22,ES_MATRIX!$A$2:$L$10,11,0),"") | P22: =IF(((SUM(E22:M22))-(SUMIFS(ES_MATRIX!$L$3:$L$10,ES_MATRIX!$A$3:$A$10,'Pg2'!$T22)))=0,"",(SUM(E22:M22))-(SUMIFS(ES_MATRIX!$L$3:$L$10,ES_MATRIX!$A$3:$A$10,'Pg2'!$T22))) -> 10 | Q22: =VLOOKUP($T22,ES_MATRIX!$A$25:$B$30,2,0) | T22: OO | U22: WEATHER/ATC
C23: YX - Republic | D23: =SUMIFS(SCH_DEP_SQL_4!$E:$E,SCH_DEP_SQL_4!$A:$A,'Pg2'!$T23) -> 297 | E23: =IF((SUMIFS(CNXL_SQL_2!$F:$F,CNXL_SQL_2!$D:$D,'Pg2'!$U$22,CNXL_SQL_2!$A:$A,'Pg2'!$T23))=0,"",SUMIFS(CNXL_SQL_2!$F:$F,CNXL_SQL_2!$D:$D,'Pg2'!$U$22,CNXL_SQL_2!$A:$A,'Pg2'!$T23)) | F23: =IF((SUMIFS(CNXL_SQL_2!$F:$F,CNXL_SQL_2!$D:$D,'Pg2'!$U$23,CNXL_SQL_2!$A:$A,'Pg2'!$T23))=0,"",SUMIFS(CNXL_SQL_2!$F:$F,CNXL_SQL_2!$D:$D,'Pg2'!$U$23,CNXL_SQL_2!$A:$A,'Pg2'!$T23)) | G23: =IF((SUMIFS(CNXL_SQL_2!$F:$F,CNXL_SQL_2!$D:$D,'Pg2'!$U$24,CNXL_SQL_2!$A:$A,'Pg2'!$T23))=0,"",SUMIFS(CNXL_SQL_2!$F:$F,CNXL_SQL_2!$D:$D,'Pg2'!$U$24,CNXL_SQL_2!$A:$A,'Pg2'!$T23)) | H23: =IF((SUMIFS(CNXL_SQL_2!$F:$F,CNXL_SQL_2!$D:$D,'Pg2'!$U$25,CNXL_SQL_2!$A:$A,'Pg2'!$T23))=0,"",SUMIFS(CNXL_SQL_2!$F:$F,CNXL_SQL_2!$D:$D,'Pg2'!$U$25,CNXL_SQL_2!$A:$A,'Pg2'!$T23)) | I23: =IF((SUMIFS(CNXL_SQL_2!$F:$F,CNXL_SQL_2!$D:$D,'Pg2'!$U$26,CNXL_SQL_2!$A:$A,'Pg2'!$T23))=0,"",SUMIFS(CNXL_SQL_2!$F:$F,CNXL_SQL_2!$D:$D,'Pg2'!$U$26,CNXL_SQL_2!$A:$A,'Pg2'!$T23)) | J23: =IF((SUMIFS(CNXL_SQL_2!$F:$F,CNXL_SQL_2!$D:$D,'Pg2'!$U$27,CNXL_SQL_2!$A:$A,'Pg2'!$T23))=0,"",SUMIFS(CNXL_SQL_2!$F:$F,CNXL_SQL_2!$D:$D,'Pg2'!$U$27,CNXL_SQL_2!$A:$A,'Pg2'!$T23)) | K23: =IF((SUMIFS(CNXL_SQL_2!$F:$F,CNXL_SQL_2!$D:$D,'Pg2'!$U$28,CNXL_SQL_2!$A:$A,'Pg2'!$T23))=0,"",SUMIFS(CNXL_SQL_2!$F:$F,CNXL_SQL_2!$D:$D,'Pg2'!$U$28,CNXL_SQL_2!$A:$A,'Pg2'!$T23)) | L23: =IF((SUMIFS(CNXL_SQL_2!$F:$F,CNXL_SQL_2!$D:$D,'Pg2'!$U$29,CNXL_SQL_2!$A:$A,'Pg2'!$T23))=0,"",SUMIFS(CNXL_SQL_2!$F:$F,CNXL_SQL_2!$D:$D,'Pg2'!$U$29,CNXL_SQL_2!$A:$A,'Pg2'!$T23)) | N23: =IF((SUM(E23:M23))=0,"",SUM(E23:M23)) | O23: =IFERROR(VLOOKUP($T23,ES_MATRIX!$A$2:$L$10,11,0),"") | P23: =IF(((SUM(E23:M23))-(SUMIFS(ES_MATRIX!$L$3:$L$10,ES_MATRIX!$A$3:$A$10,'Pg2'!$T23)))=0,"",(SUM(E23:M23))-(SUMIFS(ES_MATRIX!$L$3:$L$10,ES_MATRIX!$A$3:$A$10,'Pg2'!$T23))) | Q23: =VLOOKUP($T23,ES_MATRIX!$A$25:$B$30,2,0) | T23: YX | U23: TECHNICAL OPERATIONS-AIRCRAFT
C24: G7 - Go Jet | D24: =SUMIFS(SCH_DEP_SQL_4!$E:$E,SCH_DEP_SQL_4!$A:$A,'Pg2'!$T24) -> 186 | E24: =IF((SUMIFS(CNXL_SQL_2!$F:$F,CNXL_SQL_2!$D:$D,'Pg2'!$U$22,CNXL_SQL_2!$A:$A,'Pg2'!$T24))=0,"",SUMIFS(CNXL_SQL_2!$F:$F,CNXL_SQL_2!$D:$D,'Pg2'!$U$22,CNXL_SQL_2!$A:$A,'Pg2'!$T24)) | F24: =IF((SUMIFS(CNXL_SQL_2!$F:$F,CNXL_SQL_2!$D:$D,'Pg2'!$U$23,CNXL_SQL_2!$A:$A,'Pg2'!$T24))=0,"",SUMIFS(CNXL_SQL_2!$F:$F,CNXL_SQL_2!$D:$D,'Pg2'!$U$23,CNXL_SQL_2!$A:$A,'Pg2'!$T24)) | G24: =IF((SUMIFS(CNXL_SQL_2!$F:$F,CNXL_SQL_2!$D:$D,'Pg2'!$U$24,CNXL_SQL_2!$A:$A,'Pg2'!$T24))=0,"",SUMIFS(CNXL_SQL_2!$F:$F,CNXL_SQL_2!$D:$D,'Pg2'!$U$24,CNXL_SQL_2!$A:$A,'Pg2'!$T24)) | H24: =IF((SUMIFS(CNXL_SQL_2!$F:$F,CNXL_SQL_2!$D:$D,'Pg2'!$U$25,CNXL_SQL_2!$A:$A,'Pg2'!$T24))=0,"",SUMIFS(CNXL_SQL_2!$F:$F,CNXL_SQL_2!$D:$D,'Pg2'!$U$25,CNXL_SQL_2!$A:$A,'Pg2'!$T24)) | I24: =IF((SUMIFS(CNXL_SQL_2!$F:$F,CNXL_SQL_2!$D:$D,'Pg2'!$U$26,CNXL_SQL_2!$A:$A,'Pg2'!$T24))=0,"",SUMIFS(CNXL_SQL_2!$F:$F,CNXL_SQL_2!$D:$D,'Pg2'!$U$26,CNXL_SQL_2!$A:$A,'Pg2'!$T24)) | J24: =IF((SUMIFS(CNXL_SQL_2!$F:$F,CNXL_SQL_2!$D:$D,'Pg2'!$U$27,CNXL_SQL_2!$A:$A,'Pg2'!$T24))=0,"",SUMIFS(CNXL_SQL_2!$F:$F,CNXL_SQL_2!$D:$D,'Pg2'!$U$27,CNXL_SQL_2!$A:$A,'Pg2'!$T24)) | K24: =IF((SUMIFS(CNXL_SQL_2!$F:$F,CNXL_SQL_2!$D:$D,'Pg2'!$U$28,CNXL_SQL_2!$A:$A,'Pg2'!$T24))=0,"",SUMIFS(CNXL_SQL_2!$F:$F,CNXL_SQL_2!$D:$D,'Pg2'!$U$28,CNXL_SQL_2!$A:$A,'Pg2'!$T24)) | L24: =IF((SUMIFS(CNXL_SQL_2!$F:$F,CNXL_SQL_2!$D:$D,'Pg2'!$U$29,CNXL_SQL_2!$A:$A,'Pg2'!$T24))=0,"",SUMIFS(CNXL_SQL_2!$F:$F,CNXL_SQL_2!$D:$D,'Pg2'!$U$29,CNXL_SQL_2!$A:$A,'Pg2'!$T24)) | N24: =IF((SUM(E24:M24))=0,"",SUM(E24:M24)) | O24: =IFERROR(VLOOKUP($T24,ES_MATRIX!$A$2:$L$10,11,0),"") | P24: =IF(((SUM(E24:M24))-(SUMIFS(ES_MATRIX!$L$3:$L$10,ES_MATRIX!$A$3:$A$10,'Pg2'!$T24)))=0,"",(SUM(E24:M24))-(SUMIFS(ES_MATRIX!$L$3:$L$10,ES_MATRIX!$A$3:$A$10,'Pg2'!$T24))) | Q24: =VLOOKUP($T24,ES_MATRIX!$A$25:$B$30,2,0) | T24: G7 | U24: FLIGHT OPERATIONS
C25: C5 - CommutAir | D25: =SUMIFS(SCH_DEP_SQL_4!$E:$E,SCH_DEP_SQL_4!$A:$A,'Pg2'!$T25) -> 193 | E25: =IF((SUMIFS(CNXL_SQL_2!$F:$F,CNXL_SQL_2!$D:$D,'Pg2'!$U$22,CNXL_SQL_2!$A:$A,'Pg2'!$T25))=0,"",SUMIFS(CNXL_SQL_2!$F:$F,CNXL_SQL_2!$D:$D,'Pg2'!$U$22,CNXL_SQL_2!$A:$A,'Pg2'!$T25)) -> 1 | F25: =IF((SUMIFS(CNXL_SQL_2!$F:$F,CNXL_SQL_2!$D:$D,'Pg2'!$U$23,CNXL_SQL_2!$A:$A,'Pg2'!$T25))=0,"",SUMIFS(CNXL_SQL_2!$F:$F,CNXL_SQL_2!$D:$D,'Pg2'!$U$23,CNXL_SQL_2!$A:$A,'Pg2'!$T25)) | G25: =IF((SUMIFS(CNXL_SQL_2!$F:$F,CNXL_SQL_2!$D:$D,'Pg2'!$U$24,CNXL_SQL_2!$A:$A,'Pg2'!$T25))=0,"",SUMIFS(CNXL_SQL_2!$F:$F,CNXL_SQL_2!$D:$D,'Pg2'!$U$24,CNXL_SQL_2!$A:$A,'Pg2'!$T25)) | H25: =IF((SUMIFS(CNXL_SQL_2!$F:$F,CNXL_SQL_2!$D:$D,'Pg2'!$U$25,CNXL_SQL_2!$A:$A,'Pg2'!$T25))=0,"",SUMIFS(CNXL_SQL_2!$F:$F,CNXL_SQL_2!$D:$D,'Pg2'!$U$25,CNXL_SQL_2!$A:$A,'Pg2'!$T25)) | I25: =IF((SUMIFS(CNXL_SQL_2!$F:$F,CNXL_SQL_2!$D:$D,'Pg2'!$U$26,CNXL_SQL_2!$A:$A,'Pg2'!$T25))=0,"",SUMIFS(CNXL_SQL_2!$F:$F,CNXL_SQL_2!$D:$D,'Pg2'!$U$26,CNXL_SQL_2!$A:$A,'Pg2'!$T25)) | J25: =IF((SUMIFS(CNXL_SQL_2!$F:$F,CNXL_SQL_2!$D:$D,'Pg2'!$U$27,CNXL_SQL_2!$A:$A,'Pg2'!$T25))=0,"",SUMIFS(CNXL_SQL_2!$F:$F,CNXL_SQL_2!$D:$D,'Pg2'!$U$27,CNXL_SQL_2!$A:$A,'Pg2'!$T25)) | K25: =IF((SUMIFS(CNXL_SQL_2!$F:$F,CNXL_SQL_2!$D:$D,'Pg2'!$U$28,CNXL_SQL_2!$A:$A,'Pg2'!$T25))=0,"",SUMIFS(CNXL_SQL_2!$F:$F,CNXL_SQL_2!$D:$D,'Pg2'!$U$28,CNXL_SQL_2!$A:$A,'Pg2'!$T25)) | L25: =IF((SUMIFS(CNXL_SQL_2!$F:$F,CNXL_SQL_2!$D:$D,'Pg2'!$U$29,CNXL_SQL_2!$A:$A,'Pg2'!$T25))=0,"",SUMIFS(CNXL_SQL_2!$F:$F,CNXL_SQL_2!$D:$D,'Pg2'!$U$29,CNXL_SQL_2!$A:$A,'Pg2'!$T25)) | N25: =IF((SUM(E25:M25))=0,"",SUM(E25:M25)) -> 1 | O25: =IFERROR(VLOOKUP($T25,ES_MATRIX!$A$2:$L$10,11,0),"") | P25: =IF(((SUM(E25:M25))-(SUMIFS(ES_MATRIX!$L$3:$L$10,ES_MATRIX!$A$3:$A$10,'Pg2'!$T25)))=0,"",(SUM(E25:M25))-(SUMIFS(ES_MATRIX!$L$3:$L$10,ES_MATRIX!$A$3:$A$10,'Pg2'!$T25))) -> 1 | Q25: =VLOOKUP($T25,ES_MATRIX!$A$25:$B$30,2,0) | T25: C5 | U25: INFLIGHT SERVICES
C26: YV - Mesa | D26: =SUMIFS(SCH_DEP_SQL_4!$E:$E,SCH_DEP_SQL_4!$A:$A,'Pg2'!$T26) -> 213 | E26: =IF((SUMIFS(CNXL_SQL_2!$F:$F,CNXL_SQL_2!$D:$D,'Pg2'!$U$22,CNXL_SQL_2!$A:$A,'Pg2'!$T26))=0,"",SUMIFS(CNXL_SQL_2!$F:$F,CNXL_SQL_2!$D:$D,'Pg2'!$U$22,CNXL_SQL_2!$A:$A,'Pg2'!$T26)) | F26: =IF((SUMIFS(CNXL_SQL_2!$F:$F,CNXL_SQL_2!$D:$D,'Pg2'!$U$23,CNXL_SQL_2!$A:$A,'Pg2'!$T26))=0,"",SUMIFS(CNXL_SQL_2!$F:$F,CNXL_SQL_2!$D:$D,'Pg2'!$U$23,CNXL_SQL_2!$A:$A,'Pg2'!$T26)) | G26: =IF((SUMIFS(CNXL_SQL_2!$F:$F,CNXL_SQL_2!$D:$D,'Pg2'!$U$24,CNXL_SQL_2!$A:$A,'Pg2'!$T26))=0,"",SUMIFS(CNXL_SQL_2!$F:$F,CNXL_SQL_2!$D:$D,'Pg2'!$U$24,CNXL_SQL_2!$A:$A,'Pg2'!$T26)) | H26: =IF((SUMIFS(CNXL_SQL_2!$F:$F,CNXL_SQL_2!$D:$D,'Pg2'!$U$25,CNXL_SQL_2!$A:$A,'Pg2'!$T26))=0,"",SUMIFS(CNXL_SQL_2!$F:$F,CNXL_SQL_2!$D:$D,'Pg2'!$U$25,CNXL_SQL_2!$A:$A,'Pg2'!$T26)) | I26: =IF((SUMIFS(CNXL_SQL_2!$F:$F,CNXL_SQL_2!$D:$D,'Pg2'!$U$26,CNXL_SQL_2!$A:$A,'Pg2'!$T26))=0,"",SUMIFS(CNXL_SQL_2!$F:$F,CNXL_SQL_2!$D:$D,'Pg2'!$U$26,CNXL_SQL_2!$A:$A,'Pg2'!$T26)) | J26: =IF((SUMIFS(CNXL_SQL_2!$F:$F,CNXL_SQL_2!$D:$D,'Pg2'!$U$27,CNXL_SQL_2!$A:$A,'Pg2'!$T26))=0,"",SUMIFS(CNXL_SQL_2!$F:$F,CNXL_SQL_2!$D:$D,'Pg2'!$U$27,CNXL_SQL_2!$A:$A,'Pg2'!$T26)) | K26: =IF((SUMIFS(CNXL_SQL_2!$F:$F,CNXL_SQL_2!$D:$D,'Pg2'!$U$28,CNXL_SQL_2!$A:$A,'Pg2'!$T26))=0,"",SUMIFS(CNXL_SQL_2!$F:$F,CNXL_SQL_2!$D:$D,'Pg2'!$U$28,CNXL_SQL_2!$A:$A,'Pg2'!$T26)) | L26: =IF((SUMIFS(CNXL_SQL_2!$F:$F,CNXL_SQL_2!$D:$D,'Pg2'!$U$29,CNXL_SQL_2!$A:$A,'Pg2'!$T26))=0,"",SUMIFS(CNXL_SQL_2!$F:$F,CNXL_SQL_2!$D:$D,'Pg2'!$U$29,CNXL_SQL_2!$A:$A,'Pg2'!$T26)) | N26: =IF((SUM(E26:M26))=0,"",SUM(E26:M26)) | O26: =IFERROR(VLOOKUP($T26,ES_MATRIX!$A$2:$L$10,11,0),"") | P26: =IF(((SUM(E26:M26))-(SUMIFS(ES_MATRIX!$L$3:$L$10,ES_MATRIX!$A$3:$A$10,'Pg2'!$T26)))=0,"",(SUM(E26:M26))-(SUMIFS(ES_MATRIX!$L$3:$L$10,ES_MATRIX!$A$3:$A$10,'Pg2'!$T26))) | Q26: =VLOOKUP($T26,ES_MATRIX!$A$25:$B$30,2,0) | T26: YV | U26: AIRPORT OPERATIONS
C27: ZW - Air Wisconsin | D27: =SUMIFS(SCH_DEP_SQL_4!$E:$E,SCH_DEP_SQL_4!$A:$A,'Pg2'!$T27) -> 0 | E27: =IF((SUMIFS(CNXL_SQL_2!$F:$F,CNXL_SQL_2!$D:$D,'Pg2'!$U$22,CNXL_SQL_2!$A:$A,'Pg2'!$T27))=0,"",SUMIFS(CNXL_SQL_2!$F:$F,CNXL_SQL_2!$D:$D,'Pg2'!$U$22,CNXL_SQL_2!$A:$A,'Pg2'!$T27)) | F27: =IF((SUMIFS(CNXL_SQL_2!$F:$F,CNXL_SQL_2!$D:$D,'Pg2'!$U$23,CNXL_SQL_2!$A:$A,'Pg2'!$T27))=0,"",SUMIFS(CNXL_SQL_2!$F:$F,CNXL_SQL_2!$D:$D,'Pg2'!$U$23,CNXL_SQL_2!$A:$A,'Pg2'!$T27)) | G27: =IF((SUMIFS(CNXL_SQL_2!$F:$F,CNXL_SQL_2!$D:$D,'Pg2'!$U$24,CNXL_SQL_2!$A:$A,'Pg2'!$T27))=0,"",SUMIFS(CNXL_SQL_2!$F:$F,CNXL_SQL_2!$D:$D,'Pg2'!$U$24,CNXL_SQL_2!$A:$A,'Pg2'!$T27)) | H27: =IF((SUMIFS(CNXL_SQL_2!$F:$F,CNXL_SQL_2!$D:$D,'Pg2'!$U$25,CNXL_SQL_2!$A:$A,'Pg2'!$T27))=0,"",SUMIFS(CNXL_SQL_2!$F:$F,CNXL_SQL_2!$D:$D,'Pg2'!$U$25,CNXL_SQL_2!$A:$A,'Pg2'!$T27)) | I27: =IF((SUMIFS(CNXL_SQL_2!$F:$F,CNXL_SQL_2!$D:$D,'Pg2'!$U$26,CNXL_SQL_2!$A:$A,'Pg2'!$T27))=0,"",SUMIFS(CNXL_SQL_2!$F:$F,CNXL_SQL_2!$D:$D,'Pg2'!$U$26,CNXL_SQL_2!$A:$A,'Pg2'!$T27)) | J27: =IF((SUMIFS(CNXL_SQL_2!$F:$F,CNXL_SQL_2!$D:$D,'Pg2'!$U$27,CNXL_SQL_2!$A:$A,'Pg2'!$T27))=0,"",SUMIFS(CNXL_SQL_2!$F:$F,CNXL_SQL_2!$D:$D,'Pg2'!$U$27,CNXL_SQL_2!$A:$A,'Pg2'!$T27)) | K27: =IF((SUMIFS(CNXL_SQL_2!$F:$F,CNXL_SQL_2!$D:$D,'Pg2'!$U$28,CNXL_SQL_2!$A:$A,'Pg2'!$T27))=0,"",SUMIFS(CNXL_SQL_2!$F:$F,CNXL_SQL_2!$D:$D,'Pg2'!$U$28,CNXL_SQL_2!$A:$A,'Pg2'!$T27)) | L27: =IF((SUMIFS(CNXL_SQL_2!$F:$F,CNXL_SQL_2!$D:$D,'Pg2'!$U$29,CNXL_SQL_2!$A:$A,'Pg2'!$T27))=0,"",SUMIFS(CNXL_SQL_2!$F:$F,CNXL_SQL_2!$D:$D,'Pg2'!$U$29,CNXL_SQL_2!$A:$A,'Pg2'!$T27)) | N27: =IF((SUM(E27:M27))=0,"",SUM(E27:M27)) | O27: =IFERROR(VLOOKUP($T27,ES_MATRIX!$A$2:$L$10,11,0),"") | P27: =IF(((SUM(E27:M27))-(SUMIFS(ES_MATRIX!$L$3:$L$10,ES_MATRIX!$A$3:$A$10,'Pg2'!$T27)))=0,"",(SUM(E27:M27))-(SUMIFS(ES_MATRIX!$L$3:$L$10,ES_MATRIX!$A$3:$A$10,'Pg2'!$T27))) | Q27: =VLOOKUP($T27,ES_MATRIX!$A$25:$B$30,2,0) | T27: ZW | U27: NETWORK OPERATIONS CENTER
C28: Total: | D28: =SUM(D22:D27) -> 1705 | E28: =IF(SUM(E22:E27)=0,"",SUM(E22:E27)) -> 11 | F28: =IF(SUM(F22:F27)=0,"",SUM(F22:F27)) | G28: =IF(SUM(G22:G27)=0,"",SUM(G22:G27)) | H28: =IF(SUM(H22:H27)=0,"",SUM(H22:H27)) | I28: =IF(SUM(I22:I27)=0,"",SUM(I22:I27)) | J28: =IF(SUM(J22:J27)=0,"",SUM(J22:J27)) | K28: =IF(SUM(K22:K27)=0,"",SUM(K22:K27)) | L28: =IF(SUM(L22:L27)=0,"",SUM(L22:L27)) | ... Q28: =IF(SUM(Q22:Q27)=0,"",SUM(Q22:Q27)) | U28: TECHNOLOGY
U29: CATERING OPERATIONS
B32: Residual Cancel Detail
D34: Scheduled Departures | E34: Weather & ATC | F34: Technical Operations | G34: Flight Operations | H34: Inflight Services | I34: Airport Operation | J34: Network Operation | K34: IT | L34: Catering Operations | M34: Other | N34: Total Cancels | O34: ES Covered for this partner | P34: Net Cancel | Q34: ES covered by this partner
C35: OO - SkyWest | D35: =SUMIFS(SCH_DEP_SQL_4!$E:$E,SCH_DEP_SQL_4!$A:$A,'Pg2'!$T22) -> 816 | E35: =IF((SUMIFS(RES_CNXL_SQL_3!$F:$F,RES_CNXL_SQL_3!$D:$D,'Pg2'!$U$22,RES_CNXL_SQL_3!$A:$A,'Pg2'!$T22))=0,"",SUMIFS(RES_CNXL_SQL_3!$F:$F,RES_CNXL_SQL_3!$D:$D,'Pg2'!$U$22,RES_CNXL_SQL_3!$A:$A,'Pg2'!$T22)) -> 6 | F35: =IF((SUMIFS(RES_CNXL_SQL_3!$F:$F,RES_CNXL_SQL_3!$D:$D,'Pg2'!$U$23,RES_CNXL_SQL_3!$A:$A,'Pg2'!$T22))=0,"",SUMIFS(RES_CNXL_SQL_3!$F:$F,RES_CNXL_SQL_3!$D:$D,'Pg2'!$U$23,RES_CNXL_SQL_3!$A:$A,'Pg2'!$T22)) | G35: =IF((SUMIFS(RES_CNXL_SQL_3!$F:$F,RES_CNXL_SQL_3!$D:$D,'Pg2'!$U$24,RES_CNXL_SQL_3!$A:$A,'Pg2'!$T22))=0,"",SUMIFS(RES_CNXL_SQL_3!$F:$F,RES_CNXL_SQL_3!$D:$D,'Pg2'!$U$24,RES_CNXL_SQL_3!$A:$A,'Pg2'!$T22)) | H35: =IF((SUMIFS(RES_CNXL_SQL_3!$F:$F,RES_CNXL_SQL_3!$D:$D,'Pg2'!$U$25,RES_CNXL_SQL_3!$A:$A,'Pg2'!$T22))=0,"",SUMIFS(RES_CNXL_SQL_3!$F:$F,RES_CNXL_SQL_3!$D:$D,'Pg2'!$U$25,RES_CNXL_SQL_3!$A:$A,'Pg2'!$T22)) | I35: =IF((SUMIFS(RES_CNXL_SQL_3!$F:$F,RES_CNXL_SQL_3!$D:$D,'Pg2'!$U$26,RES_CNXL_SQL_3!$A:$A,'Pg2'!$T22))=0,"",SUMIFS(RES_CNXL_SQL_3!$F:$F,RES_CNXL_SQL_3!$D:$D,'Pg2'!$U$26,RES_CNXL_SQL_3!$A:$A,'Pg2'!$T22)) | J35: =IF((SUMIFS(RES_CNXL_SQL_3!$F:$F,RES_CNXL_SQL_3!$D:$D,'Pg2'!$U$27,RES_CNXL_SQL_3!$A:$A,'Pg2'!$T22))=0,"",SUMIFS(RES_CNXL_SQL_3!$F:$F,RES_CNXL_SQL_3!$D:$D,'Pg2'!$U$27,RES_CNXL_SQL_3!$A:$A,'Pg2'!$T22)) | K35: =IF((SUMIFS(RES_CNXL_SQL_3!$F:$F,RES_CNXL_SQL_3!$D:$D,'Pg2'!$U$28,RES_CNXL_SQL_3!$A:$A,'Pg2'!$T22))=0,"",SUMIFS(RES_CNXL_SQL_3!$F:$F,RES_CNXL_SQL_3!$D:$D,'Pg2'!$U$28,RES_CNXL_SQL_3!$A:$A,'Pg2'!$T22)) | L35: =IF((SUMIFS(RES_CNXL_SQL_3!$F:$F,RES_CNXL_SQL_3!$D:$D,'Pg2'!$U$29,RES_CNXL_SQL_3!$A:$A,'Pg2'!$T22))=0,"",SUMIFS(RES_CNXL_SQL_3!$F:$F,RES_CNXL_SQL_3!$D:$D,'Pg2'!$U$29,RES_CNXL_SQL_3!$A:$A,'Pg2'!$T22)) | N35: =IF(SUM(E35:M35)=0,"",SUM(E35:M35)) -> 6 | O35: =IFERROR(VLOOKUP($T22,ES_MATRIX!$A$13:$L$21,11,0),"") | P35: =IF(((SUM(E35:M35))-(SUMIFS(ES_MATRIX!$L$14:$L$21,ES_MATRIX!$A$14:$A$21,'Pg2'!$T22)))=0,"",(SUM(E35:M35))-(SUMIFS(ES_MATRIX!$L$14:$L$21,ES_MATRIX!$A$14:$A$21,'Pg2'!$T22))) -> 6 | Q35: =VLOOKUP($T22,ES_MATRIX!$E$25:$F$30,2,0)
C36: YX - Republic | D36: =SUMIFS(SCH_DEP_SQL_4!$E:$E,SCH_DEP_SQL_4!$A:$A,'Pg2'!$T23) -> 297 | E36: =IF((SUMIFS(RES_CNXL_SQL_3!$F:$F,RES_CNXL_SQL_3!$D:$D,'Pg2'!$U$22,RES_CNXL_SQL_3!$A:$A,'Pg2'!$T23))=0,"",SUMIFS(RES_CNXL_SQL_3!$F:$F,RES_CNXL_SQL_3!$D:$D,'Pg2'!$U$22,RES_CNXL_SQL_3!$A:$A,'Pg2'!$T23)) | F36: =IF((SUMIFS(RES_CNXL_SQL_3!$F:$F,RES_CNXL_SQL_3!$D:$D,'Pg2'!$U$23,RES_CNXL_SQL_3!$A:$A,'Pg2'!$T23))=0,"",SUMIFS(RES_CNXL_SQL_3!$F:$F,RES_CNXL_SQL_3!$D:$D,'Pg2'!$U$23,RES_CNXL_SQL_3!$A:$A,'Pg2'!$T23)) | G36: =IF((SUMIFS(RES_CNXL_SQL_3!$F:$F,RES_CNXL_SQL_3!$D:$D,'Pg2'!$U$24,RES_CNXL_SQL_3!$A:$A,'Pg2'!$T23))=0,"",SUMIFS(RES_CNXL_SQL_3!$F:$F,RES_CNXL_SQL_3!$D:$D,'Pg2'!$U$24,RES_CNXL_SQL_3!$A:$A,'Pg2'!$T23)) | H36: =IF((SUMIFS(RES_CNXL_SQL_3!$F:$F,RES_CNXL_SQL_3!$D:$D,'Pg2'!$U$25,RES_CNXL_SQL_3!$A:$A,'Pg2'!$T23))=0,"",SUMIFS(RES_CNXL_SQL_3!$F:$F,RES_CNXL_SQL_3!$D:$D,'Pg2'!$U$25,RES_CNXL_SQL_3!$A:$A,'Pg2'!$T23)) | I36: =IF((SUMIFS(RES_CNXL_SQL_3!$F:$F,RES_CNXL_SQL_3!$D:$D,'Pg2'!$U$26,RES_CNXL_SQL_3!$A:$A,'Pg2'!$T23))=0,"",SUMIFS(RES_CNXL_SQL_3!$F:$F,RES_CNXL_SQL_3!$D:$D,'Pg2'!$U$26,RES_CNXL_SQL_3!$A:$A,'Pg2'!$T23)) | J36: =IF((SUMIFS(RES_CNXL_SQL_3!$F:$F,RES_CNXL_SQL_3!$D:$D,'Pg2'!$U$27,RES_CNXL_SQL_3!$A:$A,'Pg2'!$T23))=0,"",SUMIFS(RES_CNXL_SQL_3!$F:$F,RES_CNXL_SQL_3!$D:$D,'Pg2'!$U$27,RES_CNXL_SQL_3!$A:$A,'Pg2'!$T23)) | K36: =IF((SUMIFS(RES_CNXL_SQL_3!$F:$F,RES_CNXL_SQL_3!$D:$D,'Pg2'!$U$28,RES_CNXL_SQL_3!$A:$A,'Pg2'!$T23))=0,"",SUMIFS(RES_CNXL_SQL_3!$F:$F,RES_CNXL_SQL_3!$D:$D,'Pg2'!$U$28,RES_CNXL_SQL_3!$A:$A,'Pg2'!$T23)) | L36: =IF((SUMIFS(RES_CNXL_SQL_3!$F:$F,RES_CNXL_SQL_3!$D:$D,'Pg2'!$U$29,RES_CNXL_SQL_3!$A:$A,'Pg2'!$T23))=0,"",SUMIFS(RES_CNXL_SQL_3!$F:$F,RES_CNXL_SQL_3!$D:$D,'Pg2'!$U$29,RES_CNXL_SQL_3!$A:$A,'Pg2'!$T23)) | N36: =IF(SUM(E36:M36)=0,"",SUM(E36:M36)) | O36: =IFERROR(VLOOKUP($T23,ES_MATRIX!$A$13:$L$21,11,0),"") | P36: =IF(((SUM(E36:M36))-(SUMIFS(ES_MATRIX!$L$14:$L$21,ES_MATRIX!$A$14:$A$21,'Pg2'!$T23)))=0,"",(SUM(E36:M36))-(SUMIFS(ES_MATRIX!$L$14:$L$21,ES_MATRIX!$A$14:$A$21,'Pg2'!$T23))) | Q36: =VLOOKUP($T23,ES_MATRIX!$E$25:$F$30,2,0)
C37: G7 - Go Jet | D37: =SUMIFS(SCH_DEP_SQL_4!$E:$E,SCH_DEP_SQL_4!$A:$A,'Pg2'!$T24) -> 186 | E37: =IF((SUMIFS(RES_CNXL_SQL_3!$F:$F,RES_CNXL_SQL_3!$D:$D,'Pg2'!$U$22,RES_CNXL_SQL_3!$A:$A,'Pg2'!$T24))=0,"",SUMIFS(RES_CNXL_SQL_3!$F:$F,RES_CNXL_SQL_3!$D:$D,'Pg2'!$U$22,RES_CNXL_SQL_3!$A:$A,'Pg2'!$T24)) | F37: =IF((SUMIFS(RES_CNXL_SQL_3!$F:$F,RES_CNXL_SQL_3!$D:$D,'Pg2'!$U$23,RES_CNXL_SQL_3!$A:$A,'Pg2'!$T24))=0,"",SUMIFS(RES_CNXL_SQL_3!$F:$F,RES_CNXL_SQL_3!$D:$D,'Pg2'!$U$23,RES_CNXL_SQL_3!$A:$A,'Pg2'!$T24)) | G37: =IF((SUMIFS(RES_CNXL_SQL_3!$F:$F,RES_CNXL_SQL_3!$D:$D,'Pg2'!$U$24,RES_CNXL_SQL_3!$A:$A,'Pg2'!$T24))=0,"",SUMIFS(RES_CNXL_SQL_3!$F:$F,RES_CNXL_SQL_3!$D:$D,'Pg2'!$U$24,RES_CNXL_SQL_3!$A:$A,'Pg2'!$T24)) | H37: =IF((SUMIFS(RES_CNXL_SQL_3!$F:$F,RES_CNXL_SQL_3!$D:$D,'Pg2'!$U$25,RES_CNXL_SQL_3!$A:$A,'Pg2'!$T24))=0,"",SUMIFS(RES_CNXL_SQL_3!$F:$F,RES_CNXL_SQL_3!$D:$D,'Pg2'!$U$25,RES_CNXL_SQL_3!$A:$A,'Pg2'!$T24)) | I37: =IF((SUMIFS(RES_CNXL_SQL_3!$F:$F,RES_CNXL_SQL_3!$D:$D,'Pg2'!$U$26,RES_CNXL_SQL_3!$A:$A,'Pg2'!$T24))=0,"",SUMIFS(RES_CNXL_SQL_3!$F:$F,RES_CNXL_SQL_3!$D:$D,'Pg2'!$U$26,RES_CNXL_SQL_3!$A:$A,'Pg2'!$T24)) -> 1 | J37: =IF((SUMIFS(RES_CNXL_SQL_3!$F:$F,RES_CNXL_SQL_3!$D:$D,'Pg2'!$U$27,RES_CNXL_SQL_3!$A:$A,'Pg2'!$T24))=0,"",SUMIFS(RES_CNXL_SQL_3!$F:$F,RES_CNXL_SQL_3!$D:$D,'Pg2'!$U$27,RES_CNXL_SQL_3!$A:$A,'Pg2'!$T24)) | K37: =IF((SUMIFS(RES_CNXL_SQL_3!$F:$F,RES_CNXL_SQL_3!$D:$D,'Pg2'!$U$28,RES_CNXL_SQL_3!$A:$A,'Pg2'!$T24))=0,"",SUMIFS(RES_CNXL_SQL_3!$F:$F,RES_CNXL_SQL_3!$D:$D,'Pg2'!$U$28,RES_CNXL_SQL_3!$A:$A,'Pg2'!$T24)) | L37: =IF((SUMIFS(RES_CNXL_SQL_3!$F:$F,RES_CNXL_SQL_3!$D:$D,'Pg2'!$U$29,RES_CNXL_SQL_3!$A:$A,'Pg2'!$T24))=0,"",SUMIFS(RES_CNXL_SQL_3!$F:$F,RES_CNXL_SQL_3!$D:$D,'Pg2'!$U$29,RES_CNXL_SQL_3!$A:$A,'Pg2'!$T24)) | N37: =IF(SUM(E37:M37)=0,"",SUM(E37:M37)) -> 1 | O37: =IFERROR(VLOOKUP($T24,ES_MATRIX!$A$13:$L$21,11,0),"") | P37: =IF(((SUM(E37:M37))-(SUMIFS(ES_MATRIX!$L$14:$L$21,ES_MATRIX!$A$14:$A$21,'Pg2'!$T24)))=0,"",(SUM(E37:M37))-(SUMIFS(ES_MATRIX!$L$14:$L$21,ES_MATRIX!$A$14:$A$21,'Pg2'!$T24))) -> 1 | Q37: =VLOOKUP($T24,ES_MATRIX!$E$25:$F$30,2,0)
C38: C5 - CommutAir | D38: =SUMIFS(SCH_DEP_SQL_4!$E:$E,SCH_DEP_SQL_4!$A:$A,'Pg2'!$T25) -> 193 | E38: =IF((SUMIFS(RES_CNXL_SQL_3!$F:$F,RES_CNXL_SQL_3!$D:$D,'Pg2'!$U$22,RES_CNXL_SQL_3!$A:$A,'Pg2'!$T25))=0,"",SUMIFS(RES_CNXL_SQL_3!$F:$F,RES_CNXL_SQL_3!$D:$D,'Pg2'!$U$22,RES_CNXL_SQL_3!$A:$A,'Pg2'!$T25)) | F38: =IF((SUMIFS(RES_CNXL_SQL_3!$F:$F,RES_CNXL_SQL_3!$D:$D,'Pg2'!$U$23,RES_CNXL_SQL_3!$A:$A,'Pg2'!$T25))=0,"",SUMIFS(RES_CNXL_SQL_3!$F:$F,RES_CNXL_SQL_3!$D:$D,'Pg2'!$U$23,RES_CNXL_SQL_3!$A:$A,'Pg2'!$T25)) | G38: =IF((SUMIFS(RES_CNXL_SQL_3!$F:$F,RES_CNXL_SQL_3!$D:$D,'Pg2'!$U$24,RES_CNXL_SQL_3!$A:$A,'Pg2'!$T25))=0,"",SUMIFS(RES_CNXL_SQL_3!$F:$F,RES_CNXL_SQL_3!$D:$D,'Pg2'!$U$24,RES_CNXL_SQL_3!$A:$A,'Pg2'!$T25)) | H38: =IF((SUMIFS(RES_CNXL_SQL_3!$F:$F,RES_CNXL_SQL_3!$D:$D,'Pg2'!$U$25,RES_CNXL_SQL_3!$A:$A,'Pg2'!$T25))=0,"",SUMIFS(RES_CNXL_SQL_3!$F:$F,RES_CNXL_SQL_3!$D:$D,'Pg2'!$U$25,RES_CNXL_SQL_3!$A:$A,'Pg2'!$T25)) | I38: =IF((SUMIFS(RES_CNXL_SQL_3!$F:$F,RES_CNXL_SQL_3!$D:$D,'Pg2'!$U$26,RES_CNXL_SQL_3!$A:$A,'Pg2'!$T25))=0,"",SUMIFS(RES_CNXL_SQL_3!$F:$F,RES_CNXL_SQL_3!$D:$D,'Pg2'!$U$26,RES_CNXL_SQL_3!$A:$A,'Pg2'!$T25)) | J38: =IF((SUMIFS(RES_CNXL_SQL_3!$F:$F,RES_CNXL_SQL_3!$D:$D,'Pg2'!$U$27,RES_CNXL_SQL_3!$A:$A,'Pg2'!$T25))=0,"",SUMIFS(RES_CNXL_SQL_3!$F:$F,RES_CNXL_SQL_3!$D:$D,'Pg2'!$U$27,RES_CNXL_SQL_3!$A:$A,'Pg2'!$T25)) | K38: =IF((SUMIFS(RES_CNXL_SQL_3!$F:$F,RES_CNXL_SQL_3!$D:$D,'Pg2'!$U$28,RES_CNXL_SQL_3!$A:$A,'Pg2'!$T25))=0,"",SUMIFS(RES_CNXL_SQL_3!$F:$F,RES_CNXL_SQL_3!$D:$D,'Pg2'!$U$28,RES_CNXL_SQL_3!$A:$A,'Pg2'!$T25)) | L38: =IF((SUMIFS(RES_CNXL_SQL_3!$F:$F,RES_CNXL_SQL_3!$D:$D,'Pg2'!$U$29,RES_CNXL_SQL_3!$A:$A,'Pg2'!$T25))=0,"",SUMIFS(RES_CNXL_SQL_3!$F:$F,RES_CNXL_SQL_3!$D:$D,'Pg2'!$U$29,RES_CNXL_SQL_3!$A:$A,'Pg2'!$T25)) | N38: =IF(SUM(E38:M38)=0,"",SUM(E38:M38)) | O38: =IFERROR(VLOOKUP($T25,ES_MATRIX!$A$13:$L$21,11,0),"") | P38: =IF(((SUM(E38:M38))-(SUMIFS(ES_MATRIX!$L$14:$L$21,ES_MATRIX!$A$14:$A$21,'Pg2'!$T25)))=0,"",(SUM(E38:M38))-(SUMIFS(ES_MATRIX!$L$14:$L$21,ES_MATRIX!$A$14:$A$21,'Pg2'!$T25))) | Q38: =VLOOKUP($T25,ES_MATRIX!$E$25:$F$30,2,0)
C39: YV - Mesa | D39: =SUMIFS(SCH_DEP_SQL_4!$E:$E,SCH_DEP_SQL_4!$A:$A,'Pg2'!$T26) -> 213 | E39: =IF((SUMIFS(RES_CNXL_SQL_3!$F:$F,RES_CNXL_SQL_3!$D:$D,'Pg2'!$U$22,RES_CNXL_SQL_3!$A:$A,'Pg2'!$T26))=0,"",SUMIFS(RES_CNXL_SQL_3!$F:$F,RES_CNXL_SQL_3!$D:$D,'Pg2'!$U$22,RES_CNXL_SQL_3!$A:$A,'Pg2'!$T26)) | F39: =IF((SUMIFS(RES_CNXL_SQL_3!$F:$F,RES_CNXL_SQL_3!$D:$D,'Pg2'!$U$23,RES_CNXL_SQL_3!$A:$A,'Pg2'!$T26))=0,"",SUMIFS(RES_CNXL_SQL_3!$F:$F,RES_CNXL_SQL_3!$D:$D,'Pg2'!$U$23,RES_CNXL_SQL_3!$A:$A,'Pg2'!$T26)) | G39: =IF((SUMIFS(RES_CNXL_SQL_3!$F:$F,RES_CNXL_SQL_3!$D:$D,'Pg2'!$U$24,RES_CNXL_SQL_3!$A:$A,'Pg2'!$T26))=0,"",SUMIFS(RES_CNXL_SQL_3!$F:$F,RES_CNXL_SQL_3!$D:$D,'Pg2'!$U$24,RES_CNXL_SQL_3!$A:$A,'Pg2'!$T26)) | H39: =IF((SUMIFS(RES_CNXL_SQL_3!$F:$F,RES_CNXL_SQL_3!$D:$D,'Pg2'!$U$25,RES_CNXL_SQL_3!$A:$A,'Pg2'!$T26))=0,"",SUMIFS(RES_CNXL_SQL_3!$F:$F,RES_CNXL_SQL_3!$D:$D,'Pg2'!$U$25,RES_CNXL_SQL_3!$A:$A,'Pg2'!$T26)) | I39: =IF((SUMIFS(RES_CNXL_SQL_3!$F:$F,RES_CNXL_SQL_3!$D:$D,'Pg2'!$U$26,RES_CNXL_SQL_3!$A:$A,'Pg2'!$T26))=0,"",SUMIFS(RES_CNXL_SQL_3!$F:$F,RES_CNXL_SQL_3!$D:$D,'Pg2'!$U$26,RES_CNXL_SQL_3!$A:$A,'Pg2'!$T26)) | J39: =IF((SUMIFS(RES_CNXL_SQL_3!$F:$F,RES_CNXL_SQL_3!$D:$D,'Pg2'!$U$27,RES_CNXL_SQL_3!$A:$A,'Pg2'!$T26))=0,"",SUMIFS(RES_CNXL_SQL_3!$F:$F,RES_CNXL_SQL_3!$D:$D,'Pg2'!$U$27,RES_CNXL_SQL_3!$A:$A,'Pg2'!$T26)) | K39: =IF((SUMIFS(RES_CNXL_SQL_3!$F:$F,RES_CNXL_SQL_3!$D:$D,'Pg2'!$U$28,RES_CNXL_SQL_3!$A:$A,'Pg2'!$T26))=0,"",SUMIFS(RES_CNXL_SQL_3!$F:$F,RES_CNXL_SQL_3!$D:$D,'Pg2'!$U$28,RES_CNXL_SQL_3!$A:$A,'Pg2'!$T26)) | L39: =IF((SUMIFS(RES_CNXL_SQL_3!$F:$F,RES_CNXL_SQL_3!$D:$D,'Pg2'!$U$29,RES_CNXL_SQL_3!$A:$A,'Pg2'!$T26))=0,"",SUMIFS(RES_CNXL_SQL_3!$F:$F,RES_CNXL_SQL_3!$D:$D,'Pg2'!$U$29,RES_CNXL_SQL_3!$A:$A,'Pg2'!$T26)) | N39: =IF(SUM(E39:M39)=0,"",SUM(E39:M39)) | O39: =IFERROR(VLOOKUP($T26,ES_MATRIX!$A$13:$L$21,11,0),"") | P39: =IF(((SUM(E39:M39))-(SUMIFS(ES_MATRIX!$L$14:$L$21,ES_MATRIX!$A$14:$A$21,'Pg2'!$T26)))=0,"",(SUM(E39:M39))-(SUMIFS(ES_MATRIX!$L$14:$L$21,ES_MATRIX!$A$14:$A$21,'Pg2'!$T26))) | Q39: =VLOOKUP($T26,ES_MATRIX!$E$25:$F$30,2,0)
C40: ZW - Air Wisconsin | D40: =SUMIFS(SCH_DEP_SQL_4!$E:$E,SCH_DEP_SQL_4!$A:$A,'Pg2'!$T27) -> 0 | E40: =IF((SUMIFS(RES_CNXL_SQL_3!$F:$F,RES_CNXL_SQL_3!$D:$D,'Pg2'!$U$22,RES_CNXL_SQL_3!$A:$A,'Pg2'!$T27))=0,"",SUMIFS(RES_CNXL_SQL_3!$F:$F,RES_CNXL_SQL_3!$D:$D,'Pg2'!$U$22,RES_CNXL_SQL_3!$A:$A,'Pg2'!$T27)) | F40: =IF((SUMIFS(RES_CNXL_SQL_3!$F:$F,RES_CNXL_SQL_3!$D:$D,'Pg2'!$U$23,RES_CNXL_SQL_3!$A:$A,'Pg2'!$T27))=0,"",SUMIFS(RES_CNXL_SQL_3!$F:$F,RES_CNXL_SQL_3!$D:$D,'Pg2'!$U$23,RES_CNXL_SQL_3!$A:$A,'Pg2'!$T27)) | G40: =IF((SUMIFS(RES_CNXL_SQL_3!$F:$F,RES_CNXL_SQL_3!$D:$D,'Pg2'!$U$24,RES_CNXL_SQL_3!$A:$A,'Pg2'!$T27))=0,"",SUMIFS(RES_CNXL_SQL_3!$F:$F,RES_CNXL_SQL_3!$D:$D,'Pg2'!$U$24,RES_CNXL_SQL_3!$A:$A,'Pg2'!$T27)) | H40: =IF((SUMIFS(RES_CNXL_SQL_3!$F:$F,RES_CNXL_SQL_3!$D:$D,'Pg2'!$U$25,RES_CNXL_SQL_3!$A:$A,'Pg2'!$T27))=0,"",SUMIFS(RES_CNXL_SQL_3!$F:$F,RES_CNXL_SQL_3!$D:$D,'Pg2'!$U$25,RES_CNXL_SQL_3!$A:$A,'Pg2'!$T27)) | I40: =IF((SUMIFS(RES_CNXL_SQL_3!$F:$F,RES_CNXL_SQL_3!$D:$D,'Pg2'!$U$26,RES_CNXL_SQL_3!$A:$A,'Pg2'!$T27))=0,"",SUMIFS(RES_CNXL_SQL_3!$F:$F,RES_CNXL_SQL_3!$D:$D,'Pg2'!$U$26,RES_CNXL_SQL_3!$A:$A,'Pg2'!$T27)) | J40: =IF((SUMIFS(RES_CNXL_SQL_3!$F:$F,RES_CNXL_SQL_3!$D:$D,'Pg2'!$U$27,RES_CNXL_SQL_3!$A:$A,'Pg2'!$T27))=0,"",SUMIFS(RES_CNXL_SQL_3!$F:$F,RES_CNXL_SQL_3!$D:$D,'Pg2'!$U$27,RES_CNXL_SQL_3!$A:$A,'Pg2'!$T27)) | K40: =IF((SUMIFS(RES_CNXL_SQL_3!$F:$F,RES_CNXL_SQL_3!$D:$D,'Pg2'!$U$28,RES_CNXL_SQL_3!$A:$A,'Pg2'!$T27))=0,"",SUMIFS(RES_CNXL_SQL_3!$F:$F,RES_CNXL_SQL_3!$D:$D,'Pg2'!$U$28,RES_CNXL_SQL_3!$A:$A,'Pg2'!$T27)) | L40: =IF((SUMIFS(RES_CNXL_SQL_3!$F:$F,RES_CNXL_SQL_3!$D:$D,'Pg2'!$U$29,RES_CNXL_SQL_3!$A:$A,'Pg2'!$T27))=0,"",SUMIFS(RES_CNXL_SQL_3!$F:$F,RES_CNXL_SQL_3!$D:$D,'Pg2'!$U$29,RES_CNXL_SQL_3!$A:$A,'Pg2'!$T27)) | N40: =IF(SUM(E40:M40)=0,"",SUM(E40:M40)) | O40: =IFERROR(VLOOKUP($T27,ES_MATRIX!$A$13:$L$21,11,0),"") | P40: =IF(((SUM(E40:M40))-(SUMIFS(ES_MATRIX!$L$14:$L$21,ES_MATRIX!$A$14:$A$21,'Pg2'!$T27)))=0,"",(SUM(E40:M40))-(SUMIFS(ES_MATRIX!$L$14:$L$21,ES_MATRIX!$A$14:$A$21,'Pg2'!$T27))) | Q40: =VLOOKUP($T27,ES_MATRIX!$E$25:$F$30,2,0)
C41: Total: | D41: =SUM(D35:D40) -> 1705 | E41: =IF(SUM(E35:E40)=0,"",SUM(E35:E40)) -> 6 | F41: =IF(SUM(F35:F40)=0,"",SUM(F35:F40)) | G41: =IF(SUM(G35:G40)=0,"",SUM(G35:G40)) | H41: =IF(SUM(H35:H40)=0,"",SUM(H35:H40)) | I41: =IF(SUM(I35:I40)=0,"",SUM(I35:I40)) -> 1 | J41: =IF(SUM(J35:J40)=0,"",SUM(J35:J40)) | K41: =IF(SUM(K35:K40)=0,"",SUM(K35:K40)) | L41: =IF(SUM(L35:L40)=0,"",SUM(L35:L40)) | ... Q41: =IF(SUM(Q35:Q40)=0,"",SUM(Q35:Q40))
B45: Notes:
B46: 1. The hubs/operating bases considered for all airlines are as follows:
B47: UA - SFO, LAX, DEN, IAH, EWR, IAD, ORD
B48: AA - CLT, MIA, PHX, DCA, ORD, PHL, DFW
B49: DL - ATL, DTW, LAX, JFK, LGA, MSP, SLC, SEA

Sheet RANK
A1: Metric | B1: UA | C1: DL | D1: AA | E1: AS | F1: Rank_Yest | H1: Metric | I1: UA | J1: DL | K1: AA | L1: AS | M1: Rank_DateMinus2 | O1: Metric | P1: UA | Q1: DL | R1: AA | S1: AS | T1: Rank_MTD | V1: D:00
A2: Completion | B2: =UA_SQL_1!O2/UA_SQL_1!N2 -> 0.0064516129 | C2: =SUMIFS(OA_SQL_1!$L:$L,OA_SQL_1!$A:$A,"DL")/SUMIFS(OA_SQL_1!$J:$J,OA_SQL_1!$A:$A,"DL") -> 0.99124343 | D2: =SUMIFS(OA_SQL_1!$L:$L,OA_SQL_1!$A:$A,"AA")/SUMIFS(OA_SQL_1!$J:$J,OA_SQL_1!$A:$A,"AA") -> 0.99962335 | F2: =RANK(B2,B2:D2,0) -> 3 | H2: Completion | I2: =(UA_SQL_1!$X$2/UA_SQL_1!$W$2) -> 0.99689602 | J2: =SUMIF(OA_SQL_1!$A$1:$A$3,"DL",OA_SQL_1!$O$1:$O$3)/SUMIF(OA_SQL_1!$A$1:$A$3,"DL",OA_SQL_1!$M$1:$M$3) -> 1.5589286 | K2: =SUMIF(OA_SQL_1!$A$1:$A$3,"AA",OA_SQL_1!$O1:O$3)/SUMIF(OA_SQL_1!$A$1:$A$3,"AA",OA_SQL_1!$M$1:$M$3) -> 1.7208904 | M2: =RANK(I2,I2:K2,0) -> 3 | O2: Completion | P2: 0.01 | Q2: =1-(SUMIFS(OA_SQL_1!$G:$G,OA_SQL_1!$A:$A,"DL")/SUMIFS(OA_SQL_1!$E:$E,OA_SQL_1!$A:$A,"DL")) -> 0.0099808061 | R2: =1-(SUMIFS(OA_SQL_1!$G:$G,OA_SQL_1!$A:$A,"AA")/SUMIFS(OA_SQL_1!$E:$E,OA_SQL_1!$A:$A,"AA")) -> 0.0029765312 | T2: =RANK(P2,P2:R2,1) -> 3
A3: A:00 | B3: =UA_SQL_1!R2/UA_SQL_1!N2 -> 0.71495601 | C3: =SUMIFS(OA_SQL_1!$M:$M,OA_SQL_1!$A:$A,"DL")/SUMIFS(OA_SQL_1!$J:$J,OA_SQL_1!$A:$A,"DL") -> 0.6538237 | D3: =SUMIFS(OA_SQL_1!$M:$M,OA_SQL_1!$A:$A,"AA")/SUMIFS(OA_SQL_1!$J:$J,OA_SQL_1!$A:$A,"AA") -> 0.65988701 | F3: =RANK(B3,B3:D3,0) -> 1 | H3: A:00 | I3: =UA_SQL_1!Y2/UA_SQL_1!U2 -> 5.7391304 | J3: =SUMIF(OA_SQL_1!$A$1:$A$3,"DL",OA_SQL_1!$P$1:$P$3)/SUMIF(OA_SQL_1!$A$1:$A$3,"DL",OA_SQL_1!$M$1:$M$3) -> 0.87232143 | K3: =SUMIF(OA_SQL_1!$A$1:$A$3,"AA",OA_SQL_1!$P$1:$P$3)/SUMIF(OA_SQL_1!$A$1:$A$3,"AA",OA_SQL_1!$M$1:$M$3) -> 1.1409817 | M3: =RANK(I3,I3:K3,0) -> 1 | O3: A:00 | P3: =UA_SQL_1!$I$2/UA_SQL_1!$E$2 -> 0.6415493 | Q3: =SUMIFS(OA_SQL_1!$H:$H,OA_SQL_1!$A:$A,"DL")/SUMIFS(OA_SQL_1!$E:$E,OA_SQL_1!$A:$A,"DL") -> 0.56084453 | R3: =SUMIFS(OA_SQL_1!$H:$H,OA_SQL_1!$A:$A,"AA")/SUMIFS(OA_SQL_1!$E:$E,OA_SQL_1!$A:$A,"AA") -> 0.61350887 | T3: =RANK(P3,P3:R3,0) -> 1
A4: CS D:00 | B4: =UA_SQL_1!Q2/UA_SQL_1!N2 -> 0.78064516 | C4: =SUMIFS(OA_SQL_1!$K:$K,OA_SQL_1!$A:$A,"DL")/SUMIFS(OA_SQL_1!$J:$J,OA_SQL_1!$A:$A,"DL") -> 0.68476357 | D4: =SUMIFS(OA_SQL_1!$K:$K,OA_SQL_1!$A:$A,"AA")/SUMIFS(OA_SQL_1!$J:$J,OA_SQL_1!$A:$A,"AA") -> 0.73182674 | F4: =RANK(B4,B4:D4,0) -> 1 | H4: CS D:00 | I4: =UA_SQL_1!X2/UA_SQL_1!U2 -> 8.3782609 | J4: =SUMIF(OA_SQL_1!$A$1:$A$3,"DL",OA_SQL_1!$N$1:$N$3)/SUMIF(OA_SQL_1!$A$1:$A$3,"DL",OA_SQL_1!$M$1:$M$3) -> 1.2375 | K4: =SUMIF(OA_SQL_1!$A$1:$A$3,"AA",OA_SQL_1!$N$1:$N$3)/SUMIF(OA_SQL_1!$A$1:$A$3,"AA",OA_SQL_1!$M$1:$M$3) -> 1.2437215 | M4: =RANK(I4,I4:K4,0) -> 1 | O4: CS D:00 | P4: =UA_SQL_1!$H$2/UA_SQL_1!$E$2 -> 0.71795775 | Q4: =SUMIFS(OA_SQL_1!$F:$F,OA_SQL_1!$A:$A,"DL")/SUMIFS(OA_SQL_1!$E:$E,OA_SQL_1!$A:$A,"DL") -> 0.59961612 | R4: =SUMIFS(OA_SQL_1!$F:$F,OA_SQL_1!$A:$A,"AA")/SUMIFS(OA_SQL_1!$E:$E,OA_SQL_1!$A:$A,"AA") -> 0.68070979 | T4: =RANK(P4,P4:R4,0) -> 1
A5: A14 | B5: =(UA_SQL_1!$S$2/UA_SQL_1!$N$2) -> 0.8516129 | C5: =SUMIFS(OA_SQL_1!$N:$N,OA_SQL_1!$A:$A,"DL")/SUMIFS(OA_SQL_1!$J:$J,OA_SQL_1!$A:$A,"DL") -> 0.80910683 | D5: =SUMIFS(OA_SQL_1!$N:$N,OA_SQL_1!$A:$A,"AA")/SUMIFS(OA_SQL_1!$J:$J,OA_SQL_1!$A:$A,"AA") -> 0.82071563 | F5: =RANK(B5,B5:D5,0) -> 1 | O5: A14 | P5: =UA_SQL_1!$J$2/UA_SQL_1!$E$2 -> 0.79507042 | Q5: =SUMIFS(OA_SQL_1!$I:$I,OA_SQL_1!$A:$A,"DL")/SUMIFS(OA_SQL_1!$E:$E,OA_SQL_1!$A:$A,"DL") -> 0.71669866 | R5: =SUMIFS(OA_SQL_1!$I:$I,OA_SQL_1!$A:$A,"AA")/SUMIFS(OA_SQL_1!$E:$E,OA_SQL_1!$A:$A,"AA") -> 0.78248426 | T5: =RANK(P5,P5:R5,0) -> 1
A7: Market | B7: UA | C7: DL | D7: AA | E7: AS | F7: Rank_Yest | H7: Market | I7: UA | J7: DL | K7: AA | L7: AS | M7: Rank_DateMinus2 | O7: Market | P7: UA | Q7: DL | R7: AA | S7: AS | T7: Rank_MTD | V7: D:00
A8: Denver | B8: =SUMIFS(UA_HUB_SQL_7!$K:$K,UA_HUB_SQL_7!$B:$B,RANK!$A8)/SUMIFS(UA_HUB_SQL_7!$F:$F,UA_HUB_SQL_7!$B:$B,RANK!$A8) -> 0.89142857 | H8: Denver | I8: =SUMIFS(UA_HUB_SQL_7!P:P,UA_HUB_SQL_7!B:B,RANK!H8)/SUMIFS(UA_HUB_SQL_7!M:M,UA_HUB_SQL_7!B:B,RANK!H8) -> #DIV/0! | O8: Denver | P8: =SUMIFS(UA_HUB_SQL_7!$W:$W,UA_HUB_SQL_7!$B:$B,RANK!$O8)/SUMIFS(UA_HUB_SQL_7!$R:$R,UA_HUB_SQL_7!$B:$B,RANK!$O8) -> 0.73487544
A9: New York | B9: =SUMIFS(UA_HUB_SQL_7!$K:$K,UA_HUB_SQL_7!$B:$B,RANK!$A9)/SUMIFS(UA_HUB_SQL_7!$F:$F,UA_HUB_SQL_7!$B:$B,RANK!$A9) -> 0.81578947 | C9: =(SUMIFS(OA_SQL_2!$K:$K,OA_SQL_2!$B:$B,"DL",OA_SQL_2!$A:$A,RANK!$A9)/SUMIFS(OA_SQL_2!$J:$J,OA_SQL_2!$B:$B,"DL",OA_SQL_2!$A:$A,RANK!$A9)) -> 0.77394636 | D9: =(SUMIFS(OA_SQL_2!$K:$K,OA_SQL_2!$B:$B,"AA",OA_SQL_2!$A:$A,RANK!$A9)/SUMIFS(OA_SQL_2!$J:$J,OA_SQL_2!$B:$B,"AA",OA_SQL_2!$A:$A,RANK!$A9)) -> 0.80487805 | F9: =RANK(B9,B9:D9,0) -> 1 | H9: New York | I9: =SUMIFS(UA_HUB_SQL_7!P:P,UA_HUB_SQL_7!B:B,RANK!H9)/SUMIFS(UA_HUB_SQL_7!M:M,UA_HUB_SQL_7!B:B,RANK!H9) -> #DIV/0! | J9: =1-(IFERROR(SUMIFS(OA_SQL_2!O:O,OA_SQL_2!A:A,RANK!H9,OA_SQL_2!B:B,"DL")/SUMIFS(OA_SQL_2!N:N,OA_SQL_2!A:A,RANK!H9,OA_SQL_2!B:B,"DL"),"-")) -> 0.36015326 | K9: =1-(IFERROR(SUMIFS(OA_SQL_2!$O:$O,OA_SQL_2!$A:$A,RANK!H9,OA_SQL_2!$B:$B,"AA")/SUMIFS(OA_SQL_2!$N:$N,OA_SQL_2!$A:$A,RANK!H9,OA_SQL_2!$B:$B,"AA"),"-")) -> 0.30645161 | M9: =RANK(I9,I9:K9,0) -> #DIV/0! | O9: New York | P9: =SUMIFS(UA_HUB_SQL_7!$W:$W,UA_HUB_SQL_7!$B:$B,RANK!$O9)/SUMIFS(UA_HUB_SQL_7!$R:$R,UA_HUB_SQL_7!$B:$B,RANK!$O9) -> 0.72364672 | Q9: =SUMIFS(OA_SQL_2!$G:$G,OA_SQL_2!$B:$B,"DL",OA_SQL_2!$A:$A,RANK!$O9)/SUMIFS(OA_SQL_2!$F:$F,OA_SQL_2!$B:$B,"DL",OA_SQL_2!$A:$A,RANK!$O9) -> 0.70294494 | R9: =IFERROR((SUMIFS(OA_SQL_2!$K:$K,OA_SQL_2!$A:$A,RANK!O9,OA_SQL_2!$B:$B,"AA")/SUMIFS(OA_SQL_2!$J:$J,OA_SQL_2!$A:$A,O9,OA_SQL_2!$B:$B,"AA")),"-") -> 0.80487805 | T9: =RANK(P9,P9:R9,0) -> 2
A10: Washington DC | B10: =SUMIFS(UA_HUB_SQL_7!$K:$K,UA_HUB_SQL_7!$B:$B,RANK!$A10)/SUMIFS(UA_HUB_SQL_7!$F:$F,UA_HUB_SQL_7!$B:$B,RANK!$A10) -> 0.77952756 | C10: =(SUMIFS(OA_SQL_2!$K:$K,OA_SQL_2!$B:$B,"DL",OA_SQL_2!$A:$A,RANK!$A10)/SUMIFS(OA_SQL_2!$J:$J,OA_SQL_2!$B:$B,"DL",OA_SQL_2!$A:$A,RANK!$A10)) -> 0.69767442 | D10: =(SUMIFS(OA_SQL_2!$K:$K,OA_SQL_2!$B:$B,"AA",OA_SQL_2!$A:$A,RANK!$A10)/SUMIFS(OA_SQL_2!$J:$J,OA_SQL_2!$B:$B,"AA",OA_SQL_2!$A:$A,RANK!$A10)) -> 0.59798995 | F10: =RANK(B10,B10:D10,0) -> 1 | H10: Washington DC | I10: =SUMIFS(UA_HUB_SQL_7!P:P,UA_HUB_SQL_7!B:B,RANK!H10)/SUMIFS(UA_HUB_SQL_7!M:M,UA_HUB_SQL_7!B:B,RANK!H10) -> #DIV/0! | J10: =1-(IFERROR(SUMIFS(OA_SQL_2!O:O,OA_SQL_2!A:A,RANK!H10,OA_SQL_2!B:B,"DL")/SUMIFS(OA_SQL_2!N:N,OA_SQL_2!A:A,RANK!H10,OA_SQL_2!B:B,"DL"),"-")) -> 0.47727273 | K10: =1-(IFERROR(SUMIFS(OA_SQL_2!$O:$O,OA_SQL_2!$A:$A,RANK!H10,OA_SQL_2!$B:$B,"AA")/SUMIFS(OA_SQL_2!$N:$N,OA_SQL_2!$A:$A,RANK!H10,OA_SQL_2!$B:$B,"AA"),"-")) -> 0.52238806 | M10: =RANK(I10,I10:K10,0) -> #DIV/0! | O10: Washington DC | P10: =SUMIFS(UA_HUB_SQL_7!$W:$W,UA_HUB_SQL_7!$B:$B,RANK!$O10)/SUMIFS(UA_HUB_SQL_7!$R:$R,UA_HUB_SQL_7!$B:$B,RANK!$O10) -> 0.73349633 | Q10: =SUMIFS(OA_SQL_2!$G:$G,OA_SQL_2!$B:$B,"DL",OA_SQL_2!$A:$A,RANK!$O10)/SUMIFS(OA_SQL_2!$F:$F,OA_SQL_2!$B:$B,"DL",OA_SQL_2!$A:$A,RANK!$O10) -> 0.59055118 | R10: =IFERROR((SUMIFS(OA_SQL_2!$K:$K,OA_SQL_2!$A:$A,RANK!O10,OA_SQL_2!$B:$B,"AA")/SUMIFS(OA_SQL_2!$J:$J,OA_SQL_2!$A:$A,O10,OA_SQL_2!$B:$B,"AA")),"-") -> 0.59798995 | T10: =RANK(P10,P10:R10,0) -> 1
A11: Texas | B11: =SUMIFS(UA_HUB_SQL_7!$K:$K,UA_HUB_SQL_7!$B:$B,RANK!$A11)/SUMIFS(UA_HUB_SQL_7!$F:$F,UA_HUB_SQL_7!$B:$B,RANK!$A11) -> 0.76047904 | C11: =IFERROR(SUMIFS(OA_SQL_2!$G:$G,OA_SQL_2!$B:$B,"DL",OA_SQL_2!$A:$A,'Pg2'!$T9)/SUMIFS(OA_SQL_2!$F:$F,OA_SQL_2!$B:$B,"DL",OA_SQL_2!$A:$A,'Pg2'!$T9),"-") -> - | D11: =(SUMIFS(OA_SQL_2!$K:$K,OA_SQL_2!$B:$B,"AA",OA_SQL_2!$A:$A,RANK!$A11)/SUMIFS(OA_SQL_2!$J:$J,OA_SQL_2!$B:$B,"AA",OA_SQL_2!$A:$A,RANK!$A11)) -> 0.79710145 | F11: =RANK(B11,B11:D11,0) -> 2 | H11: Texas | I11: =SUMIFS(UA_HUB_SQL_7!P:P,UA_HUB_SQL_7!B:B,RANK!H11)/SUMIFS(UA_HUB_SQL_7!M:M,UA_HUB_SQL_7!B:B,RANK!H11) -> #DIV/0! | K11: =1-(IFERROR(SUMIFS(OA_SQL_2!$O:$O,OA_SQL_2!$A:$A,RANK!H11,OA_SQL_2!$B:$B,"AA")/SUMIFS(OA_SQL_2!$N:$N,OA_SQL_2!$A:$A,RANK!H11,OA_SQL_2!$B:$B,"AA"),"-")) -> 0.23734177 | M11: =RANK(I11,I11:K11,0) -> #DIV/0! | O11: Texas | P11: =SUMIFS(UA_HUB_SQL_7!$W:$W,UA_HUB_SQL_7!$B:$B,RANK!$O11)/SUMIFS(UA_HUB_SQL_7!$R:$R,UA_HUB_SQL_7!$B:$B,RANK!$O11) -> 0.77257525 | R11: =IFERROR((SUMIFS(OA_SQL_2!$K:$K,OA_SQL_2!$A:$A,RANK!O11,OA_SQL_2!$B:$B,"AA")/SUMIFS(OA_SQL_2!$J:$J,OA_SQL_2!$A:$A,O11,OA_SQL_2!$B:$B,"AA")),"-") -> 0.79710145 | T11: =RANK(P11,P11:R11,0) -> 2
A12: Los Angeles | B12: =SUMIFS(UA_HUB_SQL_7!$K:$K,UA_HUB_SQL_7!$B:$B,RANK!$A12)/SUMIFS(UA_HUB_SQL_7!$F:$F,UA_HUB_SQL_7!$B:$B,RANK!$A12) -> 0.5862069 | C12: =(SUMIFS(OA_SQL_2!$K:$K,OA_SQL_2!$B:$B,"DL",OA_SQL_2!$A:$A,RANK!$A12)/SUMIFS(OA_SQL_2!$J:$J,OA_SQL_2!$B:$B,"DL",OA_SQL_2!$A:$A,RANK!$A12)) -> 0.60606061 | D12: =(SUMIFS(OA_SQL_2!$K:$K,OA_SQL_2!$B:$B,"AA",OA_SQL_2!$A:$A,RANK!$A12)/SUMIFS(OA_SQL_2!$J:$J,OA_SQL_2!$B:$B,"AA",OA_SQL_2!$A:$A,RANK!$A12)) -> 0.92307692 | F12: =RANK(B12,B12:D12,0) -> 3 | H12: Los Angeles | I12: =SUMIFS(UA_HUB_SQL_7!P:P,UA_HUB_SQL_7!B:B,RANK!H12)/SUMIFS(UA_HUB_SQL_7!M:M,UA_HUB_SQL_7!B:B,RANK!H12) -> #DIV/0! | J12: =1-(IFERROR(SUMIFS(OA_SQL_2!O:O,OA_SQL_2!A:A,RANK!H12,OA_SQL_2!B:B,"DL")/SUMIFS(OA_SQL_2!N:N,OA_SQL_2!A:A,RANK!H12,OA_SQL_2!B:B,"DL"),"-")) -> 0.3030303 | K12: =IFERROR(SUMIFS(OA_SQL_2!$O:$O,OA_SQL_2!$A:$A,RANK!H12,OA_SQL_2!$B:$B,"AA")/SUMIFS(OA_SQL_2!$N:$N,OA_SQL_2!$A:$A,RANK!H12,OA_SQL_2!$B:$B,"AA"),"-") -> 0.87096774 | M12: =RANK(I12,I12:K12,0) -> #DIV/0! | O12: Los Angeles | P12: =SUMIFS(UA_HUB_SQL_7!$W:$W,UA_HUB_SQL_7!$B:$B,RANK!$O12)/SUMIFS(UA_HUB_SQL_7!$R:$R,UA_HUB_SQL_7!$B:$B,RANK!$O12) -> 0.74157303 | Q12: =SUMIFS(OA_SQL_2!$G:$G,OA_SQL_2!$B:$B,"DL",OA_SQL_2!$A:$A,RANK!$O12)/SUMIFS(OA_SQL_2!$F:$F,OA_SQL_2!$B:$B,"DL",OA_SQL_2!$A:$A,RANK!$O12) -> 0.62626263 | R12: =IFERROR((SUMIFS(OA_SQL_2!$K:$K,OA_SQL_2!$A:$A,RANK!O12,OA_SQL_2!$B:$B,"AA")/SUMIFS(OA_SQL_2!$J:$J,OA_SQL_2!$A:$A,O12,OA_SQL_2!$B:$B,"AA")),"-") -> 0.92307692 | T12: =RANK(P12,P12:R12,0) -> 2
A13: Chicago | B13: =SUMIFS(UA_HUB_SQL_7!$K:$K,UA_HUB_SQL_7!$B:$B,RANK!$A13)/SUMIFS(UA_HUB_SQL_7!$F:$F,UA_HUB_SQL_7!$B:$B,RANK!$A13) -> 0.67307692 | C13: ="-" -> - | D13: =(SUMIFS(OA_SQL_2!$K:$K,OA_SQL_2!$B:$B,"AA",OA_SQL_2!$A:$A,RANK!$A13)/SUMIFS(OA_SQL_2!$J:$J,OA_SQL_2!$B:$B,"AA",OA_SQL_2!$A:$A,RANK!$A13)) -> 0.77325581 | F13: =RANK(B13,B13:D13,0) -> 2 | H13: Chicago | I13: =SUMIFS(UA_HUB_SQL_7!P:P,UA_HUB_SQL_7!B:B,RANK!H13)/SUMIFS(UA_HUB_SQL_7!M:M,UA_HUB_SQL_7!B:B,RANK!H13) -> #DIV/0! | K13: =IFERROR(SUMIFS(OA_SQL_2!$O:$O,OA_SQL_2!$A:$A,RANK!H13,OA_SQL_2!$B:$B,"AA")/SUMIFS(OA_SQL_2!$N:$N,OA_SQL_2!$A:$A,RANK!H13,OA_SQL_2!$B:$B,"AA"),"-") -> 0.56696429 | M13: =RANK(I13,I13:K13,0) -> #DIV/0! | O13: Chicago | P13: =SUMIFS(UA_HUB_SQL_7!$W:$W,UA_HUB_SQL_7!$B:$B,RANK!$O13)/SUMIFS(UA_HUB_SQL_7!$R:$R,UA_HUB_SQL_7!$B:$B,RANK!$O13) -> 0.60028249 | R13: =IFERROR((SUMIFS(OA_SQL_2!$K:$K,OA_SQL_2!$A:$A,RANK!O13,OA_SQL_2!$B:$B,"AA")/SUMIFS(OA_SQL_2!$J:$J,OA_SQL_2!$A:$A,O13,OA_SQL_2!$B:$B,"AA")),"-") -> 0.77325581 | T13: =RANK(P13,P13:R13,0) -> 2
A14: San Francisco | B14: =SUMIFS(UA_HUB_SQL_7!$K:$K,UA_HUB_SQL_7!$B:$B,RANK!$A14)/SUMIFS(UA_HUB_SQL_7!$F:$F,UA_HUB_SQL_7!$B:$B,RANK!$A14) -> 0.6440678 | C14: ="-" -> - | D14: ="-" -> - | E14: =SUMIFS(OA_SQL_2!$K:$K,OA_SQL_2!$B:$B,"AS",OA_SQL_2!$A:$A,RANK!$A14)/SUMIFS(OA_SQL_2!$J:$J,OA_SQL_2!$B:$B,"AS",OA_SQL_2!$A:$A,RANK!$A14) -> 0.64 | F14: =RANK(B14,B14:E14,0) -> 1 | H14: San Francisco | I14: =SUMIFS(UA_HUB_SQL_7!P:P,UA_HUB_SQL_7!B:B,RANK!H14)/SUMIFS(UA_HUB_SQL_7!M:M,UA_HUB_SQL_7!B:B,RANK!H14) -> 18.5 | L14: =SUMIFS(OA_SQL_2!O:O,OA_SQL_2!A:A,RANK!H14,OA_SQL_2!B:B,RANK!L7)/SUMIFS(OA_SQL_2!N:N,OA_SQL_2!A:A,RANK!H14,OA_SQL_2!B:B,RANK!L7) -> 0.48484848 | M14: =RANK(I14,I14:L14,0) -> 1 | O14: San Francisco | P14: =SUMIFS(UA_HUB_SQL_7!$W:$W,UA_HUB_SQL_7!$B:$B,RANK!$O14)/SUMIFS(UA_HUB_SQL_7!$R:$R,UA_HUB_SQL_7!$B:$B,RANK!$O14) -> 0.65957447 | S14: =IFERROR(SUMIFS(OA_SQL_2!X:X,OA_SQL_2!N:N,RANK!O14,OA_SQL_2!O:O,RANK!S7)/SUMIFS(OA_SQL_2!W:W,OA_SQL_2!N:N,RANK!O14,OA_SQL_2!O:O,RANK!S7),"-") -> - | T14: =RANK(P14,P14:S14,0) -> 1
