Workbook

Sheet PDF_page
A1: UAX Daily Snapshot for | C1: =TODAY()-1
A3: Reliability Snapshot
A4: Metric | B4: =TODAY()-1 | C4: MTD | D4: Goal | E4: DL Difference | F4: AA Difference | G4: Rank
A5: Completion | B5: 0.9979 | C5: 0.9879 | D5: 0.99 | E5: -1.13 | F5: -1.13 | G5: 3
A6: A:00 | B6: 0.722 | C6: 0.722 | D6: 0.9 | E6: -1.13 | F6: -0.24 | G6: 1
A7: D:00 | B7: 0.81 | C7: 0.722 | D7: 0.8 | E7: -6.4 | F7: 4.4 | G7: 2
A8: CS D:00 | B8: 0.81 | C8: 0.722 | D8: 0.8
A9: STAR D:00 | B9: 0.844 | C9: 0.844 | D9: 0.9
A10: Controllable Completion | B10: 0.9904 | C10: 0.9904 | D10: 0.99
A15: Cancel Detail
A16: Express Partner | B16: Scheduled | C16: Weather & | D16: Technical | E16: Flight | F16: Inflight | G16: Airport | H16: Network | I16: IT | J16: Catering Operations | K16: Total Cancels | L16: ES covered for this partner | M16: Total | N16: ES covered by this partner
B17: Departures | C17: ATC | D17: Operations | E17: Operations | F17: Services | G17: Operations | H17: Operations
A18: EV - ExpressJet | B18: 426 | E18: 19 | K18: 19 | L18: OO 2, AX 1 | M18: 3 | N18: 4
A19: OO - SkyWest | B19: 923 | C19: 7 | D19: 3 | E19: 1 | K19: 11 | L19: ZW 2 | M19: 2
A20: AX - Trans States | B20: 205 | K20: -
A21: YX - Republic | B21: 315 | C21: 5 | E21: 1 | H21: 3 | K21: 9 | L21: ZW 1 | M21: 1
A22: G7 - Go Jet | B22: 90 | K22: - | L22: OO 2, AX 5
A23: C5 - CommutAir | B23: 171 | K23: -
A24: YV - Mesa | B24: 383 | D24: 4 | K24: 4
A25: ZW - Air Wisconsin | B25: 292 | H25: 4 | K25: 4 | L25: OO 2, C5 1 | M25: 3 | N25: 2
A26: Total: | B26: 2805 | C26: =SUM(C18:C25) | D26: 7 | E26: 21 | H26: 7 | K26: =SUM(K18:K25) | M26: =SUM(M18:M25) | N26: =SUM(N18:N25)
A30: Residual Cancel Detail
A31: Express Partner | B31: Scheduled | C31: Weather & | D31: Technical | E31: Flight | F31: Inflight | G31: Airport | H31: Network | I31: IT | J31: Catering Operations | K31: Total Cancels | L31: ES covered for this partner | M31: Total | N31: ES covered by this partner
B32: Departures | C32: ATC | D32: Operations | E32: Operations | F32: Services | G32: Operations | H32: Operations
A33: EV - ExpressJet | B33: 426 | E33: 2 | K33: 2
A34: OO - SkyWest | B34: 923 | C34: 1 | E34: 1 | K34: 2 | N34: 3
A35: AX - Trans States | B35: 205 | K35: -
A36: YX - Republic | B36: 315 | F36: 1 | K36: 1
A37: G7 - Go Jet | B37: 90 | K37: - | L37: OO 2, AX 5 | M37: 7
A38: C5 - CommutAir | B38: 171 | K38: -
A39: YV - Mesa | B39: 383 | D39: 3 | K39: 3
A40: ZW - Air Wisconsin | B40: 292 | K40: - | L40: OO 2, AX 1 | M40: 3 | N40: 2
A41: Total: | B41: 2805 | C41: 1 | D41: 3 | E41: 3 | K41: =SUM(K33:K40) | M41: =SUM(M33:M40) | N41: =SUM(N33:N40)

Sheet HTML_NAME
A1: HTML_PAGES
A2: PAGE_1

Sheet PAGE_1 (2)
B2: UAX Daily Snapshot for | D2: =TODAY()-1
B4: Reliability Snapshot | J4: Reliability Snapshot - Hubs
B5: Metric | C5: =TODAY()-1 | D5: MTD | E5: Goal | F5: DL Diff. | G5: AA Diff. | H5: Rank | I5: =MONTH(TODAY()-1) | J5: Hub | K5: D:00 | L5: CS D:00 | M5: DL Diff. | N5: AA Diff. | O5: Rank | P5: Completion | Q5: DL Diff. | R5: AA Diff. | S5: Rank
B6: Completion | C6: =UA_SQL_1!N2/UA_SQL_1!M2 | D6: =UA_SQL_1!F2/UA_SQL_1!E2 | E6: =SUMIF(EX_Goals!$B:$B,'PAGE_1 (2)'!$I$5,EX_Goals!$E:$E) | F6: =((UA_SQL_1!$N$2/UA_SQL_1!$M$2)-(SUMIF(OA_SQL_1!$A$1:$A$3,"DL",OA_SQL_1!$K$1:$K$3)/SUMIF(OA_SQL_1!$A$1:$A$3,"DL",OA_SQL_1!$I$1:$I$3)))*100 | G6: =((UA_SQL_1!$N$2/UA_SQL_1!$M$2)-(SUMIF(OA_SQL_1!$A$1:$A$3,"AA",OA_SQL_1!$K$1:$K$3)/SUMIF(OA_SQL_1!$A$1:$A$3,"AA",OA_SQL_1!$I$1:$I$3)))*100 | H6: =RANK!F2 | J6: DEN
B7: A:00 | C7: =UA_SQL_1!Q2/UA_SQL_1!M2 | D7: =UA_SQL_1!I2/UA_SQL_1!E2 | E7: =SUMIF(EX_Goals!$B:$B,'PAGE_1 (2)'!$I$5,EX_Goals!$D:$D) | F7: =((UA_SQL_1!$Q$2/UA_SQL_1!$M$2)-(SUMIF(OA_SQL_1!$A$1:$A$3,"DL",OA_SQL_1!$L$1:$L$3)/SUMIF(OA_SQL_1!$A$1:$A$3,"DL",OA_SQL_1!$I$1:$I$3)))*100 | G7: =((UA_SQL_1!$Q$2/UA_SQL_1!$M$2)-(SUMIF(OA_SQL_1!$A$1:$A$3,"AA",OA_SQL_1!$L$1:$L$3)/SUMIF(OA_SQL_1!$A$1:$A$3,"AA",OA_SQL_1!$I$1:$I$3)))*100 | H7: =RANK!F3 | J7: EWR
B8: CS D:00 | C8: =UA_SQL_1!P2/UA_SQL_1!M2 | D8: =UA_SQL_1!H2/UA_SQL_1!E2 | E8: =SUMIF(EX_Goals!$B:$B,'PAGE_1 (2)'!$I$5,EX_Goals!$C:$C) | F8: =((UA_SQL_1!$P$2/UA_SQL_1!$M$2)-(SUMIF(OA_SQL_1!$A$1:$A$3,"DL",OA_SQL_1!$J$1:$J$3)/SUMIF(OA_SQL_1!$A$1:$A$3,"DL",OA_SQL_1!$I$1:$I$3)))*100 | G8: =((UA_SQL_1!$P$2/UA_SQL_1!$M$2)-(SUMIF(OA_SQL_1!$A$1:$A$3,"AA",OA_SQL_1!$J$1:$J$3)/SUMIF(OA_SQL_1!$A$1:$A$3,"AA",OA_SQL_1!$I$1:$I$3)))*100 | H8: =RANK!F4 | J8: IAD
B9: D:00 | C9: =UA_SQL_1!O2/UA_SQL_1!M2 | D9: =UA_SQL_1!G2/UA_SQL_1!E2 | E9: =SUMIF(EX_Goals!$B:$B,'PAGE_1 (2)'!$I$5,EX_Goals!$C:$C) | J9: IAH
B10: STAR D:00 | C10: =UA_SQL_1!S2/UA_SQL_1!R2 | D10: =UA_SQL_1!K2/UA_SQL_1!J2 | E10: =SUMIF(EX_Goals!$B:$B,'PAGE_1 (2)'!$I$5,EX_Goals!$F:$F) | J10: LAX
B11: Controllable Completion | C11: =(UA_SQL_1!M2-UA_SQL_1!T2)/UA_SQL_1!M2 | D11: =(UA_SQL_1!E2-UA_SQL_1!L2)/UA_SQL_1!E2 | E11: =SUMIF(EX_Goals!$B:$B,'PAGE_1 (2)'!$I$5,EX_Goals!$G:$G) | J11: ORD
B12: Total diverts | C12: =SUMIFS(TOTAL_DIVERTS_SQL_5!$B:$B,TOTAL_DIVERTS_SQL_5!A:A,"YEST") | D12: =SUMIFS(TOTAL_DIVERTS_SQL_5!$B:$B,TOTAL_DIVERTS_SQL_5!A:A,"MTD") | J12: SFO
B13: Diverts recovered | C13: =SUMIF(DIVERTS_RECOVERED_SQL_6!$A:$A,"YEST",DIVERTS_RECOVERED_SQL_6!$C:$C) | D13: =SUMIF(DIVERTS_RECOVERED_SQL_6!$A:$A,"MTD",DIVERTS_RECOVERED_SQL_6!$C:$C) | J13: Line
B19: Cancel Detail
B20: Express Partner | C20: Scheduled Departures | D20: Weather & ATC | E20: Technical Operations | F20: Flight Operations | G20: Inflight Services | H20: Airport Operations | I20: Network Operations | J20: IT | K20: Catering Operations | L20: Other | M20: Total Cancels | N20: ES covered for this partner | O20: Net Cancel | P20: ES covered by this partner
B21: EV - ExpressJet | C21: =SUMIF(SCH_DEP_SQL_4!$A:$A,'PAGE_1 (2)'!R21,SCH_DEP_SQL_4!$E:$E) | D21: =IF(SUMIFS(CNXL_SQL_2!$F:$F,CNXL_SQL_2!$A:$A,'PAGE_1 (2)'!$R21,CNXL_SQL_2!$D:$D,'PAGE_1 (2)'!$S$21)=0,"",SUMIFS(CNXL_SQL_2!$F:$F,CNXL_SQL_2!$A:$A,'PAGE_1 (2)'!$R21,CNXL_SQL_2!$D:$D,'PAGE_1 (2)'!$S$21)) | E21: =IF(SUMIFS(CNXL_SQL_2!$F:$F,CNXL_SQL_2!$A:$A,'PAGE_1 (2)'!$R21,CNXL_SQL_2!$D:$D,'PAGE_1 (2)'!$S$22)=0,"",SUMIFS(CNXL_SQL_2!$F:$F,CNXL_SQL_2!$A:$A,'PAGE_1 (2)'!$R21,CNXL_SQL_2!$D:$D,'PAGE_1 (2)'!$S$22)) | F21: =IF(SUMIFS(CNXL_SQL_2!$F:$F,CNXL_SQL_2!$A:$A,'PAGE_1 (2)'!$R21,CNXL_SQL_2!$D:$D,'PAGE_1 (2)'!$S$23)=0,"",SUMIFS(CNXL_SQL_2!$F:$F,CNXL_SQL_2!$A:$A,'PAGE_1 (2)'!$R21,CNXL_SQL_2!$D:$D,'PAGE_1 (2)'!$S$23)) | G21: =IF(SUMIFS(CNXL_SQL_2!$F:$F,CNXL_SQL_2!$A:$A,'PAGE_1 (2)'!$R21,CNXL_SQL_2!$D:$D,'PAGE_1 (2)'!$S$24)=0,"",SUMIFS(CNXL_SQL_2!$F:$F,CNXL_SQL_2!$A:$A,'PAGE_1 (2)'!$R21,CNXL_SQL_2!$D:$D,'PAGE_1 (2)'!$S$24)) | H21: =IF(SUMIFS(CNXL_SQL_2!$F:$F,CNXL_SQL_2!$A:$A,'PAGE_1 (2)'!$R21,CNXL_SQL_2!$D:$D,'PAGE_1 (2)'!$S$25)=0,"",SUMIFS(CNXL_SQL_2!$F:$F,CNXL_SQL_2!$A:$A,'PAGE_1 (2)'!$R21,CNXL_SQL_2!$D:$D,'PAGE_1 (2)'!$S$25)) | I21: =IF(SUMIFS(CNXL_SQL_2!$F:$F,CNXL_SQL_2!$A:$A,'PAGE_1 (2)'!$R21,CNXL_SQL_2!$D:$D,'PAGE_1 (2)'!$S$26)=0,"",SUMIFS(CNXL_SQL_2!$F:$F,CNXL_SQL_2!$A:$A,'PAGE_1 (2)'!$R21,CNXL_SQL_2!$D:$D,'PAGE_1 (2)'!$S$26)) | J21: =IF(SUMIFS(CNXL_SQL_2!$F:$F,CNXL_SQL_2!$A:$A,'PAGE_1 (2)'!$R21,CNXL_SQL_2!$D:$D,'PAGE_1 (2)'!$S$27)=0,"",SUMIFS(CNXL_SQL_2!$F:$F,CNXL_SQL_2!$A:$A,'PAGE_1 (2)'!$R21,CNXL_SQL_2!$D:$D,'PAGE_1 (2)'!$S$27)) | K21: =IF(SUMIFS(CNXL_SQL_2!$F:$F,CNXL_SQL_2!$A:$A,'PAGE_1 (2)'!$R21,CNXL_SQL_2!$D:$D,'PAGE_1 (2)'!$S$28)=0,"",SUMIFS(CNXL_SQL_2!$F:$F,CNXL_SQL_2!$A:$A,'PAGE_1 (2)'!$R21,CNXL_SQL_2!$D:$D,'PAGE_1 (2)'!$S$28)) | L21: =IF(SUMIFS(CNXL_SQL_2!$F:$F,CNXL_SQL_2!$A:$A,'PAGE_1 (2)'!$R21,CNXL_SQL_2!$D:$D,'PAGE_1 (2)'!$S$29)=0,"",SUMIFS(CNXL_SQL_2!$F:$F,CNXL_SQL_2!$A:$A,'PAGE_1 (2)'!$R21,CNXL_SQL_2!$D:$D,'PAGE_1 (2)'!$S$29)) | M21: =IF(SUM(D21:L21)=0,"",SUM(D21:L21)) | N21: =ES_MATRIX!K3 | O21: =IFERROR(M21-ES_MATRIX!L3,"") | P21: =IF(SUMIF(CNXL_SQL_2!$E:$E,'PAGE_1 (2)'!R21,CNXL_SQL_2!$F:$F)=0,"",SUMIF(CNXL_SQL_2!$E:$E,'PAGE_1 (2)'!R21,CNXL_SQL_2!$F:$F)) | R21: EV | S21: WEATHER/ATC
B22: OO - SkyWest | C22: =SUMIF(SCH_DEP_SQL_4!$A:$A,'PAGE_1 (2)'!R22,SCH_DEP_SQL_4!$E:$E) | D22: =IF(SUMIFS(CNXL_SQL_2!$F:$F,CNXL_SQL_2!$A:$A,'PAGE_1 (2)'!$R22,CNXL_SQL_2!$D:$D,'PAGE_1 (2)'!$S$21)=0,"",SUMIFS(CNXL_SQL_2!$F:$F,CNXL_SQL_2!$A:$A,'PAGE_1 (2)'!$R22,CNXL_SQL_2!$D:$D,'PAGE_1 (2)'!$S$21)) | E22: =IF(SUMIFS(CNXL_SQL_2!$F:$F,CNXL_SQL_2!$A:$A,'PAGE_1 (2)'!$R22,CNXL_SQL_2!$D:$D,'PAGE_1 (2)'!$S$22)=0,"",SUMIFS(CNXL_SQL_2!$F:$F,CNXL_SQL_2!$A:$A,'PAGE_1 (2)'!$R22,CNXL_SQL_2!$D:$D,'PAGE_1 (2)'!$S$22)) | F22: =IF(SUMIFS(CNXL_SQL_2!$F:$F,CNXL_SQL_2!$A:$A,'PAGE_1 (2)'!$R22,CNXL_SQL_2!$D:$D,'PAGE_1 (2)'!$S$23)=0,"",SUMIFS(CNXL_SQL_2!$F:$F,CNXL_SQL_2!$A:$A,'PAGE_1 (2)'!$R22,CNXL_SQL_2!$D:$D,'PAGE_1 (2)'!$S$23)) | G22: =IF(SUMIFS(CNXL_SQL_2!$F:$F,CNXL_SQL_2!$A:$A,'PAGE_1 (2)'!$R22,CNXL_SQL_2!$D:$D,'PAGE_1 (2)'!$S$24)=0,"",SUMIFS(CNXL_SQL_2!$F:$F,CNXL_SQL_2!$A:$A,'PAGE_1 (2)'!$R22,CNXL_SQL_2!$D:$D,'PAGE_1 (2)'!$S$24)) | H22: =IF(SUMIFS(CNXL_SQL_2!$F:$F,CNXL_SQL_2!$A:$A,'PAGE_1 (2)'!$R22,CNXL_SQL_2!$D:$D,'PAGE_1 (2)'!$S$25)=0,"",SUMIFS(CNXL_SQL_2!$F:$F,CNXL_SQL_2!$A:$A,'PAGE_1 (2)'!$R22,CNXL_SQL_2!$D:$D,'PAGE_1 (2)'!$S$25)) | I22: =IF(SUMIFS(CNXL_SQL_2!$F:$F,CNXL_SQL_2!$A:$A,'PAGE_1 (2)'!$R22,CNXL_SQL_2!$D:$D,'PAGE_1 (2)'!$S$26)=0,"",SUMIFS(CNXL_SQL_2!$F:$F,CNXL_SQL_2!$A:$A,'PAGE_1 (2)'!$R22,CNXL_SQL_2!$D:$D,'PAGE_1 (2)'!$S$26)) | J22: =IF(SUMIFS(CNXL_SQL_2!$F:$F,CNXL_SQL_2!$A:$A,'PAGE_1 (2)'!$R22,CNXL_SQL_2!$D:$D,'PAGE_1 (2)'!$S$27)=0,"",SUMIFS(CNXL_SQL_2!$F:$F,CNXL_SQL_2!$A:$A,'PAGE_1 (2)'!$R22,CNXL_SQL_2!$D:$D,'PAGE_1 (2)'!$S$27)) | K22: =IF(SUMIFS(CNXL_SQL_2!$F:$F,CNXL_SQL_2!$A:$A,'PAGE_1 (2)'!$R22,CNXL_SQL_2!$D:$D,'PAGE_1 (2)'!$S$28)=0,"",SUMIFS(CNXL_SQL_2!$F:$F,CNXL_SQL_2!$A:$A,'PAGE_1 (2)'!$R22,CNXL_SQL_2!$D:$D,'PAGE_1 (2)'!$S$28)) | L22: =IF(SUMIFS(CNXL_SQL_2!$F:$F,CNXL_SQL_2!$A:$A,'PAGE_1 (2)'!$R22,CNXL_SQL_2!$D:$D,'PAGE_1 (2)'!$S$29)=0,"",SUMIFS(CNXL_SQL_2!$F:$F,CNXL_SQL_2!$A:$A,'PAGE_1 (2)'!$R22,CNXL_SQL_2!$D:$D,'PAGE_1 (2)'!$S$29)) | M22: =IF(SUM(D22:L22)=0,"",SUM(D22:L22)) | N22: =ES_MATRIX!K4 | O22: =IFERROR(M22-ES_MATRIX!L4,"") | P22: =IF(SUMIF(CNXL_SQL_2!$E:$E,'PAGE_1 (2)'!R22,CNXL_SQL_2!$F:$F)=0,"",SUMIF(CNXL_SQL_2!$E:$E,'PAGE_1 (2)'!R22,CNXL_SQL_2!$F:$F)) | R22: OO | S22: TECHNICAL OPERATIONS-AIRCRAFT
B23: AX - Trans States | C23: =SUMIF(SCH_DEP_SQL_4!$A:$A,'PAGE_1 (2)'!R23,SCH_DEP_SQL_4!$E:$E) | D23: =IF(SUMIFS(CNXL_SQL_2!$F:$F,CNXL_SQL_2!$A:$A,'PAGE_1 (2)'!$R23,CNXL_SQL_2!$D:$D,'PAGE_1 (2)'!$S$21)=0,"",SUMIFS(CNXL_SQL_2!$F:$F,CNXL_SQL_2!$A:$A,'PAGE_1 (2)'!$R23,CNXL_SQL_2!$D:$D,'PAGE_1 (2)'!$S$21)) | E23: =IF(SUMIFS(CNXL_SQL_2!$F:$F,CNXL_SQL_2!$A:$A,'PAGE_1 (2)'!$R23,CNXL_SQL_2!$D:$D,'PAGE_1 (2)'!$S$22)=0,"",SUMIFS(CNXL_SQL_2!$F:$F,CNXL_SQL_2!$A:$A,'PAGE_1 (2)'!$R23,CNXL_SQL_2!$D:$D,'PAGE_1 (2)'!$S$22)) | F23: =IF(SUMIFS(CNXL_SQL_2!$F:$F,CNXL_SQL_2!$A:$A,'PAGE_1 (2)'!$R23,CNXL_SQL_2!$D:$D,'PAGE_1 (2)'!$S$23)=0,"",SUMIFS(CNXL_SQL_2!$F:$F,CNXL_SQL_2!$A:$A,'PAGE_1 (2)'!$R23,CNXL_SQL_2!$D:$D,'PAGE_1 (2)'!$S$23)) | G23: =IF(SUMIFS(CNXL_SQL_2!$F:$F,CNXL_SQL_2!$A:$A,'PAGE_1 (2)'!$R23,CNXL_SQL_2!$D:$D,'PAGE_1 (2)'!$S$24)=0,"",SUMIFS(CNXL_SQL_2!$F:$F,CNXL_SQL_2!$A:$A,'PAGE_1 (2)'!$R23,CNXL_SQL_2!$D:$D,'PAGE_1 (2)'!$S$24)) | H23: =IF(SUMIFS(CNXL_SQL_2!$F:$F,CNXL_SQL_2!$A:$A,'PAGE_1 (2)'!$R23,CNXL_SQL_2!$D:$D,'PAGE_1 (2)'!$S$25)=0,"",SUMIFS(CNXL_SQL_2!$F:$F,CNXL_SQL_2!$A:$A,'PAGE_1 (2)'!$R23,CNXL_SQL_2!$D:$D,'PAGE_1 (2)'!$S$25)) | I23: =IF(SUMIFS(CNXL_SQL_2!$F:$F,CNXL_SQL_2!$A:$A,'PAGE_1 (2)'!$R23,CNXL_SQL_2!$D:$D,'PAGE_1 (2)'!$S$26)=0,"",SUMIFS(CNXL_SQL_2!$F:$F,CNXL_SQL_2!$A:$A,'PAGE_1 (2)'!$R23,CNXL_SQL_2!$D:$D,'PAGE_1 (2)'!$S$26)) | J23: =IF(SUMIFS(CNXL_SQL_2!$F:$F,CNXL_SQL_2!$A:$A,'PAGE_1 (2)'!$R23,CNXL_SQL_2!$D:$D,'PAGE_1 (2)'!$S$27)=0,"",SUMIFS(CNXL_SQL_2!$F:$F,CNXL_SQL_2!$A:$A,'PAGE_1 (2)'!$R23,CNXL_SQL_2!$D:$D,'PAGE_1 (2)'!$S$27)) | K23: =IF(SUMIFS(CNXL_SQL_2!$F:$F,CNXL_SQL_2!$A:$A,'PAGE_1 (2)'!$R23,CNXL_SQL_2!$D:$D,'PAGE_1 (2)'!$S$28)=0,"",SUMIFS(CNXL_SQL_2!$F:$F,CNXL_SQL_2!$A:$A,'PAGE_1 (2)'!$R23,CNXL_SQL_2!$D:$D,'PAGE_1 (2)'!$S$28)) | L23: =IF(SUMIFS(CNXL_SQL_2!$F:$F,CNXL_SQL_2!$A:$A,'PAGE_1 (2)'!$R23,CNXL_SQL_2!$D:$D,'PAGE_1 (2)'!$S$29)=0,"",SUMIFS(CNXL_SQL_2!$F:$F,CNXL_SQL_2!$A:$A,'PAGE_1 (2)'!$R23,CNXL_SQL_2!$D:$D,'PAGE_1 (2)'!$S$29)) | M23: =IF(SUM(D23:L23)=0,"",SUM(D23:L23)) | N23: =ES_MATRIX!K5 | O23: =IFERROR(M23-ES_MATRIX!L5,"") | P23: =IF(SUMIF(CNXL_SQL_2!$E:$E,'PAGE_1 (2)'!R23,CNXL_SQL_2!$F:$F)=0,"",SUMIF(CNXL_SQL_2!$E:$E,'PAGE_1 (2)'!R23,CNXL_SQL_2!$F:$F)) | R23: AX | S23: FLIGHT OPERATIONS
B24: YX - Republic | C24: =SUMIF(SCH_DEP_SQL_4!$A:$A,'PAGE_1 (2)'!R24,SCH_DEP_SQL_4!$E:$E) | D24: =IF(SUMIFS(CNXL_SQL_2!$F:$F,CNXL_SQL_2!$A:$A,'PAGE_1 (2)'!$R24,CNXL_SQL_2!$D:$D,'PAGE_1 (2)'!$S$21)=0,"",SUMIFS(CNXL_SQL_2!$F:$F,CNXL_SQL_2!$A:$A,'PAGE_1 (2)'!$R24,CNXL_SQL_2!$D:$D,'PAGE_1 (2)'!$S$21)) | E24: =IF(SUMIFS(CNXL_SQL_2!$F:$F,CNXL_SQL_2!$A:$A,'PAGE_1 (2)'!$R24,CNXL_SQL_2!$D:$D,'PAGE_1 (2)'!$S$22)=0,"",SUMIFS(CNXL_SQL_2!$F:$F,CNXL_SQL_2!$A:$A,'PAGE_1 (2)'!$R24,CNXL_SQL_2!$D:$D,'PAGE_1 (2)'!$S$22)) | F24: =IF(SUMIFS(CNXL_SQL_2!$F:$F,CNXL_SQL_2!$A:$A,'PAGE_1 (2)'!$R24,CNXL_SQL_2!$D:$D,'PAGE_1 (2)'!$S$23)=0,"",SUMIFS(CNXL_SQL_2!$F:$F,CNXL_SQL_2!$A:$A,'PAGE_1 (2)'!$R24,CNXL_SQL_2!$D:$D,'PAGE_1 (2)'!$S$23)) | G24: =IF(SUMIFS(CNXL_SQL_2!$F:$F,CNXL_SQL_2!$A:$A,'PAGE_1 (2)'!$R24,CNXL_SQL_2!$D:$D,'PAGE_1 (2)'!$S$24)=0,"",SUMIFS(CNXL_SQL_2!$F:$F,CNXL_SQL_2!$A:$A,'PAGE_1 (2)'!$R24,CNXL_SQL_2!$D:$D,'PAGE_1 (2)'!$S$24)) | H24: =IF(SUMIFS(CNXL_SQL_2!$F:$F,CNXL_SQL_2!$A:$A,'PAGE_1 (2)'!$R24,CNXL_SQL_2!$D:$D,'PAGE_1 (2)'!$S$25)=0,"",SUMIFS(CNXL_SQL_2!$F:$F,CNXL_SQL_2!$A:$A,'PAGE_1 (2)'!$R24,CNXL_SQL_2!$D:$D,'PAGE_1 (2)'!$S$25)) | I24: =IF(SUMIFS(CNXL_SQL_2!$F:$F,CNXL_SQL_2!$A:$A,'PAGE_1 (2)'!$R24,CNXL_SQL_2!$D:$D,'PAGE_1 (2)'!$S$26)=0,"",SUMIFS(CNXL_SQL_2!$F:$F,CNXL_SQL_2!$A:$A,'PAGE_1 (2)'!$R24,CNXL_SQL_2!$D:$D,'PAGE_1 (2)'!$S$26)) | J24: =IF(SUMIFS(CNXL_SQL_2!$F:$F,CNXL_SQL_2!$A:$A,'PAGE_1 (2)'!$R24,CNXL_SQL_2!$D:$D,'PAGE_1 (2)'!$S$27)=0,"",SUMIFS(CNXL_SQL_2!$F:$F,CNXL_SQL_2!$A:$A,'PAGE_1 (2)'!$R24,CNXL_SQL_2!$D:$D,'PAGE_1 (2)'!$S$27)) | K24: =IF(SUMIFS(CNXL_SQL_2!$F:$F,CNXL_SQL_2!$A:$A,'PAGE_1 (2)'!$R24,CNXL_SQL_2!$D:$D,'PAGE_1 (2)'!$S$28)=0,"",SUMIFS(CNXL_SQL_2!$F:$F,CNXL_SQL_2!$A:$A,'PAGE_1 (2)'!$R24,CNXL_SQL_2!$D:$D,'PAGE_1 (2)'!$S$28)) | L24: =IF(SUMIFS(CNXL_SQL_2!$F:$F,CNXL_SQL_2!$A:$A,'PAGE_1 (2)'!$R24,CNXL_SQL_2!$D:$D,'PAGE_1 (2)'!$S$29)=0,"",SUMIFS(CNXL_SQL_2!$F:$F,CNXL_SQL_2!$A:$A,'PAGE_1 (2)'!$R24,CNXL_SQL_2!$D:$D,'PAGE_1 (2)'!$S$29)) | M24: =IF(SUM(D24:L24)=0,"",SUM(D24:L24)) | N24: =ES_MATRIX!K6 | O24: =IFERROR(M24-ES_MATRIX!L6,"") | P24: =IF(SUMIF(CNXL_SQL_2!$E:$E,'PAGE_1 (2)'!R24,CNXL_SQL_2!$F:$F)=0,"",SUMIF(CNXL_SQL_2!$E:$E,'PAGE_1 (2)'!R24,CNXL_SQL_2!$F:$F)) | R24: YX | S24: INFLIGHT SERVICES
B25: G7 - Go Jet | C25: =SUMIF(SCH_DEP_SQL_4!$A:$A,'PAGE_1 (2)'!R25,SCH_DEP_SQL_4!$E:$E) | D25: =IF(SUMIFS(CNXL_SQL_2!$F:$F,CNXL_SQL_2!$A:$A,'PAGE_1 (2)'!$R25,CNXL_SQL_2!$D:$D,'PAGE_1 (2)'!$S$21)=0,"",SUMIFS(CNXL_SQL_2!$F:$F,CNXL_SQL_2!$A:$A,'PAGE_1 (2)'!$R25,CNXL_SQL_2!$D:$D,'PAGE_1 (2)'!$S$21)) | E25: =IF(SUMIFS(CNXL_SQL_2!$F:$F,CNXL_SQL_2!$A:$A,'PAGE_1 (2)'!$R25,CNXL_SQL_2!$D:$D,'PAGE_1 (2)'!$S$22)=0,"",SUMIFS(CNXL_SQL_2!$F:$F,CNXL_SQL_2!$A:$A,'PAGE_1 (2)'!$R25,CNXL_SQL_2!$D:$D,'PAGE_1 (2)'!$S$22)) | F25: =IF(SUMIFS(CNXL_SQL_2!$F:$F,CNXL_SQL_2!$A:$A,'PAGE_1 (2)'!$R25,CNXL_SQL_2!$D:$D,'PAGE_1 (2)'!$S$23)=0,"",SUMIFS(CNXL_SQL_2!$F:$F,CNXL_SQL_2!$A:$A,'PAGE_1 (2)'!$R25,CNXL_SQL_2!$D:$D,'PAGE_1 (2)'!$S$23)) | G25: =IF(SUMIFS(CNXL_SQL_2!$F:$F,CNXL_SQL_2!$A:$A,'PAGE_1 (2)'!$R25,CNXL_SQL_2!$D:$D,'PAGE_1 (2)'!$S$24)=0,"",SUMIFS(CNXL_SQL_2!$F:$F,CNXL_SQL_2!$A:$A,'PAGE_1 (2)'!$R25,CNXL_SQL_2!$D:$D,'PAGE_1 (2)'!$S$24)) | H25: =IF(SUMIFS(CNXL_SQL_2!$F:$F,CNXL_SQL_2!$A:$A,'PAGE_1 (2)'!$R25,CNXL_SQL_2!$D:$D,'PAGE_1 (2)'!$S$25)=0,"",SUMIFS(CNXL_SQL_2!$F:$F,CNXL_SQL_2!$A:$A,'PAGE_1 (2)'!$R25,CNXL_SQL_2!$D:$D,'PAGE_1 (2)'!$S$25)) | I25: =IF(SUMIFS(CNXL_SQL_2!$F:$F,CNXL_SQL_2!$A:$A,'PAGE_1 (2)'!$R25,CNXL_SQL_2!$D:$D,'PAGE_1 (2)'!$S$26)=0,"",SUMIFS(CNXL_SQL_2!$F:$F,CNXL_SQL_2!$A:$A,'PAGE_1 (2)'!$R25,CNXL_SQL_2!$D:$D,'PAGE_1 (2)'!$S$26)) | J25: =IF(SUMIFS(CNXL_SQL_2!$F:$F,CNXL_SQL_2!$A:$A,'PAGE_1 (2)'!$R25,CNXL_SQL_2!$D:$D,'PAGE_1 (2)'!$S$27)=0,"",SUMIFS(CNXL_SQL_2!$F:$F,CNXL_SQL_2!$A:$A,'PAGE_1 (2)'!$R25,CNXL_SQL_2!$D:$D,'PAGE_1 (2)'!$S$27)) | K25: =IF(SUMIFS(CNXL_SQL_2!$F:$F,CNXL_SQL_2!$A:$A,'PAGE_1 (2)'!$R25,CNXL_SQL_2!$D:$D,'PAGE_1 (2)'!$S$28)=0,"",SUMIFS(CNXL_SQL_2!$F:$F,CNXL_SQL_2!$A:$A,'PAGE_1 (2)'!$R25,CNXL_SQL_2!$D:$D,'PAGE_1 (2)'!$S$28)) | L25: =IF(SUMIFS(CNXL_SQL_2!$F:$F,CNXL_SQL_2!$A:$A,'PAGE_1 (2)'!$R25,CNXL_SQL_2!$D:$D,'PAGE_1 (2)'!$S$29)=0,"",SUMIFS(CNXL_SQL_2!$F:$F,CNXL_SQL_2!$A:$A,'PAGE_1 (2)'!$R25,CNXL_SQL_2!$D:$D,'PAGE_1 (2)'!$S$29)) | M25: =IF(SUM(D25:L25)=0,"",SUM(D25:L25)) | N25: =ES_MATRIX!K7 | O25: =IFERROR(M25-ES_MATRIX!L7,"") | P25: =IF(SUMIF(CNXL_SQL_2!$E:$E,'PAGE_1 (2)'!R25,CNXL_SQL_2!$F:$F)=0,"",SUMIF(CNXL_SQL_2!$E:$E,'PAGE_1 (2)'!R25,CNXL_SQL_2!$F:$F)) | R25: G7 | S25: AIRPORT OPERATIONS
B26: C5 - CommutAir | C26: =SUMIF(SCH_DEP_SQL_4!$A:$A,'PAGE_1 (2)'!R26,SCH_DEP_SQL_4!$E:$E) | D26: =IF(SUMIFS(CNXL_SQL_2!$F:$F,CNXL_SQL_2!$A:$A,'PAGE_1 (2)'!$R26,CNXL_SQL_2!$D:$D,'PAGE_1 (2)'!$S$21)=0,"",SUMIFS(CNXL_SQL_2!$F:$F,CNXL_SQL_2!$A:$A,'PAGE_1 (2)'!$R26,CNXL_SQL_2!$D:$D,'PAGE_1 (2)'!$S$21)) | E26: =IF(SUMIFS(CNXL_SQL_2!$F:$F,CNXL_SQL_2!$A:$A,'PAGE_1 (2)'!$R26,CNXL_SQL_2!$D:$D,'PAGE_1 (2)'!$S$22)=0,"",SUMIFS(CNXL_SQL_2!$F:$F,CNXL_SQL_2!$A:$A,'PAGE_1 (2)'!$R26,CNXL_SQL_2!$D:$D,'PAGE_1 (2)'!$S$22)) | F26: =IF(SUMIFS(CNXL_SQL_2!$F:$F,CNXL_SQL_2!$A:$A,'PAGE_1 (2)'!$R26,CNXL_SQL_2!$D:$D,'PAGE_1 (2)'!$S$23)=0,"",SUMIFS(CNXL_SQL_2!$F:$F,CNXL_SQL_2!$A:$A,'PAGE_1 (2)'!$R26,CNXL_SQL_2!$D:$D,'PAGE_1 (2)'!$S$23)) | G26: =IF(SUMIFS(CNXL_SQL_2!$F:$F,CNXL_SQL_2!$A:$A,'PAGE_1 (2)'!$R26,CNXL_SQL_2!$D:$D,'PAGE_1 (2)'!$S$24)=0,"",SUMIFS(CNXL_SQL_2!$F:$F,CNXL_SQL_2!$A:$A,'PAGE_1 (2)'!$R26,CNXL_SQL_2!$D:$D,'PAGE_1 (2)'!$S$24)) | H26: =IF(SUMIFS(CNXL_SQL_2!$F:$F,CNXL_SQL_2!$A:$A,'PAGE_1 (2)'!$R26,CNXL_SQL_2!$D:$D,'PAGE_1 (2)'!$S$25)=0,"",SUMIFS(CNXL_SQL_2!$F:$F,CNXL_SQL_2!$A:$A,'PAGE_1 (2)'!$R26,CNXL_SQL_2!$D:$D,'PAGE_1 (2)'!$S$25)) | I26: =IF(SUMIFS(CNXL_SQL_2!$F:$F,CNXL_SQL_2!$A:$A,'PAGE_1 (2)'!$R26,CNXL_SQL_2!$D:$D,'PAGE_1 (2)'!$S$26)=0,"",SUMIFS(CNXL_SQL_2!$F:$F,CNXL_SQL_2!$A:$A,'PAGE_1 (2)'!$R26,CNXL_SQL_2!$D:$D,'PAGE_1 (2)'!$S$26)) | J26: =IF(SUMIFS(CNXL_SQL_2!$F:$F,CNXL_SQL_2!$A:$A,'PAGE_1 (2)'!$R26,CNXL_SQL_2!$D:$D,'PAGE_1 (2)'!$S$27)=0,"",SUMIFS(CNXL_SQL_2!$F:$F,CNXL_SQL_2!$A:$A,'PAGE_1 (2)'!$R26,CNXL_SQL_2!$D:$D,'PAGE_1 (2)'!$S$27)) | K26: =IF(SUMIFS(CNXL_SQL_2!$F:$F,CNXL_SQL_2!$A:$A,'PAGE_1 (2)'!$R26,CNXL_SQL_2!$D:$D,'PAGE_1 (2)'!$S$28)=0,"",SUMIFS(CNXL_SQL_2!$F:$F,CNXL_SQL_2!$A:$A,'PAGE_1 (2)'!$R26,CNXL_SQL_2!$D:$D,'PAGE_1 (2)'!$S$28)) | L26: =IF(SUMIFS(CNXL_SQL_2!$F:$F,CNXL_SQL_2!$A:$A,'PAGE_1 (2)'!$R26,CNXL_SQL_2!$D:$D,'PAGE_1 (2)'!$S$29)=0,"",SUMIFS(CNXL_SQL_2!$F:$F,CNXL_SQL_2!$A:$A,'PAGE_1 (2)'!$R26,CNXL_SQL_2!$D:$D,'PAGE_1 (2)'!$S$29)) | M26: =IF(SUM(D26:L26)=0,"",SUM(D26:L26)) | N26: =ES_MATRIX!K8 | O26: =IFERROR(M26-ES_MATRIX!L8,"") | P26: =IF(SUMIF(CNXL_SQL_2!$E:$E,'PAGE_1 (2)'!R26,CNXL_SQL_2!$F:$F)=0,"",SUMIF(CNXL_SQL_2!$E:$E,'PAGE_1 (2)'!R26,CNXL_SQL_2!$F:$F)) | R26: C5 | S26: NETWORK OPERATIONS CENTER
B27: YV - Mesa | C27: =SUMIF(SCH_DEP_SQL_4!$A:$A,'PAGE_1 (2)'!R27,SCH_DEP_SQL_4!$E:$E) | D27: =IF(SUMIFS(CNXL_SQL_2!$F:$F,CNXL_SQL_2!$A:$A,'PAGE_1 (2)'!$R27,CNXL_SQL_2!$D:$D,'PAGE_1 (2)'!$S$21)=0,"",SUMIFS(CNXL_SQL_2!$F:$F,CNXL_SQL_2!$A:$A,'PAGE_1 (2)'!$R27,CNXL_SQL_2!$D:$D,'PAGE_1 (2)'!$S$21)) | E27: =IF(SUMIFS(CNXL_SQL_2!$F:$F,CNXL_SQL_2!$A:$A,'PAGE_1 (2)'!$R27,CNXL_SQL_2!$D:$D,'PAGE_1 (2)'!$S$22)=0,"",SUMIFS(CNXL_SQL_2!$F:$F,CNXL_SQL_2!$A:$A,'PAGE_1 (2)'!$R27,CNXL_SQL_2!$D:$D,'PAGE_1 (2)'!$S$22)) | F27: =IF(SUMIFS(CNXL_SQL_2!$F:$F,CNXL_SQL_2!$A:$A,'PAGE_1 (2)'!$R27,CNXL_SQL_2!$D:$D,'PAGE_1 (2)'!$S$23)=0,"",SUMIFS(CNXL_SQL_2!$F:$F,CNXL_SQL_2!$A:$A,'PAGE_1 (2)'!$R27,CNXL_SQL_2!$D:$D,'PAGE_1 (2)'!$S$23)) | G27: =IF(SUMIFS(CNXL_SQL_2!$F:$F,CNXL_SQL_2!$A:$A,'PAGE_1 (2)'!$R27,CNXL_SQL_2!$D:$D,'PAGE_1 (2)'!$S$24)=0,"",SUMIFS(CNXL_SQL_2!$F:$F,CNXL_SQL_2!$A:$A,'PAGE_1 (2)'!$R27,CNXL_SQL_2!$D:$D,'PAGE_1 (2)'!$S$24)) | H27: =IF(SUMIFS(CNXL_SQL_2!$F:$F,CNXL_SQL_2!$A:$A,'PAGE_1 (2)'!$R27,CNXL_SQL_2!$D:$D,'PAGE_1 (2)'!$S$25)=0,"",SUMIFS(CNXL_SQL_2!$F:$F,CNXL_SQL_2!$A:$A,'PAGE_1 (2)'!$R27,CNXL_SQL_2!$D:$D,'PAGE_1 (2)'!$S$25)) | I27: =IF(SUMIFS(CNXL_SQL_2!$F:$F,CNXL_SQL_2!$A:$A,'PAGE_1 (2)'!$R27,CNXL_SQL_2!$D:$D,'PAGE_1 (2)'!$S$26)=0,"",SUMIFS(CNXL_SQL_2!$F:$F,CNXL_SQL_2!$A:$A,'PAGE_1 (2)'!$R27,CNXL_SQL_2!$D:$D,'PAGE_1 (2)'!$S$26)) | J27: =IF(SUMIFS(CNXL_SQL_2!$F:$F,CNXL_SQL_2!$A:$A,'PAGE_1 (2)'!$R27,CNXL_SQL_2!$D:$D,'PAGE_1 (2)'!$S$27)=0,"",SUMIFS(CNXL_SQL_2!$F:$F,CNXL_SQL_2!$A:$A,'PAGE_1 (2)'!$R27,CNXL_SQL_2!$D:$D,'PAGE_1 (2)'!$S$27)) | K27: =IF(SUMIFS(CNXL_SQL_2!$F:$F,CNXL_SQL_2!$A:$A,'PAGE_1 (2)'!$R27,CNXL_SQL_2!$D:$D,'PAGE_1 (2)'!$S$28)=0,"",SUMIFS(CNXL_SQL_2!$F:$F,CNXL_SQL_2!$A:$A,'PAGE_1 (2)'!$R27,CNXL_SQL_2!$D:$D,'PAGE_1 (2)'!$S$28)) | L27: =IF(SUMIFS(CNXL_SQL_2!$F:$F,CNXL_SQL_2!$A:$A,'PAGE_1 (2)'!$R27,CNXL_SQL_2!$D:$D,'PAGE_1 (2)'!$S$29)=0,"",SUMIFS(CNXL_SQL_2!$F:$F,CNXL_SQL_2!$A:$A,'PAGE_1 (2)'!$R27,CNXL_SQL_2!$D:$D,'PAGE_1 (2)'!$S$29)) | M27: =IF(SUM(D27:L27)=0,"",SUM(D27:L27)) | N27: =ES_MATRIX!K9 | O27: =IFERROR(M27-ES_MATRIX!L9,"") | P27: =IF(SUMIF(CNXL_SQL_2!$E:$E,'PAGE_1 (2)'!R27,CNXL_SQL_2!$F:$F)=0,"",SUMIF(CNXL_SQL_2!$E:$E,'PAGE_1 (2)'!R27,CNXL_SQL_2!$F:$F)) | R27: YV | S27: TECHNOLOGY
B28: ZW - Air Wisconsin | C28: =SUMIF(SCH_DEP_SQL_4!$A:$A,'PAGE_1 (2)'!R28,SCH_DEP_SQL_4!$E:$E) | D28: =IF(SUMIFS(CNXL_SQL_2!$F:$F,CNXL_SQL_2!$A:$A,'PAGE_1 (2)'!$R28,CNXL_SQL_2!$D:$D,'PAGE_1 (2)'!$S$21)=0,"",SUMIFS(CNXL_SQL_2!$F:$F,CNXL_SQL_2!$A:$A,'PAGE_1 (2)'!$R28,CNXL_SQL_2!$D:$D,'PAGE_1 (2)'!$S$21)) | E28: =IF(SUMIFS(CNXL_SQL_2!$F:$F,CNXL_SQL_2!$A:$A,'PAGE_1 (2)'!$R28,CNXL_SQL_2!$D:$D,'PAGE_1 (2)'!$S$22)=0,"",SUMIFS(CNXL_SQL_2!$F:$F,CNXL_SQL_2!$A:$A,'PAGE_1 (2)'!$R28,CNXL_SQL_2!$D:$D,'PAGE_1 (2)'!$S$22)) | F28: =IF(SUMIFS(CNXL_SQL_2!$F:$F,CNXL_SQL_2!$A:$A,'PAGE_1 (2)'!$R28,CNXL_SQL_2!$D:$D,'PAGE_1 (2)'!$S$23)=0,"",SUMIFS(CNXL_SQL_2!$F:$F,CNXL_SQL_2!$A:$A,'PAGE_1 (2)'!$R28,CNXL_SQL_2!$D:$D,'PAGE_1 (2)'!$S$23)) | G28: =IF(SUMIFS(CNXL_SQL_2!$F:$F,CNXL_SQL_2!$A:$A,'PAGE_1 (2)'!$R28,CNXL_SQL_2!$D:$D,'PAGE_1 (2)'!$S$24)=0,"",SUMIFS(CNXL_SQL_2!$F:$F,CNXL_SQL_2!$A:$A,'PAGE_1 (2)'!$R28,CNXL_SQL_2!$D:$D,'PAGE_1 (2)'!$S$24)) | H28: =IF(SUMIFS(CNXL_SQL_2!$F:$F,CNXL_SQL_2!$A:$A,'PAGE_1 (2)'!$R28,CNXL_SQL_2!$D:$D,'PAGE_1 (2)'!$S$25)=0,"",SUMIFS(CNXL_SQL_2!$F:$F,CNXL_SQL_2!$A:$A,'PAGE_1 (2)'!$R28,CNXL_SQL_2!$D:$D,'PAGE_1 (2)'!$S$25)) | I28: =IF(SUMIFS(CNXL_SQL_2!$F:$F,CNXL_SQL_2!$A:$A,'PAGE_1 (2)'!$R28,CNXL_SQL_2!$D:$D,'PAGE_1 (2)'!$S$26)=0,"",SUMIFS(CNXL_SQL_2!$F:$F,CNXL_SQL_2!$A:$A,'PAGE_1 (2)'!$R28,CNXL_SQL_2!$D:$D,'PAGE_1 (2)'!$S$26)) | J28: =IF(SUMIFS(CNXL_SQL_2!$F:$F,CNXL_SQL_2!$A:$A,'PAGE_1 (2)'!$R28,CNXL_SQL_2!$D:$D,'PAGE_1 (2)'!$S$27)=0,"",SUMIFS(CNXL_SQL_2!$F:$F,CNXL_SQL_2!$A:$A,'PAGE_1 (2)'!$R28,CNXL_SQL_2!$D:$D,'PAGE_1 (2)'!$S$27)) | K28: =IF(SUMIFS(CNXL_SQL_2!$F:$F,CNXL_SQL_2!$A:$A,'PAGE_1 (2)'!$R28,CNXL_SQL_2!$D:$D,'PAGE_1 (2)'!$S$28)=0,"",SUMIFS(CNXL_SQL_2!$F:$F,CNXL_SQL_2!$A:$A,'PAGE_1 (2)'!$R28,CNXL_SQL_2!$D:$D,'PAGE_1 (2)'!$S$28)) | L28: =IF(SUMIFS(CNXL_SQL_2!$F:$F,CNXL_SQL_2!$A:$A,'PAGE_1 (2)'!$R28,CNXL_SQL_2!$D:$D,'PAGE_1 (2)'!$S$29)=0,"",SUMIFS(CNXL_SQL_2!$F:$F,CNXL_SQL_2!$A:$A,'PAGE_1 (2)'!$R28,CNXL_SQL_2!$D:$D,'PAGE_1 (2)'!$S$29)) | M28: =IF(SUM(D28:L28)=0,"",SUM(D28:L28)) | N28: =ES_MATRIX!K10 | O28: =IFERROR(M28-ES_MATRIX!L10,"") | P28: =IF(SUMIF(CNXL_SQL_2!$E:$E,'PAGE_1 (2)'!R28,CNXL_SQL_2!$F:$F)=0,"",SUMIF(CNXL_SQL_2!$E:$E,'PAGE_1 (2)'!R28,CNXL_SQL_2!$F:$F)) | R28: ZW | S28: CATERING OPERATIONS
B29: Total: | C29: =SUM(C21:C28) | D29: =IF(SUM(D21:D28)=0,"",SUM(D21:D28)) | E29: =IF(SUM(E21:E28)=0,"",SUM(E21:E28)) | F29: =IF(SUM(F21:F28)=0,"",SUM(F21:F28)) | G29: =IF(SUM(G21:G28)=0,"",SUM(G21:G28)) | H29: =IF(SUM(H21:H28)=0,"",SUM(H21:H28)) | I29: =IF(SUM(I21:I28)=0,"",SUM(I21:I28)) | J29: =IF(SUM(J21:J28)=0,"",SUM(J21:J28)) | K29: =IF(SUM(K21:K28)=0,"",SUM(K21:K28)) | L29: =IF(SUM(L21:L28)=0,"",SUM(L21:L28)) | M29: =SUM(M21:M28) | O29: =SUM(O21:O28) | P29: =SUM(P21:P28) | S29: OTHER
B33: Residual Cancel Detail
B34: Express Partner | C34: Scheduled Departures | D34: Weather & ATC | E34: Technical Operations | F34: Flight Operations | G34: Inflight Services | H34: Airport Operations | I34: Network Operations | J34: IT | K34: Catering Operations | L34: Other | M34: Total Cancels | N34: ES covered for this partner | O34: Net Cancel | P34: ES covered by this partner
B35: EV - ExpressJet | C35: =SUMIF(SCH_DEP_SQL_4!$A:$A,'PAGE_1 (2)'!R21,SCH_DEP_SQL_4!$E:$E) | D35: =IF(SUMIFS(RES_CNXL_SQL_3!$F:$F,RES_CNXL_SQL_3!$A:$A,'PAGE_1 (2)'!$R21,RES_CNXL_SQL_3!$D:$D,'PAGE_1 (2)'!$S$21)=0,"",SUMIFS(RES_CNXL_SQL_3!$F:$F,RES_CNXL_SQL_3!$A:$A,'PAGE_1 (2)'!$R21,RES_CNXL_SQL_3!$D:$D,'PAGE_1 (2)'!$S$21)) | E35: =IF(SUMIFS(RES_CNXL_SQL_3!$F:$F,RES_CNXL_SQL_3!$A:$A,'PAGE_1 (2)'!$R21,RES_CNXL_SQL_3!$D:$D,'PAGE_1 (2)'!$S$22)=0,"",SUMIFS(RES_CNXL_SQL_3!$F:$F,RES_CNXL_SQL_3!$A:$A,'PAGE_1 (2)'!$R21,RES_CNXL_SQL_3!$D:$D,'PAGE_1 (2)'!$S$22)) | F35: =IF(SUMIFS(RES_CNXL_SQL_3!$F:$F,RES_CNXL_SQL_3!$A:$A,'PAGE_1 (2)'!$R21,RES_CNXL_SQL_3!$D:$D,'PAGE_1 (2)'!$S$23)=0,"",SUMIFS(RES_CNXL_SQL_3!$F:$F,RES_CNXL_SQL_3!$A:$A,'PAGE_1 (2)'!$R21,RES_CNXL_SQL_3!$D:$D,'PAGE_1 (2)'!$S$23)) | G35: =IF(SUMIFS(RES_CNXL_SQL_3!$F:$F,RES_CNXL_SQL_3!$A:$A,'PAGE_1 (2)'!$R21,RES_CNXL_SQL_3!$D:$D,'PAGE_1 (2)'!$S$24)=0,"",SUMIFS(RES_CNXL_SQL_3!$F:$F,RES_CNXL_SQL_3!$A:$A,'PAGE_1 (2)'!$R21,RES_CNXL_SQL_3!$D:$D,'PAGE_1 (2)'!$S$24)) | H35: =IF(SUMIFS(RES_CNXL_SQL_3!$F:$F,RES_CNXL_SQL_3!$A:$A,'PAGE_1 (2)'!$R21,RES_CNXL_SQL_3!$D:$D,'PAGE_1 (2)'!$S$25)=0,"",SUMIFS(RES_CNXL_SQL_3!$F:$F,RES_CNXL_SQL_3!$A:$A,'PAGE_1 (2)'!$R21,RES_CNXL_SQL_3!$D:$D,'PAGE_1 (2)'!$S$25)) | I35: =IF(SUMIFS(RES_CNXL_SQL_3!$F:$F,RES_CNXL_SQL_3!$A:$A,'PAGE_1 (2)'!$R21,RES_CNXL_SQL_3!$D:$D,'PAGE_1 (2)'!$S$26)=0,"",SUMIFS(RES_CNXL_SQL_3!$F:$F,RES_CNXL_SQL_3!$A:$A,'PAGE_1 (2)'!$R21,RES_CNXL_SQL_3!$D:$D,'PAGE_1 (2)'!$S$26)) | J35: =IF(SUMIFS(RES_CNXL_SQL_3!$F:$F,RES_CNXL_SQL_3!$A:$A,'PAGE_1 (2)'!$R21,RES_CNXL_SQL_3!$D:$D,'PAGE_1 (2)'!$S$27)=0,"",SUMIFS(RES_CNXL_SQL_3!$F:$F,RES_CNXL_SQL_3!$A:$A,'PAGE_1 (2)'!$R21,RES_CNXL_SQL_3!$D:$D,'PAGE_1 (2)'!$S$27)) | K35: =IF(SUMIFS(RES_CNXL_SQL_3!$F:$F,RES_CNXL_SQL_3!$A:$A,'PAGE_1 (2)'!$R21,RES_CNXL_SQL_3!$D:$D,'PAGE_1 (2)'!$S$28)=0,"",SUMIFS(RES_CNXL_SQL_3!$F:$F,RES_CNXL_SQL_3!$A:$A,'PAGE_1 (2)'!$R21,RES_CNXL_SQL_3!$D:$D,'PAGE_1 (2)'!$S$28)) | L35: =IF(SUMIFS(RES_CNXL_SQL_3!$F:$F,RES_CNXL_SQL_3!$A:$A,'PAGE_1 (2)'!$R21,RES_CNXL_SQL_3!$D:$D,'PAGE_1 (2)'!$S$29)=0,"",SUMIFS(RES_CNXL_SQL_3!$F:$F,RES_CNXL_SQL_3!$A:$A,'PAGE_1 (2)'!$R21,RES_CNXL_SQL_3!$D:$D,'PAGE_1 (2)'!$S$29)) | M35: =IF(SUM(D35:L35)=0,"",SUM(D35:L35)) | N35: =ES_MATRIX!K14 | O35: =IFERROR(M35-ES_MATRIX!L14,"") | P35: =IF(SUMIF(RES_CNXL_SQL_3!$E:$E,'PAGE_1 (2)'!R21,RES_CNXL_SQL_3!$F:$F)=0,"",SUMIF(RES_CNXL_SQL_3!$E:$E,'PAGE_1 (2)'!R21,RES_CNXL_SQL_3!$F:$F))
B36: OO - SkyWest | C36: =SUMIF(SCH_DEP_SQL_4!$A:$A,'PAGE_1 (2)'!R22,SCH_DEP_SQL_4!$E:$E) | D36: =IF(SUMIFS(RES_CNXL_SQL_3!$F:$F,RES_CNXL_SQL_3!$A:$A,'PAGE_1 (2)'!$R22,RES_CNXL_SQL_3!$D:$D,'PAGE_1 (2)'!$S$21)=0,"",SUMIFS(RES_CNXL_SQL_3!$F:$F,RES_CNXL_SQL_3!$A:$A,'PAGE_1 (2)'!$R22,RES_CNXL_SQL_3!$D:$D,'PAGE_1 (2)'!$S$21)) | E36: =IF(SUMIFS(RES_CNXL_SQL_3!$F:$F,RES_CNXL_SQL_3!$A:$A,'PAGE_1 (2)'!$R22,RES_CNXL_SQL_3!$D:$D,'PAGE_1 (2)'!$S$22)=0,"",SUMIFS(RES_CNXL_SQL_3!$F:$F,RES_CNXL_SQL_3!$A:$A,'PAGE_1 (2)'!$R22,RES_CNXL_SQL_3!$D:$D,'PAGE_1 (2)'!$S$22)) | F36: =IF(SUMIFS(RES_CNXL_SQL_3!$F:$F,RES_CNXL_SQL_3!$A:$A,'PAGE_1 (2)'!$R22,RES_CNXL_SQL_3!$D:$D,'PAGE_1 (2)'!$S$23)=0,"",SUMIFS(RES_CNXL_SQL_3!$F:$F,RES_CNXL_SQL_3!$A:$A,'PAGE_1 (2)'!$R22,RES_CNXL_SQL_3!$D:$D,'PAGE_1 (2)'!$S$23)) | G36: =IF(SUMIFS(RES_CNXL_SQL_3!$F:$F,RES_CNXL_SQL_3!$A:$A,'PAGE_1 (2)'!$R22,RES_CNXL_SQL_3!$D:$D,'PAGE_1 (2)'!$S$24)=0,"",SUMIFS(RES_CNXL_SQL_3!$F:$F,RES_CNXL_SQL_3!$A:$A,'PAGE_1 (2)'!$R22,RES_CNXL_SQL_3!$D:$D,'PAGE_1 (2)'!$S$24)) | H36: =IF(SUMIFS(RES_CNXL_SQL_3!$F:$F,RES_CNXL_SQL_3!$A:$A,'PAGE_1 (2)'!$R22,RES_CNXL_SQL_3!$D:$D,'PAGE_1 (2)'!$S$25)=0,"",SUMIFS(RES_CNXL_SQL_3!$F:$F,RES_CNXL_SQL_3!$A:$A,'PAGE_1 (2)'!$R22,RES_CNXL_SQL_3!$D:$D,'PAGE_1 (2)'!$S$25)) | I36: =IF(SUMIFS(RES_CNXL_SQL_3!$F:$F,RES_CNXL_SQL_3!$A:$A,'PAGE_1 (2)'!$R22,RES_CNXL_SQL_3!$D:$D,'PAGE_1 (2)'!$S$26)=0,"",SUMIFS(RES_CNXL_SQL_3!$F:$F,RES_CNXL_SQL_3!$A:$A,'PAGE_1 (2)'!$R22,RES_CNXL_SQL_3!$D:$D,'PAGE_1 (2)'!$S$26)) | J36: =IF(SUMIFS(RES_CNXL_SQL_3!$F:$F,RES_CNXL_SQL_3!$A:$A,'PAGE_1 (2)'!$R22,RES_CNXL_SQL_3!$D:$D,'PAGE_1 (2)'!$S$27)=0,"",SUMIFS(RES_CNXL_SQL_3!$F:$F,RES_CNXL_SQL_3!$A:$A,'PAGE_1 (2)'!$R22,RES_CNXL_SQL_3!$D:$D,'PAGE_1 (2)'!$S$27)) | K36: =IF(SUMIFS(RES_CNXL_SQL_3!$F:$F,RES_CNXL_SQL_3!$A:$A,'PAGE_1 (2)'!$R22,RES_CNXL_SQL_3!$D:$D,'PAGE_1 (2)'!$S$28)=0,"",SUMIFS(RES_CNXL_SQL_3!$F:$F,RES_CNXL_SQL_3!$A:$A,'PAGE_1 (2)'!$R22,RES_CNXL_SQL_3!$D:$D,'PAGE_1 (2)'!$S$28)) | L36: =IF(SUMIFS(RES_CNXL_SQL_3!$F:$F,RES_CNXL_SQL_3!$A:$A,'PAGE_1 (2)'!$R22,RES_CNXL_SQL_3!$D:$D,'PAGE_1 (2)'!$S$29)=0,"",SUMIFS(RES_CNXL_SQL_3!$F:$F,RES_CNXL_SQL_3!$A:$A,'PAGE_1 (2)'!$R22,RES_CNXL_SQL_3!$D:$D,'PAGE_1 (2)'!$S$29)) | M36: =IF(SUM(D36:L36)=0,"",SUM(D36:L36)) | N36: =ES_MATRIX!K15 | O36: =IFERROR(M36-ES_MATRIX!L15,"") | P36: =IF(SUMIF(RES_CNXL_SQL_3!$E:$E,'PAGE_1 (2)'!R22,RES_CNXL_SQL_3!$F:$F)=0,"",SUMIF(RES_CNXL_SQL_3!$E:$E,'PAGE_1 (2)'!R22,RES_CNXL_SQL_3!$F:$F))
B37: AX - Trans States | C37: =SUMIF(SCH_DEP_SQL_4!$A:$A,'PAGE_1 (2)'!R23,SCH_DEP_SQL_4!$E:$E) | D37: =IF(SUMIFS(RES_CNXL_SQL_3!$F:$F,RES_CNXL_SQL_3!$A:$A,'PAGE_1 (2)'!$R23,RES_CNXL_SQL_3!$D:$D,'PAGE_1 (2)'!$S$21)=0,"",SUMIFS(RES_CNXL_SQL_3!$F:$F,RES_CNXL_SQL_3!$A:$A,'PAGE_1 (2)'!$R23,RES_CNXL_SQL_3!$D:$D,'PAGE_1 (2)'!$S$21)) | E37: =IF(SUMIFS(RES_CNXL_SQL_3!$F:$F,RES_CNXL_SQL_3!$A:$A,'PAGE_1 (2)'!$R23,RES_CNXL_SQL_3!$D:$D,'PAGE_1 (2)'!$S$22)=0,"",SUMIFS(RES_CNXL_SQL_3!$F:$F,RES_CNXL_SQL_3!$A:$A,'PAGE_1 (2)'!$R23,RES_CNXL_SQL_3!$D:$D,'PAGE_1 (2)'!$S$22)) | F37: =IF(SUMIFS(RES_CNXL_SQL_3!$F:$F,RES_CNXL_SQL_3!$A:$A,'PAGE_1 (2)'!$R23,RES_CNXL_SQL_3!$D:$D,'PAGE_1 (2)'!$S$23)=0,"",SUMIFS(RES_CNXL_SQL_3!$F:$F,RES_CNXL_SQL_3!$A:$A,'PAGE_1 (2)'!$R23,RES_CNXL_SQL_3!$D:$D,'PAGE_1 (2)'!$S$23)) | G37: =IF(SUMIFS(RES_CNXL_SQL_3!$F:$F,RES_CNXL_SQL_3!$A:$A,'PAGE_1 (2)'!$R23,RES_CNXL_SQL_3!$D:$D,'PAGE_1 (2)'!$S$24)=0,"",SUMIFS(RES_CNXL_SQL_3!$F:$F,RES_CNXL_SQL_3!$A:$A,'PAGE_1 (2)'!$R23,RES_CNXL_SQL_3!$D:$D,'PAGE_1 (2)'!$S$24)) | H37: =IF(SUMIFS(RES_CNXL_SQL_3!$F:$F,RES_CNXL_SQL_3!$A:$A,'PAGE_1 (2)'!$R23,RES_CNXL_SQL_3!$D:$D,'PAGE_1 (2)'!$S$25)=0,"",SUMIFS(RES_CNXL_SQL_3!$F:$F,RES_CNXL_SQL_3!$A:$A,'PAGE_1 (2)'!$R23,RES_CNXL_SQL_3!$D:$D,'PAGE_1 (2)'!$S$25)) | I37: =IF(SUMIFS(RES_CNXL_SQL_3!$F:$F,RES_CNXL_SQL_3!$A:$A,'PAGE_1 (2)'!$R23,RES_CNXL_SQL_3!$D:$D,'PAGE_1 (2)'!$S$26)=0,"",SUMIFS(RES_CNXL_SQL_3!$F:$F,RES_CNXL_SQL_3!$A:$A,'PAGE_1 (2)'!$R23,RES_CNXL_SQL_3!$D:$D,'PAGE_1 (2)'!$S$26)) | J37: =IF(SUMIFS(RES_CNXL_SQL_3!$F:$F,RES_CNXL_SQL_3!$A:$A,'PAGE_1 (2)'!$R23,RES_CNXL_SQL_3!$D:$D,'PAGE_1 (2)'!$S$27)=0,"",SUMIFS(RES_CNXL_SQL_3!$F:$F,RES_CNXL_SQL_3!$A:$A,'PAGE_1 (2)'!$R23,RES_CNXL_SQL_3!$D:$D,'PAGE_1 (2)'!$S$27)) | K37: =IF(SUMIFS(RES_CNXL_SQL_3!$F:$F,RES_CNXL_SQL_3!$A:$A,'PAGE_1 (2)'!$R23,RES_CNXL_SQL_3!$D:$D,'PAGE_1 (2)'!$S$28)=0,"",SUMIFS(RES_CNXL_SQL_3!$F:$F,RES_CNXL_SQL_3!$A:$A,'PAGE_1 (2)'!$R23,RES_CNXL_SQL_3!$D:$D,'PAGE_1 (2)'!$S$28)) | L37: =IF(SUMIFS(RES_CNXL_SQL_3!$F:$F,RES_CNXL_SQL_3!$A:$A,'PAGE_1 (2)'!$R23,RES_CNXL_SQL_3!$D:$D,'PAGE_1 (2)'!$S$29)=0,"",SUMIFS(RES_CNXL_SQL_3!$F:$F,RES_CNXL_SQL_3!$A:$A,'PAGE_1 (2)'!$R23,RES_CNXL_SQL_3!$D:$D,'PAGE_1 (2)'!$S$29)) | M37: =IF(SUM(D37:L37)=0,"",SUM(D37:L37)) | N37: =ES_MATRIX!K16 | O37: =IFERROR(M37-ES_MATRIX!L16,"") | P37: =IF(SUMIF(RES_CNXL_SQL_3!$E:$E,'PAGE_1 (2)'!R23,RES_CNXL_SQL_3!$F:$F)=0,"",SUMIF(RES_CNXL_SQL_3!$E:$E,'PAGE_1 (2)'!R23,RES_CNXL_SQL_3!$F:$F))
B38: YX - Republic | C38: =SUMIF(SCH_DEP_SQL_4!$A:$A,'PAGE_1 (2)'!R24,SCH_DEP_SQL_4!$E:$E) | D38: =IF(SUMIFS(RES_CNXL_SQL_3!$F:$F,RES_CNXL_SQL_3!$A:$A,'PAGE_1 (2)'!$R24,RES_CNXL_SQL_3!$D:$D,'PAGE_1 (2)'!$S$21)=0,"",SUMIFS(RES_CNXL_SQL_3!$F:$F,RES_CNXL_SQL_3!$A:$A,'PAGE_1 (2)'!$R24,RES_CNXL_SQL_3!$D:$D,'PAGE_1 (2)'!$S$21)) | E38: =IF(SUMIFS(RES_CNXL_SQL_3!$F:$F,RES_CNXL_SQL_3!$A:$A,'PAGE_1 (2)'!$R24,RES_CNXL_SQL_3!$D:$D,'PAGE_1 (2)'!$S$22)=0,"",SUMIFS(RES_CNXL_SQL_3!$F:$F,RES_CNXL_SQL_3!$A:$A,'PAGE_1 (2)'!$R24,RES_CNXL_SQL_3!$D:$D,'PAGE_1 (2)'!$S$22)) | F38: =IF(SUMIFS(RES_CNXL_SQL_3!$F:$F,RES_CNXL_SQL_3!$A:$A,'PAGE_1 (2)'!$R24,RES_CNXL_SQL_3!$D:$D,'PAGE_1 (2)'!$S$23)=0,"",SUMIFS(RES_CNXL_SQL_3!$F:$F,RES_CNXL_SQL_3!$A:$A,'PAGE_1 (2)'!$R24,RES_CNXL_SQL_3!$D:$D,'PAGE_1 (2)'!$S$23)) | G38: =IF(SUMIFS(RES_CNXL_SQL_3!$F:$F,RES_CNXL_SQL_3!$A:$A,'PAGE_1 (2)'!$R24,RES_CNXL_SQL_3!$D:$D,'PAGE_1 (2)'!$S$24)=0,"",SUMIFS(RES_CNXL_SQL_3!$F:$F,RES_CNXL_SQL_3!$A:$A,'PAGE_1 (2)'!$R24,RES_CNXL_SQL_3!$D:$D,'PAGE_1 (2)'!$S$24)) | H38: =IF(SUMIFS(RES_CNXL_SQL_3!$F:$F,RES_CNXL_SQL_3!$A:$A,'PAGE_1 (2)'!$R24,RES_CNXL_SQL_3!$D:$D,'PAGE_1 (2)'!$S$25)=0,"",SUMIFS(RES_CNXL_SQL_3!$F:$F,RES_CNXL_SQL_3!$A:$A,'PAGE_1 (2)'!$R24,RES_CNXL_SQL_3!$D:$D,'PAGE_1 (2)'!$S$25)) | I38: =IF(SUMIFS(RES_CNXL_SQL_3!$F:$F,RES_CNXL_SQL_3!$A:$A,'PAGE_1 (2)'!$R24,RES_CNXL_SQL_3!$D:$D,'PAGE_1 (2)'!$S$26)=0,"",SUMIFS(RES_CNXL_SQL_3!$F:$F,RES_CNXL_SQL_3!$A:$A,'PAGE_1 (2)'!$R24,RES_CNXL_SQL_3!$D:$D,'PAGE_1 (2)'!$S$26)) | J38: =IF(SUMIFS(RES_CNXL_SQL_3!$F:$F,RES_CNXL_SQL_3!$A:$A,'PAGE_1 (2)'!$R24,RES_CNXL_SQL_3!$D:$D,'PAGE_1 (2)'!$S$27)=0,"",SUMIFS(RES_CNXL_SQL_3!$F:$F,RES_CNXL_SQL_3!$A:$A,'PAGE_1 (2)'!$R24,RES_CNXL_SQL_3!$D:$D,'PAGE_1 (2)'!$S$27)) | K38: =IF(SUMIFS(RES_CNXL_SQL_3!$F:$F,RES_CNXL_SQL_3!$A:$A,'PAGE_1 (2)'!$R24,RES_CNXL_SQL_3!$D:$D,'PAGE_1 (2)'!$S$28)=0,"",SUMIFS(RES_CNXL_SQL_3!$F:$F,RES_CNXL_SQL_3!$A:$A,'PAGE_1 (2)'!$R24,RES_CNXL_SQL_3!$D:$D,'PAGE_1 (2)'!$S$28)) | L38: =IF(SUMIFS(RES_CNXL_SQL_3!$F:$F,RES_CNXL_SQL_3!$A:$A,'PAGE_1 (2)'!$R24,RES_CNXL_SQL_3!$D:$D,'PAGE_1 (2)'!$S$29)=0,"",SUMIFS(RES_CNXL_SQL_3!$F:$F,RES_CNXL_SQL_3!$A:$A,'PAGE_1 (2)'!$R24,RES_CNXL_SQL_3!$D:$D,'PAGE_1 (2)'!$S$29)) | M38: =IF(SUM(D38:L38)=0,"",SUM(D38:L38)) | N38: =ES_MATRIX!K17 | O38: =IFERROR(M38-ES_MATRIX!L17,"") | P38: =IF(SUMIF(RES_CNXL_SQL_3!$E:$E,'PAGE_1 (2)'!R24,RES_CNXL_SQL_3!$F:$F)=0,"",SUMIF(RES_CNXL_SQL_3!$E:$E,'PAGE_1 (2)'!R24,RES_CNXL_SQL_3!$F:$F))
B39: G7 - Go Jet | C39: =SUMIF(SCH_DEP_SQL_4!$A:$A,'PAGE_1 (2)'!R25,SCH_DEP_SQL_4!$E:$E) | D39: =IF(SUMIFS(RES_CNXL_SQL_3!$F:$F,RES_CNXL_SQL_3!$A:$A,'PAGE_1 (2)'!$R25,RES_CNXL_SQL_3!$D:$D,'PAGE_1 (2)'!$S$21)=0,"",SUMIFS(RES_CNXL_SQL_3!$F:$F,RES_CNXL_SQL_3!$A:$A,'PAGE_1 (2)'!$R25,RES_CNXL_SQL_3!$D:$D,'PAGE_1 (2)'!$S$21)) | E39: =IF(SUMIFS(RES_CNXL_SQL_3!$F:$F,RES_CNXL_SQL_3!$A:$A,'PAGE_1 (2)'!$R25,RES_CNXL_SQL_3!$D:$D,'PAGE_1 (2)'!$S$22)=0,"",SUMIFS(RES_CNXL_SQL_3!$F:$F,RES_CNXL_SQL_3!$A:$A,'PAGE_1 (2)'!$R25,RES_CNXL_SQL_3!$D:$D,'PAGE_1 (2)'!$S$22)) | F39: =IF(SUMIFS(RES_CNXL_SQL_3!$F:$F,RES_CNXL_SQL_3!$A:$A,'PAGE_1 (2)'!$R25,RES_CNXL_SQL_3!$D:$D,'PAGE_1 (2)'!$S$23)=0,"",SUMIFS(RES_CNXL_SQL_3!$F:$F,RES_CNXL_SQL_3!$A:$A,'PAGE_1 (2)'!$R25,RES_CNXL_SQL_3!$D:$D,'PAGE_1 (2)'!$S$23)) | G39: =IF(SUMIFS(RES_CNXL_SQL_3!$F:$F,RES_CNXL_SQL_3!$A:$A,'PAGE_1 (2)'!$R25,RES_CNXL_SQL_3!$D:$D,'PAGE_1 (2)'!$S$24)=0,"",SUMIFS(RES_CNXL_SQL_3!$F:$F,RES_CNXL_SQL_3!$A:$A,'PAGE_1 (2)'!$R25,RES_CNXL_SQL_3!$D:$D,'PAGE_1 (2)'!$S$24)) | H39: =IF(SUMIFS(RES_CNXL_SQL_3!$F:$F,RES_CNXL_SQL_3!$A:$A,'PAGE_1 (2)'!$R25,RES_CNXL_SQL_3!$D:$D,'PAGE_1 (2)'!$S$25)=0,"",SUMIFS(RES_CNXL_SQL_3!$F:$F,RES_CNXL_SQL_3!$A:$A,'PAGE_1 (2)'!$R25,RES_CNXL_SQL_3!$D:$D,'PAGE_1 (2)'!$S$25)) | I39: =IF(SUMIFS(RES_CNXL_SQL_3!$F:$F,RES_CNXL_SQL_3!$A:$A,'PAGE_1 (2)'!$R25,RES_CNXL_SQL_3!$D:$D,'PAGE_1 (2)'!$S$26)=0,"",SUMIFS(RES_CNXL_SQL_3!$F:$F,RES_CNXL_SQL_3!$A:$A,'PAGE_1 (2)'!$R25,RES_CNXL_SQL_3!$D:$D,'PAGE_1 (2)'!$S$26)) | J39: =IF(SUMIFS(RES_CNXL_SQL_3!$F:$F,RES_CNXL_SQL_3!$A:$A,'PAGE_1 (2)'!$R25,RES_CNXL_SQL_3!$D:$D,'PAGE_1 (2)'!$S$27)=0,"",SUMIFS(RES_CNXL_SQL_3!$F:$F,RES_CNXL_SQL_3!$A:$A,'PAGE_1 (2)'!$R25,RES_CNXL_SQL_3!$D:$D,'PAGE_1 (2)'!$S$27)) | K39: =IF(SUMIFS(RES_CNXL_SQL_3!$F:$F,RES_CNXL_SQL_3!$A:$A,'PAGE_1 (2)'!$R25,RES_CNXL_SQL_3!$D:$D,'PAGE_1 (2)'!$S$28)=0,"",SUMIFS(RES_CNXL_SQL_3!$F:$F,RES_CNXL_SQL_3!$A:$A,'PAGE_1 (2)'!$R25,RES_CNXL_SQL_3!$D:$D,'PAGE_1 (2)'!$S$28)) | L39: =IF(SUMIFS(RES_CNXL_SQL_3!$F:$F,RES_CNXL_SQL_3!$A:$A,'PAGE_1 (2)'!$R25,RES_CNXL_SQL_3!$D:$D,'PAGE_1 (2)'!$S$29)=0,"",SUMIFS(RES_CNXL_SQL_3!$F:$F,RES_CNXL_SQL_3!$A:$A,'PAGE_1 (2)'!$R25,RES_CNXL_SQL_3!$D:$D,'PAGE_1 (2)'!$S$29)) | M39: =IF(SUM(D39:L39)=0,"",SUM(D39:L39)) | N39: =ES_MATRIX!K18 | O39: =IFERROR(M39-ES_MATRIX!L18,"") | P39: =IF(SUMIF(RES_CNXL_SQL_3!$E:$E,'PAGE_1 (2)'!R25,RES_CNXL_SQL_3!$F:$F)=0,"",SUMIF(RES_CNXL_SQL_3!$E:$E,'PAGE_1 (2)'!R25,RES_CNXL_SQL_3!$F:$F))
B40: C5 - CommutAir | C40: =SUMIF(SCH_DEP_SQL_4!$A:$A,'PAGE_1 (2)'!R26,SCH_DEP_SQL_4!$E:$E) | D40: =IF(SUMIFS(RES_CNXL_SQL_3!$F:$F,RES_CNXL_SQL_3!$A:$A,'PAGE_1 (2)'!$R26,RES_CNXL_SQL_3!$D:$D,'PAGE_1 (2)'!$S$21)=0,"",SUMIFS(RES_CNXL_SQL_3!$F:$F,RES_CNXL_SQL_3!$A:$A,'PAGE_1 (2)'!$R26,RES_CNXL_SQL_3!$D:$D,'PAGE_1 (2)'!$S$21)) | E40: =IF(SUMIFS(RES_CNXL_SQL_3!$F:$F,RES_CNXL_SQL_3!$A:$A,'PAGE_1 (2)'!$R26,RES_CNXL_SQL_3!$D:$D,'PAGE_1 (2)'!$S$22)=0,"",SUMIFS(RES_CNXL_SQL_3!$F:$F,RES_CNXL_SQL_3!$A:$A,'PAGE_1 (2)'!$R26,RES_CNXL_SQL_3!$D:$D,'PAGE_1 (2)'!$S$22)) | F40: =IF(SUMIFS(RES_CNXL_SQL_3!$F:$F,RES_CNXL_SQL_3!$A:$A,'PAGE_1 (2)'!$R26,RES_CNXL_SQL_3!$D:$D,'PAGE_1 (2)'!$S$23)=0,"",SUMIFS(RES_CNXL_SQL_3!$F:$F,RES_CNXL_SQL_3!$A:$A,'PAGE_1 (2)'!$R26,RES_CNXL_SQL_3!$D:$D,'PAGE_1 (2)'!$S$23)) | G40: =IF(SUMIFS(RES_CNXL_SQL_3!$F:$F,RES_CNXL_SQL_3!$A:$A,'PAGE_1 (2)'!$R26,RES_CNXL_SQL_3!$D:$D,'PAGE_1 (2)'!$S$24)=0,"",SUMIFS(RES_CNXL_SQL_3!$F:$F,RES_CNXL_SQL_3!$A:$A,'PAGE_1 (2)'!$R26,RES_CNXL_SQL_3!$D:$D,'PAGE_1 (2)'!$S$24)) | H40: =IF(SUMIFS(RES_CNXL_SQL_3!$F:$F,RES_CNXL_SQL_3!$A:$A,'PAGE_1 (2)'!$R26,RES_CNXL_SQL_3!$D:$D,'PAGE_1 (2)'!$S$25)=0,"",SUMIFS(RES_CNXL_SQL_3!$F:$F,RES_CNXL_SQL_3!$A:$A,'PAGE_1 (2)'!$R26,RES_CNXL_SQL_3!$D:$D,'PAGE_1 (2)'!$S$25)) | I40: =IF(SUMIFS(RES_CNXL_SQL_3!$F:$F,RES_CNXL_SQL_3!$A:$A,'PAGE_1 (2)'!$R26,RES_CNXL_SQL_3!$D:$D,'PAGE_1 (2)'!$S$26)=0,"",SUMIFS(RES_CNXL_SQL_3!$F:$F,RES_CNXL_SQL_3!$A:$A,'PAGE_1 (2)'!$R26,RES_CNXL_SQL_3!$D:$D,'PAGE_1 (2)'!$S$26)) | J40: =IF(SUMIFS(RES_CNXL_SQL_3!$F:$F,RES_CNXL_SQL_3!$A:$A,'PAGE_1 (2)'!$R26,RES_CNXL_SQL_3!$D:$D,'PAGE_1 (2)'!$S$27)=0,"",SUMIFS(RES_CNXL_SQL_3!$F:$F,RES_CNXL_SQL_3!$A:$A,'PAGE_1 (2)'!$R26,RES_CNXL_SQL_3!$D:$D,'PAGE_1 (2)'!$S$27)) | K40: =IF(SUMIFS(RES_CNXL_SQL_3!$F:$F,RES_CNXL_SQL_3!$A:$A,'PAGE_1 (2)'!$R26,RES_CNXL_SQL_3!$D:$D,'PAGE_1 (2)'!$S$28)=0,"",SUMIFS(RES_CNXL_SQL_3!$F:$F,RES_CNXL_SQL_3!$A:$A,'PAGE_1 (2)'!$R26,RES_CNXL_SQL_3!$D:$D,'PAGE_1 (2)'!$S$28)) | L40: =IF(SUMIFS(RES_CNXL_SQL_3!$F:$F,RES_CNXL_SQL_3!$A:$A,'PAGE_1 (2)'!$R26,RES_CNXL_SQL_3!$D:$D,'PAGE_1 (2)'!$S$29)=0,"",SUMIFS(RES_CNXL_SQL_3!$F:$F,RES_CNXL_SQL_3!$A:$A,'PAGE_1 (2)'!$R26,RES_CNXL_SQL_3!$D:$D,'PAGE_1 (2)'!$S$29)) | M40: =IF(SUM(D40:L40)=0,"",SUM(D40:L40)) | N40: =ES_MATRIX!K19 | O40: =IFERROR(M40-ES_MATRIX!L19,"") | P40: =IF(SUMIF(RES_CNXL_SQL_3!$E:$E,'PAGE_1 (2)'!R26,RES_CNXL_SQL_3!$F:$F)=0,"",SUMIF(RES_CNXL_SQL_3!$E:$E,'PAGE_1 (2)'!R26,RES_CNXL_SQL_3!$F:$F))
B41: YV - Mesa | C41: =SUMIF(SCH_DEP_SQL_4!$A:$A,'PAGE_1 (2)'!R27,SCH_DEP_SQL_4!$E:$E) | D41: =IF(SUMIFS(RES_CNXL_SQL_3!$F:$F,RES_CNXL_SQL_3!$A:$A,'PAGE_1 (2)'!$R27,RES_CNXL_SQL_3!$D:$D,'PAGE_1 (2)'!$S$21)=0,"",SUMIFS(RES_CNXL_SQL_3!$F:$F,RES_CNXL_SQL_3!$A:$A,'PAGE_1 (2)'!$R27,RES_CNXL_SQL_3!$D:$D,'PAGE_1 (2)'!$S$21)) | E41: =IF(SUMIFS(RES_CNXL_SQL_3!$F:$F,RES_CNXL_SQL_3!$A:$A,'PAGE_1 (2)'!$R27,RES_CNXL_SQL_3!$D:$D,'PAGE_1 (2)'!$S$22)=0,"",SUMIFS(RES_CNXL_SQL_3!$F:$F,RES_CNXL_SQL_3!$A:$A,'PAGE_1 (2)'!$R27,RES_CNXL_SQL_3!$D:$D,'PAGE_1 (2)'!$S$22)) | F41: =IF(SUMIFS(RES_CNXL_SQL_3!$F:$F,RES_CNXL_SQL_3!$A:$A,'PAGE_1 (2)'!$R27,RES_CNXL_SQL_3!$D:$D,'PAGE_1 (2)'!$S$23)=0,"",SUMIFS(RES_CNXL_SQL_3!$F:$F,RES_CNXL_SQL_3!$A:$A,'PAGE_1 (2)'!$R27,RES_CNXL_SQL_3!$D:$D,'PAGE_1 (2)'!$S$23)) | G41: =IF(SUMIFS(RES_CNXL_SQL_3!$F:$F,RES_CNXL_SQL_3!$A:$A,'PAGE_1 (2)'!$R27,RES_CNXL_SQL_3!$D:$D,'PAGE_1 (2)'!$S$24)=0,"",SUMIFS(RES_CNXL_SQL_3!$F:$F,RES_CNXL_SQL_3!$A:$A,'PAGE_1 (2)'!$R27,RES_CNXL_SQL_3!$D:$D,'PAGE_1 (2)'!$S$24)) | H41: =IF(SUMIFS(RES_CNXL_SQL_3!$F:$F,RES_CNXL_SQL_3!$A:$A,'PAGE_1 (2)'!$R27,RES_CNXL_SQL_3!$D:$D,'PAGE_1 (2)'!$S$25)=0,"",SUMIFS(RES_CNXL_SQL_3!$F:$F,RES_CNXL_SQL_3!$A:$A,'PAGE_1 (2)'!$R27,RES_CNXL_SQL_3!$D:$D,'PAGE_1 (2)'!$S$25)) | I41: =IF(SUMIFS(RES_CNXL_SQL_3!$F:$F,RES_CNXL_SQL_3!$A:$A,'PAGE_1 (2)'!$R27,RES_CNXL_SQL_3!$D:$D,'PAGE_1 (2)'!$S$26)=0,"",SUMIFS(RES_CNXL_SQL_3!$F:$F,RES_CNXL_SQL_3!$A:$A,'PAGE_1 (2)'!$R27,RES_CNXL_SQL_3!$D:$D,'PAGE_1 (2)'!$S$26)) | J41: =IF(SUMIFS(RES_CNXL_SQL_3!$F:$F,RES_CNXL_SQL_3!$A:$A,'PAGE_1 (2)'!$R27,RES_CNXL_SQL_3!$D:$D,'PAGE_1 (2)'!$S$27)=0,"",SUMIFS(RES_CNXL_SQL_3!$F:$F,RES_CNXL_SQL_3!$A:$A,'PAGE_1 (2)'!$R27,RES_CNXL_SQL_3!$D:$D,'PAGE_1 (2)'!$S$27)) | K41: =IF(SUMIFS(RES_CNXL_SQL_3!$F:$F,RES_CNXL_SQL_3!$A:$A,'PAGE_1 (2)'!$R27,RES_CNXL_SQL_3!$D:$D,'PAGE_1 (2)'!$S$28)=0,"",SUMIFS(RES_CNXL_SQL_3!$F:$F,RES_CNXL_SQL_3!$A:$A,'PAGE_1 (2)'!$R27,RES_CNXL_SQL_3!$D:$D,'PAGE_1 (2)'!$S$28)) | L41: =IF(SUMIFS(RES_CNXL_SQL_3!$F:$F,RES_CNXL_SQL_3!$A:$A,'PAGE_1 (2)'!$R27,RES_CNXL_SQL_3!$D:$D,'PAGE_1 (2)'!$S$29)=0,"",SUMIFS(RES_CNXL_SQL_3!$F:$F,RES_CNXL_SQL_3!$A:$A,'PAGE_1 (2)'!$R27,RES_CNXL_SQL_3!$D:$D,'PAGE_1 (2)'!$S$29)) | M41: =IF(SUM(D41:L41)=0,"",SUM(D41:L41)) | N41: =ES_MATRIX!K20 | O41: =IFERROR(M41-ES_MATRIX!L20,"") | P41: =IF(SUMIF(RES_CNXL_SQL_3!$E:$E,'PAGE_1 (2)'!R27,RES_CNXL_SQL_3!$F:$F)=0,"",SUMIF(RES_CNXL_SQL_3!$E:$E,'PAGE_1 (2)'!R27,RES_CNXL_SQL_3!$F:$F))
B42: ZW - Air Wisconsin | C42: =SUMIF(SCH_DEP_SQL_4!$A:$A,'PAGE_1 (2)'!R28,SCH_DEP_SQL_4!$E:$E) | D42: =IF(SUMIFS(RES_CNXL_SQL_3!$F:$F,RES_CNXL_SQL_3!$A:$A,'PAGE_1 (2)'!$R28,RES_CNXL_SQL_3!$D:$D,'PAGE_1 (2)'!$S$21)=0,"",SUMIFS(RES_CNXL_SQL_3!$F:$F,RES_CNXL_SQL_3!$A:$A,'PAGE_1 (2)'!$R28,RES_CNXL_SQL_3!$D:$D,'PAGE_1 (2)'!$S$21)) | E42: =IF(SUMIFS(RES_CNXL_SQL_3!$F:$F,RES_CNXL_SQL_3!$A:$A,'PAGE_1 (2)'!$R28,RES_CNXL_SQL_3!$D:$D,'PAGE_1 (2)'!$S$22)=0,"",SUMIFS(RES_CNXL_SQL_3!$F:$F,RES_CNXL_SQL_3!$A:$A,'PAGE_1 (2)'!$R28,RES_CNXL_SQL_3!$D:$D,'PAGE_1 (2)'!$S$22)) | F42: =IF(SUMIFS(RES_CNXL_SQL_3!$F:$F,RES_CNXL_SQL_3!$A:$A,'PAGE_1 (2)'!$R28,RES_CNXL_SQL_3!$D:$D,'PAGE_1 (2)'!$S$23)=0,"",SUMIFS(RES_CNXL_SQL_3!$F:$F,RES_CNXL_SQL_3!$A:$A,'PAGE_1 (2)'!$R28,RES_CNXL_SQL_3!$D:$D,'PAGE_1 (2)'!$S$23)) | G42: =IF(SUMIFS(RES_CNXL_SQL_3!$F:$F,RES_CNXL_SQL_3!$A:$A,'PAGE_1 (2)'!$R28,RES_CNXL_SQL_3!$D:$D,'PAGE_1 (2)'!$S$24)=0,"",SUMIFS(RES_CNXL_SQL_3!$F:$F,RES_CNXL_SQL_3!$A:$A,'PAGE_1 (2)'!$R28,RES_CNXL_SQL_3!$D:$D,'PAGE_1 (2)'!$S$24)) | H42: =IF(SUMIFS(RES_CNXL_SQL_3!$F:$F,RES_CNXL_SQL_3!$A:$A,'PAGE_1 (2)'!$R28,RES_CNXL_SQL_3!$D:$D,'PAGE_1 (2)'!$S$25)=0,"",SUMIFS(RES_CNXL_SQL_3!$F:$F,RES_CNXL_SQL_3!$A:$A,'PAGE_1 (2)'!$R28,RES_CNXL_SQL_3!$D:$D,'PAGE_1 (2)'!$S$25)) | I42: =IF(SUMIFS(RES_CNXL_SQL_3!$F:$F,RES_CNXL_SQL_3!$A:$A,'PAGE_1 (2)'!$R28,RES_CNXL_SQL_3!$D:$D,'PAGE_1 (2)'!$S$26)=0,"",SUMIFS(RES_CNXL_SQL_3!$F:$F,RES_CNXL_SQL_3!$A:$A,'PAGE_1 (2)'!$R28,RES_CNXL_SQL_3!$D:$D,'PAGE_1 (2)'!$S$26)) | J42: =IF(SUMIFS(RES_CNXL_SQL_3!$F:$F,RES_CNXL_SQL_3!$A:$A,'PAGE_1 (2)'!$R28,RES_CNXL_SQL_3!$D:$D,'PAGE_1 (2)'!$S$27)=0,"",SUMIFS(RES_CNXL_SQL_3!$F:$F,RES_CNXL_SQL_3!$A:$A,'PAGE_1 (2)'!$R28,RES_CNXL_SQL_3!$D:$D,'PAGE_1 (2)'!$S$27)) | K42: =IF(SUMIFS(RES_CNXL_SQL_3!$F:$F,RES_CNXL_SQL_3!$A:$A,'PAGE_1 (2)'!$R28,RES_CNXL_SQL_3!$D:$D,'PAGE_1 (2)'!$S$28)=0,"",SUMIFS(RES_CNXL_SQL_3!$F:$F,RES_CNXL_SQL_3!$A:$A,'PAGE_1 (2)'!$R28,RES_CNXL_SQL_3!$D:$D,'PAGE_1 (2)'!$S$28)) | L42: =IF(SUMIFS(RES_CNXL_SQL_3!$F:$F,RES_CNXL_SQL_3!$A:$A,'PAGE_1 (2)'!$R28,RES_CNXL_SQL_3!$D:$D,'PAGE_1 (2)'!$S$29)=0,"",SUMIFS(RES_CNXL_SQL_3!$F:$F,RES_CNXL_SQL_3!$A:$A,'PAGE_1 (2)'!$R28,RES_CNXL_SQL_3!$D:$D,'PAGE_1 (2)'!$S$29)) | M42: =IF(SUM(D42:L42)=0,"",SUM(D42:L42)) | N42: =ES_MATRIX!K21 | O42: =IFERROR(M42-ES_MATRIX!L21,"") | P42: =IF(SUMIF(RES_CNXL_SQL_3!$E:$E,'PAGE_1 (2)'!R28,RES_CNXL_SQL_3!$F:$F)=0,"",SUMIF(RES_CNXL_SQL_3!$E:$E,'PAGE_1 (2)'!R28,RES_CNXL_SQL_3!$F:$F))
B43: Total: | C43: =SUM(C35:C42) | D43: =IF(SUM(D35:D42)=0,"",SUM(D35:D42)) | E43: =IF(SUM(E35:E42)=0,"",SUM(E35:E42)) | F43: =IF(SUM(F35:F42)=0,"",SUM(F35:F42)) | G43: =IF(SUM(G35:G42)=0,"",SUM(G35:G42)) | H43: =IF(SUM(H35:H42)=0,"",SUM(H35:H42)) | I43: =IF(SUM(I35:I42)=0,"",SUM(I35:I42)) | J43: =IF(SUM(J35:J42)=0,"",SUM(J35:J42)) | K43: =IF(SUM(K35:K42)=0,"",SUM(K35:K42)) | L43: =IF(SUM(L35:L42)=0,"",SUM(L35:L42)) | M43: =SUM(M35:M42) | O43: =SUM(O35:O42) | P43: =SUM(P35:P42)

Sheet PAGE_1 (4)
B2: UAX Daily Snapshot for | D2: =TODAY()-1
B4: Reliability Snapshot - SYS
B5: Metric | C5: =TODAY()-1 | D5: MTD | E5: Goal | F5: DL Diff. | G5: AA Diff. | H5: Rank
B6: Completion | C6: =UA_SQL_1!N2/UA_SQL_1!M2 | D6: =UA_SQL_1!F2/UA_SQL_1!E2 | E6: =SUMIF(EX_Goals!$B:$B,'PAGE_1 (4)'!#REF!,EX_Goals!$E:$E) | F6: =((UA_SQL_1!$N$2/UA_SQL_1!$M$2)-(SUMIF(OA_SQL_1!$A$1:$A$3,"DL",OA_SQL_1!$K$1:$K$3)/SUMIF(OA_SQL_1!$A$1:$A$3,"DL",OA_SQL_1!$I$1:$I$3)))*100 | G6: =((UA_SQL_1!$N$2/UA_SQL_1!$M$2)-(SUMIF(OA_SQL_1!$A$1:$A$3,"AA",OA_SQL_1!$K$1:$K$3)/SUMIF(OA_SQL_1!$A$1:$A$3,"AA",OA_SQL_1!$I$1:$I$3)))*100 | H6: =RANK!F2
B7: A:00 | C7: =UA_SQL_1!Q2/UA_SQL_1!M2 | D7: =UA_SQL_1!I2/UA_SQL_1!E2 | E7: =SUMIF(EX_Goals!$B:$B,'PAGE_1 (4)'!#REF!,EX_Goals!$D:$D) | F7: =((UA_SQL_1!$Q$2/UA_SQL_1!$M$2)-(SUMIF(OA_SQL_1!$A$1:$A$3,"DL",OA_SQL_1!$L$1:$L$3)/SUMIF(OA_SQL_1!$A$1:$A$3,"DL",OA_SQL_1!$I$1:$I$3)))*100 | G7: =((UA_SQL_1!$Q$2/UA_SQL_1!$M$2)-(SUMIF(OA_SQL_1!$A$1:$A$3,"AA",OA_SQL_1!$L$1:$L$3)/SUMIF(OA_SQL_1!$A$1:$A$3,"AA",OA_SQL_1!$I$1:$I$3)))*100 | H7: =RANK!F3
B8: CS D:00 | C8: =UA_SQL_1!P2/UA_SQL_1!M2 | D8: =UA_SQL_1!H2/UA_SQL_1!E2 | E8: =SUMIF(EX_Goals!$B:$B,'PAGE_1 (4)'!#REF!,EX_Goals!$C:$C) | F8: =((UA_SQL_1!$P$2/UA_SQL_1!$M$2)-(SUMIF(OA_SQL_1!$A$1:$A$3,"DL",OA_SQL_1!$J$1:$J$3)/SUMIF(OA_SQL_1!$A$1:$A$3,"DL",OA_SQL_1!$I$1:$I$3)))*100 | G8: =((UA_SQL_1!$P$2/UA_SQL_1!$M$2)-(SUMIF(OA_SQL_1!$A$1:$A$3,"AA",OA_SQL_1!$J$1:$J$3)/SUMIF(OA_SQL_1!$A$1:$A$3,"AA",OA_SQL_1!$I$1:$I$3)))*100 | H8: =RANK!F4
B9: D:00 | C9: =UA_SQL_1!O2/UA_SQL_1!M2 | D9: =UA_SQL_1!G2/UA_SQL_1!E2 | E9: =SUMIF(EX_Goals!$B:$B,'PAGE_1 (4)'!#REF!,EX_Goals!$C:$C)
B10: STAR D:00 | C10: =UA_SQL_1!S2/UA_SQL_1!R2 | D10: =UA_SQL_1!K2/UA_SQL_1!J2 | E10: =SUMIF(EX_Goals!$B:$B,'PAGE_1 (4)'!#REF!,EX_Goals!$F:$F)
B11: Controllable Completion | C11: =(UA_SQL_1!M2-UA_SQL_1!T2)/UA_SQL_1!M2 | D11: =(UA_SQL_1!E2-UA_SQL_1!L2)/UA_SQL_1!E2 | E11: =SUMIF(EX_Goals!$B:$B,'PAGE_1 (4)'!#REF!,EX_Goals!$G:$G)
B12: Total diverts | C12: =SUMIFS(TOTAL_DIVERTS_SQL_5!$B:$B,TOTAL_DIVERTS_SQL_5!A:A,"YEST") | D12: =SUMIFS(TOTAL_DIVERTS_SQL_5!$B:$B,TOTAL_DIVERTS_SQL_5!A:A,"MTD")
B13: Diverts recovered | C13: =SUMIF(DIVERTS_RECOVERED_SQL_6!$A:$A,"YEST",DIVERTS_RECOVERED_SQL_6!$C:$C) | D13: =SUMIF(DIVERTS_RECOVERED_SQL_6!$A:$A,"MTD",DIVERTS_RECOVERED_SQL_6!$C:$C)
B16: Reliability Snapshot - Hubs
B17: Market | C17: D:00 | D17: CS D:00 | E17: DL Diff. | F17: AA Diff. | G17: Rank | H17: Completion | I17: DL Diff. | J17: AA Diff. | K17: Rank
B18: Denver | C18: =SUMIFS(UA_HUB_SQL_7!J:J,UA_HUB_SQL_7!$B:$B,'PAGE_1 (4)'!B18)/SUMIFS(UA_HUB_SQL_7!$F:$F,UA_HUB_SQL_7!$B:$B,'PAGE_1 (4)'!B18) | D18: =SUMIFS(UA_HUB_SQL_7!K:K,UA_HUB_SQL_7!B:B,'PAGE_1 (4)'!B18)/SUMIFS(UA_HUB_SQL_7!F:F,UA_HUB_SQL_7!B:B,'PAGE_1 (4)'!B18) | E18: - | G18: - | H18: =SUMIFS(UA_HUB_SQL_7!G:G,UA_HUB_SQL_7!$B:$B,'PAGE_1 (4)'!B18)/SUMIFS(UA_HUB_SQL_7!$F:$F,UA_HUB_SQL_7!$B:$B,'PAGE_1 (4)'!B18) | I18: - | J18: - | K18: -
B19: New York | C19: =SUMIFS(UA_HUB_SQL_7!J:J,UA_HUB_SQL_7!$B:$B,'PAGE_1 (4)'!B19)/SUMIFS(UA_HUB_SQL_7!$F:$F,UA_HUB_SQL_7!$B:$B,'PAGE_1 (4)'!B19) | D19: =SUMIFS(UA_HUB_SQL_7!K:K,UA_HUB_SQL_7!B:B,'PAGE_1 (4)'!B19)/SUMIFS(UA_HUB_SQL_7!F:F,UA_HUB_SQL_7!B:B,'PAGE_1 (4)'!B19) | E19: DL - 0.7 AA - (8.0) | G19: =RANK!F9 | H19: =SUMIFS(UA_HUB_SQL_7!G:G,UA_HUB_SQL_7!$B:$B,'PAGE_1 (4)'!B19)/SUMIFS(UA_HUB_SQL_7!$F:$F,UA_HUB_SQL_7!$B:$B,'PAGE_1 (4)'!B19) | I19: =IFERROR(((SUMIFS(UA_HUB_SQL_7!$G:$G,UA_HUB_SQL_7!$B:$B,'PAGE_1 (4)'!B19)/SUMIFS(UA_HUB_SQL_7!$F:$F,UA_HUB_SQL_7!$B:$B,'PAGE_1 (4)'!B19))-(SUMIFS(OA_SQL_2!$L:$L,OA_SQL_2!$A:$A,'PAGE_1 (4)'!B19,OA_SQL_2!$B:$B,"DL")/SUMIFS(OA_SQL_2!$J:$J,OA_SQL_2!$A:$A,'PAGE_1 (4)'!B19,OA_SQL_2!$B:$B,"DL")))*100,"-") | J19: =IFERROR(((SUMIFS(UA_HUB_SQL_7!$G:$G,UA_HUB_SQL_7!$B:$B,'PAGE_1 (4)'!B19)/SUMIFS(UA_HUB_SQL_7!$F:$F,UA_HUB_SQL_7!$B:$B,'PAGE_1 (4)'!B19))-(SUMIFS(OA_SQL_2!$L:$L,OA_SQL_2!$A:$A,'PAGE_1 (4)'!B19,OA_SQL_2!$B:$B,"AA")/SUMIFS(OA_SQL_2!$J:$J,OA_SQL_2!$A:$A,'PAGE_1 (4)'!B19,OA_SQL_2!$B:$B,"AA")))*100,"-") | K19: =RANK!F20
B20: Washington DC | C20: =SUMIFS(UA_HUB_SQL_7!J:J,UA_HUB_SQL_7!$B:$B,'PAGE_1 (4)'!B20)/SUMIFS(UA_HUB_SQL_7!$F:$F,UA_HUB_SQL_7!$B:$B,'PAGE_1 (4)'!B20) | D20: =SUMIFS(UA_HUB_SQL_7!K:K,UA_HUB_SQL_7!B:B,'PAGE_1 (4)'!B20)/SUMIFS(UA_HUB_SQL_7!F:F,UA_HUB_SQL_7!B:B,'PAGE_1 (4)'!B20) | E20: DL - 0.7 AA - (8.0) | G20: =RANK!F10 | H20: =SUMIFS(UA_HUB_SQL_7!G:G,UA_HUB_SQL_7!$B:$B,'PAGE_1 (4)'!B20)/SUMIFS(UA_HUB_SQL_7!$F:$F,UA_HUB_SQL_7!$B:$B,'PAGE_1 (4)'!B20) | I20: =IFERROR(((SUMIFS(UA_HUB_SQL_7!$G:$G,UA_HUB_SQL_7!$B:$B,'PAGE_1 (4)'!B20)/SUMIFS(UA_HUB_SQL_7!$F:$F,UA_HUB_SQL_7!$B:$B,'PAGE_1 (4)'!B20))-(SUMIFS(OA_SQL_2!$L:$L,OA_SQL_2!$A:$A,'PAGE_1 (4)'!B20,OA_SQL_2!$B:$B,"DL")/SUMIFS(OA_SQL_2!$J:$J,OA_SQL_2!$A:$A,'PAGE_1 (4)'!B20,OA_SQL_2!$B:$B,"DL")))*100,"-") | J20: =IFERROR(((SUMIFS(UA_HUB_SQL_7!$G:$G,UA_HUB_SQL_7!$B:$B,'PAGE_1 (4)'!B20)/SUMIFS(UA_HUB_SQL_7!$F:$F,UA_HUB_SQL_7!$B:$B,'PAGE_1 (4)'!B20))-(SUMIFS(OA_SQL_2!$L:$L,OA_SQL_2!$A:$A,'PAGE_1 (4)'!B20,OA_SQL_2!$B:$B,"AA")/SUMIFS(OA_SQL_2!$J:$J,OA_SQL_2!$A:$A,'PAGE_1 (4)'!B20,OA_SQL_2!$B:$B,"AA")))*100,"-") | K20: =RANK!F21
B21: Texas | C21: =SUMIFS(UA_HUB_SQL_7!J:J,UA_HUB_SQL_7!$B:$B,'PAGE_1 (4)'!B21)/SUMIFS(UA_HUB_SQL_7!$F:$F,UA_HUB_SQL_7!$B:$B,'PAGE_1 (4)'!B21) | D21: =SUMIFS(UA_HUB_SQL_7!K:K,UA_HUB_SQL_7!B:B,'PAGE_1 (4)'!B21)/SUMIFS(UA_HUB_SQL_7!F:F,UA_HUB_SQL_7!B:B,'PAGE_1 (4)'!B21) | E21: AA - (8.0) | G21: =RANK!F11 | H21: =SUMIFS(UA_HUB_SQL_7!G:G,UA_HUB_SQL_7!$B:$B,'PAGE_1 (4)'!B21)/SUMIFS(UA_HUB_SQL_7!$F:$F,UA_HUB_SQL_7!$B:$B,'PAGE_1 (4)'!B21) | I21: - | J21: =IFERROR(((SUMIFS(UA_HUB_SQL_7!$G:$G,UA_HUB_SQL_7!$B:$B,'PAGE_1 (4)'!B21)/SUMIFS(UA_HUB_SQL_7!$F:$F,UA_HUB_SQL_7!$B:$B,'PAGE_1 (4)'!B21))-(SUMIFS(OA_SQL_2!$L:$L,OA_SQL_2!$A:$A,'PAGE_1 (4)'!B21,OA_SQL_2!$B:$B,"AA")/SUMIFS(OA_SQL_2!$J:$J,OA_SQL_2!$A:$A,'PAGE_1 (4)'!B21,OA_SQL_2!$B:$B,"AA")))*100,"-") | K21: =RANK!F22
B22: Los Angeles | C22: =SUMIFS(UA_HUB_SQL_7!J:J,UA_HUB_SQL_7!$B:$B,'PAGE_1 (4)'!B22)/SUMIFS(UA_HUB_SQL_7!$F:$F,UA_HUB_SQL_7!$B:$B,'PAGE_1 (4)'!B22) | D22: =SUMIFS(UA_HUB_SQL_7!K:K,UA_HUB_SQL_7!B:B,'PAGE_1 (4)'!B22)/SUMIFS(UA_HUB_SQL_7!F:F,UA_HUB_SQL_7!B:B,'PAGE_1 (4)'!B22) | E22: DL - 0.7 AA - (8.0) | G22: =RANK!F12 | H22: =SUMIFS(UA_HUB_SQL_7!G:G,UA_HUB_SQL_7!$B:$B,'PAGE_1 (4)'!B22)/SUMIFS(UA_HUB_SQL_7!$F:$F,UA_HUB_SQL_7!$B:$B,'PAGE_1 (4)'!B22) | I22: =IFERROR(((SUMIFS(UA_HUB_SQL_7!$G:$G,UA_HUB_SQL_7!$B:$B,'PAGE_1 (4)'!B22)/SUMIFS(UA_HUB_SQL_7!$F:$F,UA_HUB_SQL_7!$B:$B,'PAGE_1 (4)'!B22))-(SUMIFS(OA_SQL_2!$L:$L,OA_SQL_2!$A:$A,'PAGE_1 (4)'!B22,OA_SQL_2!$B:$B,"DL")/SUMIFS(OA_SQL_2!$J:$J,OA_SQL_2!$A:$A,'PAGE_1 (4)'!B22,OA_SQL_2!$B:$B,"DL")))*100,"-") | J22: =IFERROR(((SUMIFS(UA_HUB_SQL_7!$G:$G,UA_HUB_SQL_7!$B:$B,'PAGE_1 (4)'!B22)/SUMIFS(UA_HUB_SQL_7!$F:$F,UA_HUB_SQL_7!$B:$B,'PAGE_1 (4)'!B22))-(SUMIFS(OA_SQL_2!$L:$L,OA_SQL_2!$A:$A,'PAGE_1 (4)'!B22,OA_SQL_2!$B:$B,"AA")/SUMIFS(OA_SQL_2!$J:$J,OA_SQL_2!$A:$A,'PAGE_1 (4)'!B22,OA_SQL_2!$B:$B,"AA")))*100,"-") | K22: =RANK!F23
B23: Chicago | C23: =SUMIFS(UA_HUB_SQL_7!J:J,UA_HUB_SQL_7!$B:$B,'PAGE_1 (4)'!B23)/SUMIFS(UA_HUB_SQL_7!$F:$F,UA_HUB_SQL_7!$B:$B,'PAGE_1 (4)'!B23) | D23: =SUMIFS(UA_HUB_SQL_7!K:K,UA_HUB_SQL_7!B:B,'PAGE_1 (4)'!B23)/SUMIFS(UA_HUB_SQL_7!F:F,UA_HUB_SQL_7!B:B,'PAGE_1 (4)'!B23) | E23: AA - (8.0) | G23: =RANK!F13 | H23: =SUMIFS(UA_HUB_SQL_7!G:G,UA_HUB_SQL_7!$B:$B,'PAGE_1 (4)'!B23)/SUMIFS(UA_HUB_SQL_7!$F:$F,UA_HUB_SQL_7!$B:$B,'PAGE_1 (4)'!B23) | I23: - | J23: =IFERROR(((SUMIFS(UA_HUB_SQL_7!$G:$G,UA_HUB_SQL_7!$B:$B,'PAGE_1 (4)'!B23)/SUMIFS(UA_HUB_SQL_7!$F:$F,UA_HUB_SQL_7!$B:$B,'PAGE_1 (4)'!B23))-(SUMIFS(OA_SQL_2!$L:$L,OA_SQL_2!$A:$A,'PAGE_1 (4)'!B23,OA_SQL_2!$B:$B,"AA")/SUMIFS(OA_SQL_2!$J:$J,OA_SQL_2!$A:$A,'PAGE_1 (4)'!B23,OA_SQL_2!$B:$B,"AA")))*100,"-") | K23: =RANK!F24
B24: San Francisco | C24: =SUMIFS(UA_HUB_SQL_7!J:J,UA_HUB_SQL_7!$B:$B,'PAGE_1 (4)'!B24)/SUMIFS(UA_HUB_SQL_7!$F:$F,UA_HUB_SQL_7!$B:$B,'PAGE_1 (4)'!B24) | D24: =SUMIFS(UA_HUB_SQL_7!K:K,UA_HUB_SQL_7!B:B,'PAGE_1 (4)'!B24)/SUMIFS(UA_HUB_SQL_7!F:F,UA_HUB_SQL_7!B:B,'PAGE_1 (4)'!B24) | E24: AS - (8.0) | G24: - | H24: =SUMIFS(UA_HUB_SQL_7!G:G,UA_HUB_SQL_7!$B:$B,'PAGE_1 (4)'!B24)/SUMIFS(UA_HUB_SQL_7!$F:$F,UA_HUB_SQL_7!$B:$B,'PAGE_1 (4)'!B24) | I24: - | J24: - | K24: -
B27: Cancel Detail
B28: Express Partner | C28: Scheduled Departures | D28: Weather & ATC | E28: Technical Operations | F28: Flight Operations | G28: Inflight Services | H28: Airport Operations | I28: Network Operations | J28: IT | K28: Catering Operations | L28: Other | M28: Total Cancels | N28: ES covered for this partner | O28: Net Cancel | P28: ES covered by this partner
B29: EV - ExpressJet | C29: =SUMIF(SCH_DEP_SQL_4!$A:$A,'PAGE_1 (4)'!R29,SCH_DEP_SQL_4!$E:$E) | D29: =IF(SUMIFS(CNXL_SQL_2!$F:$F,CNXL_SQL_2!$A:$A,'PAGE_1 (4)'!$R29,CNXL_SQL_2!$D:$D,'PAGE_1 (4)'!$S$29)=0,"",SUMIFS(CNXL_SQL_2!$F:$F,CNXL_SQL_2!$A:$A,'PAGE_1 (4)'!$R29,CNXL_SQL_2!$D:$D,'PAGE_1 (4)'!$S$29)) | E29: =IF(SUMIFS(CNXL_SQL_2!$F:$F,CNXL_SQL_2!$A:$A,'PAGE_1 (4)'!$R29,CNXL_SQL_2!$D:$D,'PAGE_1 (4)'!$S$30)=0,"",SUMIFS(CNXL_SQL_2!$F:$F,CNXL_SQL_2!$A:$A,'PAGE_1 (4)'!$R29,CNXL_SQL_2!$D:$D,'PAGE_1 (4)'!$S$30)) | F29: =IF(SUMIFS(CNXL_SQL_2!$F:$F,CNXL_SQL_2!$A:$A,'PAGE_1 (4)'!$R29,CNXL_SQL_2!$D:$D,'PAGE_1 (4)'!$S$31)=0,"",SUMIFS(CNXL_SQL_2!$F:$F,CNXL_SQL_2!$A:$A,'PAGE_1 (4)'!$R29,CNXL_SQL_2!$D:$D,'PAGE_1 (4)'!$S$31)) | G29: =IF(SUMIFS(CNXL_SQL_2!$F:$F,CNXL_SQL_2!$A:$A,'PAGE_1 (4)'!$R29,CNXL_SQL_2!$D:$D,'PAGE_1 (4)'!$S$32)=0,"",SUMIFS(CNXL_SQL_2!$F:$F,CNXL_SQL_2!$A:$A,'PAGE_1 (4)'!$R29,CNXL_SQL_2!$D:$D,'PAGE_1 (4)'!$S$32)) | H29: =IF(SUMIFS(CNXL_SQL_2!$F:$F,CNXL_SQL_2!$A:$A,'PAGE_1 (4)'!$R29,CNXL_SQL_2!$D:$D,'PAGE_1 (4)'!$S$33)=0,"",SUMIFS(CNXL_SQL_2!$F:$F,CNXL_SQL_2!$A:$A,'PAGE_1 (4)'!$R29,CNXL_SQL_2!$D:$D,'PAGE_1 (4)'!$S$33)) | I29: =IF(SUMIFS(CNXL_SQL_2!$F:$F,CNXL_SQL_2!$A:$A,'PAGE_1 (4)'!$R29,CNXL_SQL_2!$D:$D,'PAGE_1 (4)'!$S$34)=0,"",SUMIFS(CNXL_SQL_2!$F:$F,CNXL_SQL_2!$A:$A,'PAGE_1 (4)'!$R29,CNXL_SQL_2!$D:$D,'PAGE_1 (4)'!$S$34)) | J29: =IF(SUMIFS(CNXL_SQL_2!$F:$F,CNXL_SQL_2!$A:$A,'PAGE_1 (4)'!$R29,CNXL_SQL_2!$D:$D,'PAGE_1 (4)'!$S$35)=0,"",SUMIFS(CNXL_SQL_2!$F:$F,CNXL_SQL_2!$A:$A,'PAGE_1 (4)'!$R29,CNXL_SQL_2!$D:$D,'PAGE_1 (4)'!$S$35)) | K29: =IF(SUMIFS(CNXL_SQL_2!$F:$F,CNXL_SQL_2!$A:$A,'PAGE_1 (4)'!$R29,CNXL_SQL_2!$D:$D,'PAGE_1 (4)'!$S$36)=0,"",SUMIFS(CNXL_SQL_2!$F:$F,CNXL_SQL_2!$A:$A,'PAGE_1 (4)'!$R29,CNXL_SQL_2!$D:$D,'PAGE_1 (4)'!$S$36)) | L29: =IF(SUMIFS(CNXL_SQL_2!$F:$F,CNXL_SQL_2!$A:$A,'PAGE_1 (4)'!$R29,CNXL_SQL_2!$D:$D,'PAGE_1 (4)'!$S$37)=0,"",SUMIFS(CNXL_SQL_2!$F:$F,CNXL_SQL_2!$A:$A,'PAGE_1 (4)'!$R29,CNXL_SQL_2!$D:$D,'PAGE_1 (4)'!$S$37)) | M29: =IF(SUM(D29:L29)=0,"",SUM(D29:L29)) | N29: =ES_MATRIX!K3 | O29: =IFERROR(M29-ES_MATRIX!L3,"") | P29: =IF(SUMIF(CNXL_SQL_2!$E:$E,'PAGE_1 (4)'!R29,CNXL_SQL_2!$F:$F)=0,"",SUMIF(CNXL_SQL_2!$E:$E,'PAGE_1 (4)'!R29,CNXL_SQL_2!$F:$F)) | R29: EV | S29: WEATHER/ATC
B30: OO - SkyWest | C30: =SUMIF(SCH_DEP_SQL_4!$A:$A,'PAGE_1 (4)'!R30,SCH_DEP_SQL_4!$E:$E) | D30: =IF(SUMIFS(CNXL_SQL_2!$F:$F,CNXL_SQL_2!$A:$A,'PAGE_1 (4)'!$R30,CNXL_SQL_2!$D:$D,'PAGE_1 (4)'!$S$29)=0,"",SUMIFS(CNXL_SQL_2!$F:$F,CNXL_SQL_2!$A:$A,'PAGE_1 (4)'!$R30,CNXL_SQL_2!$D:$D,'PAGE_1 (4)'!$S$29)) | E30: =IF(SUMIFS(CNXL_SQL_2!$F:$F,CNXL_SQL_2!$A:$A,'PAGE_1 (4)'!$R30,CNXL_SQL_2!$D:$D,'PAGE_1 (4)'!$S$30)=0,"",SUMIFS(CNXL_SQL_2!$F:$F,CNXL_SQL_2!$A:$A,'PAGE_1 (4)'!$R30,CNXL_SQL_2!$D:$D,'PAGE_1 (4)'!$S$30)) | F30: =IF(SUMIFS(CNXL_SQL_2!$F:$F,CNXL_SQL_2!$A:$A,'PAGE_1 (4)'!$R30,CNXL_SQL_2!$D:$D,'PAGE_1 (4)'!$S$31)=0,"",SUMIFS(CNXL_SQL_2!$F:$F,CNXL_SQL_2!$A:$A,'PAGE_1 (4)'!$R30,CNXL_SQL_2!$D:$D,'PAGE_1 (4)'!$S$31)) | G30: =IF(SUMIFS(CNXL_SQL_2!$F:$F,CNXL_SQL_2!$A:$A,'PAGE_1 (4)'!$R30,CNXL_SQL_2!$D:$D,'PAGE_1 (4)'!$S$32)=0,"",SUMIFS(CNXL_SQL_2!$F:$F,CNXL_SQL_2!$A:$A,'PAGE_1 (4)'!$R30,CNXL_SQL_2!$D:$D,'PAGE_1 (4)'!$S$32)) | H30: =IF(SUMIFS(CNXL_SQL_2!$F:$F,CNXL_SQL_2!$A:$A,'PAGE_1 (4)'!$R30,CNXL_SQL_2!$D:$D,'PAGE_1 (4)'!$S$33)=0,"",SUMIFS(CNXL_SQL_2!$F:$F,CNXL_SQL_2!$A:$A,'PAGE_1 (4)'!$R30,CNXL_SQL_2!$D:$D,'PAGE_1 (4)'!$S$33)) | I30: =IF(SUMIFS(CNXL_SQL_2!$F:$F,CNXL_SQL_2!$A:$A,'PAGE_1 (4)'!$R30,CNXL_SQL_2!$D:$D,'PAGE_1 (4)'!$S$34)=0,"",SUMIFS(CNXL_SQL_2!$F:$F,CNXL_SQL_2!$A:$A,'PAGE_1 (4)'!$R30,CNXL_SQL_2!$D:$D,'PAGE_1 (4)'!$S$34)) | J30: =IF(SUMIFS(CNXL_SQL_2!$F:$F,CNXL_SQL_2!$A:$A,'PAGE_1 (4)'!$R30,CNXL_SQL_2!$D:$D,'PAGE_1 (4)'!$S$35)=0,"",SUMIFS(CNXL_SQL_2!$F:$F,CNXL_SQL_2!$A:$A,'PAGE_1 (4)'!$R30,CNXL_SQL_2!$D:$D,'PAGE_1 (4)'!$S$35)) | K30: =IF(SUMIFS(CNXL_SQL_2!$F:$F,CNXL_SQL_2!$A:$A,'PAGE_1 (4)'!$R30,CNXL_SQL_2!$D:$D,'PAGE_1 (4)'!$S$36)=0,"",SUMIFS(CNXL_SQL_2!$F:$F,CNXL_SQL_2!$A:$A,'PAGE_1 (4)'!$R30,CNXL_SQL_2!$D:$D,'PAGE_1 (4)'!$S$36)) | L30: =IF(SUMIFS(CNXL_SQL_2!$F:$F,CNXL_SQL_2!$A:$A,'PAGE_1 (4)'!$R30,CNXL_SQL_2!$D:$D,'PAGE_1 (4)'!$S$37)=0,"",SUMIFS(CNXL_SQL_2!$F:$F,CNXL_SQL_2!$A:$A,'PAGE_1 (4)'!$R30,CNXL_SQL_2!$D:$D,'PAGE_1 (4)'!$S$37)) | M30: =IF(SUM(D30:L30)=0,"",SUM(D30:L30)) | N30: =ES_MATRIX!K4 | O30: =IFERROR(M30-ES_MATRIX!L4,"") | P30: =IF(SUMIF(CNXL_SQL_2!$E:$E,'PAGE_1 (4)'!R30,CNXL_SQL_2!$F:$F)=0,"",SUMIF(CNXL_SQL_2!$E:$E,'PAGE_1 (4)'!R30,CNXL_SQL_2!$F:$F)) | R30: OO | S30: TECHNICAL OPERATIONS-AIRCRAFT
B31: AX - Trans States | C31: =SUMIF(SCH_DEP_SQL_4!$A:$A,'PAGE_1 (4)'!R31,SCH_DEP_SQL_4!$E:$E) | D31: =IF(SUMIFS(CNXL_SQL_2!$F:$F,CNXL_SQL_2!$A:$A,'PAGE_1 (4)'!$R31,CNXL_SQL_2!$D:$D,'PAGE_1 (4)'!$S$29)=0,"",SUMIFS(CNXL_SQL_2!$F:$F,CNXL_SQL_2!$A:$A,'PAGE_1 (4)'!$R31,CNXL_SQL_2!$D:$D,'PAGE_1 (4)'!$S$29)) | E31: =IF(SUMIFS(CNXL_SQL_2!$F:$F,CNXL_SQL_2!$A:$A,'PAGE_1 (4)'!$R31,CNXL_SQL_2!$D:$D,'PAGE_1 (4)'!$S$30)=0,"",SUMIFS(CNXL_SQL_2!$F:$F,CNXL_SQL_2!$A:$A,'PAGE_1 (4)'!$R31,CNXL_SQL_2!$D:$D,'PAGE_1 (4)'!$S$30)) | F31: =IF(SUMIFS(CNXL_SQL_2!$F:$F,CNXL_SQL_2!$A:$A,'PAGE_1 (4)'!$R31,CNXL_SQL_2!$D:$D,'PAGE_1 (4)'!$S$31)=0,"",SUMIFS(CNXL_SQL_2!$F:$F,CNXL_SQL_2!$A:$A,'PAGE_1 (4)'!$R31,CNXL_SQL_2!$D:$D,'PAGE_1 (4)'!$S$31)) | G31: =IF(SUMIFS(CNXL_SQL_2!$F:$F,CNXL_SQL_2!$A:$A,'PAGE_1 (4)'!$R31,CNXL_SQL_2!$D:$D,'PAGE_1 (4)'!$S$32)=0,"",SUMIFS(CNXL_SQL_2!$F:$F,CNXL_SQL_2!$A:$A,'PAGE_1 (4)'!$R31,CNXL_SQL_2!$D:$D,'PAGE_1 (4)'!$S$32)) | H31: =IF(SUMIFS(CNXL_SQL_2!$F:$F,CNXL_SQL_2!$A:$A,'PAGE_1 (4)'!$R31,CNXL_SQL_2!$D:$D,'PAGE_1 (4)'!$S$33)=0,"",SUMIFS(CNXL_SQL_2!$F:$F,CNXL_SQL_2!$A:$A,'PAGE_1 (4)'!$R31,CNXL_SQL_2!$D:$D,'PAGE_1 (4)'!$S$33)) | I31: =IF(SUMIFS(CNXL_SQL_2!$F:$F,CNXL_SQL_2!$A:$A,'PAGE_1 (4)'!$R31,CNXL_SQL_2!$D:$D,'PAGE_1 (4)'!$S$34)=0,"",SUMIFS(CNXL_SQL_2!$F:$F,CNXL_SQL_2!$A:$A,'PAGE_1 (4)'!$R31,CNXL_SQL_2!$D:$D,'PAGE_1 (4)'!$S$34)) | J31: =IF(SUMIFS(CNXL_SQL_2!$F:$F,CNXL_SQL_2!$A:$A,'PAGE_1 (4)'!$R31,CNXL_SQL_2!$D:$D,'PAGE_1 (4)'!$S$35)=0,"",SUMIFS(CNXL_SQL_2!$F:$F,CNXL_SQL_2!$A:$A,'PAGE_1 (4)'!$R31,CNXL_SQL_2!$D:$D,'PAGE_1 (4)'!$S$35)) | K31: =IF(SUMIFS(CNXL_SQL_2!$F:$F,CNXL_SQL_2!$A:$A,'PAGE_1 (4)'!$R31,CNXL_SQL_2!$D:$D,'PAGE_1 (4)'!$S$36)=0,"",SUMIFS(CNXL_SQL_2!$F:$F,CNXL_SQL_2!$A:$A,'PAGE_1 (4)'!$R31,CNXL_SQL_2!$D:$D,'PAGE_1 (4)'!$S$36)) | L31: =IF(SUMIFS(CNXL_SQL_2!$F:$F,CNXL_SQL_2!$A:$A,'PAGE_1 (4)'!$R31,CNXL_SQL_2!$D:$D,'PAGE_1 (4)'!$S$37)=0,"",SUMIFS(CNXL_SQL_2!$F:$F,CNXL_SQL_2!$A:$A,'PAGE_1 (4)'!$R31,CNXL_SQL_2!$D:$D,'PAGE_1 (4)'!$S$37)) | M31: =IF(SUM(D31:L31)=0,"",SUM(D31:L31)) | N31: =ES_MATRIX!K5 | O31: =IFERROR(M31-ES_MATRIX!L5,"") | P31: =IF(SUMIF(CNXL_SQL_2!$E:$E,'PAGE_1 (4)'!R31,CNXL_SQL_2!$F:$F)=0,"",SUMIF(CNXL_SQL_2!$E:$E,'PAGE_1 (4)'!R31,CNXL_SQL_2!$F:$F)) | R31: AX | S31: FLIGHT OPERATIONS
B32: YX - Republic | C32: =SUMIF(SCH_DEP_SQL_4!$A:$A,'PAGE_1 (4)'!R32,SCH_DEP_SQL_4!$E:$E) | D32: =IF(SUMIFS(CNXL_SQL_2!$F:$F,CNXL_SQL_2!$A:$A,'PAGE_1 (4)'!$R32,CNXL_SQL_2!$D:$D,'PAGE_1 (4)'!$S$29)=0,"",SUMIFS(CNXL_SQL_2!$F:$F,CNXL_SQL_2!$A:$A,'PAGE_1 (4)'!$R32,CNXL_SQL_2!$D:$D,'PAGE_1 (4)'!$S$29)) | E32: =IF(SUMIFS(CNXL_SQL_2!$F:$F,CNXL_SQL_2!$A:$A,'PAGE_1 (4)'!$R32,CNXL_SQL_2!$D:$D,'PAGE_1 (4)'!$S$30)=0,"",SUMIFS(CNXL_SQL_2!$F:$F,CNXL_SQL_2!$A:$A,'PAGE_1 (4)'!$R32,CNXL_SQL_2!$D:$D,'PAGE_1 (4)'!$S$30)) | F32: =IF(SUMIFS(CNXL_SQL_2!$F:$F,CNXL_SQL_2!$A:$A,'PAGE_1 (4)'!$R32,CNXL_SQL_2!$D:$D,'PAGE_1 (4)'!$S$31)=0,"",SUMIFS(CNXL_SQL_2!$F:$F,CNXL_SQL_2!$A:$A,'PAGE_1 (4)'!$R32,CNXL_SQL_2!$D:$D,'PAGE_1 (4)'!$S$31)) | G32: =IF(SUMIFS(CNXL_SQL_2!$F:$F,CNXL_SQL_2!$A:$A,'PAGE_1 (4)'!$R32,CNXL_SQL_2!$D:$D,'PAGE_1 (4)'!$S$32)=0,"",SUMIFS(CNXL_SQL_2!$F:$F,CNXL_SQL_2!$A:$A,'PAGE_1 (4)'!$R32,CNXL_SQL_2!$D:$D,'PAGE_1 (4)'!$S$32)) | H32: =IF(SUMIFS(CNXL_SQL_2!$F:$F,CNXL_SQL_2!$A:$A,'PAGE_1 (4)'!$R32,CNXL_SQL_2!$D:$D,'PAGE_1 (4)'!$S$33)=0,"",SUMIFS(CNXL_SQL_2!$F:$F,CNXL_SQL_2!$A:$A,'PAGE_1 (4)'!$R32,CNXL_SQL_2!$D:$D,'PAGE_1 (4)'!$S$33)) | I32: =IF(SUMIFS(CNXL_SQL_2!$F:$F,CNXL_SQL_2!$A:$A,'PAGE_1 (4)'!$R32,CNXL_SQL_2!$D:$D,'PAGE_1 (4)'!$S$34)=0,"",SUMIFS(CNXL_SQL_2!$F:$F,CNXL_SQL_2!$A:$A,'PAGE_1 (4)'!$R32,CNXL_SQL_2!$D:$D,'PAGE_1 (4)'!$S$34)) | J32: =IF(SUMIFS(CNXL_SQL_2!$F:$F,CNXL_SQL_2!$A:$A,'PAGE_1 (4)'!$R32,CNXL_SQL_2!$D:$D,'PAGE_1 (4)'!$S$35)=0,"",SUMIFS(CNXL_SQL_2!$F:$F,CNXL_SQL_2!$A:$A,'PAGE_1 (4)'!$R32,CNXL_SQL_2!$D:$D,'PAGE_1 (4)'!$S$35)) | K32: =IF(SUMIFS(CNXL_SQL_2!$F:$F,CNXL_SQL_2!$A:$A,'PAGE_1 (4)'!$R32,CNXL_SQL_2!$D:$D,'PAGE_1 (4)'!$S$36)=0,"",SUMIFS(CNXL_SQL_2!$F:$F,CNXL_SQL_2!$A:$A,'PAGE_1 (4)'!$R32,CNXL_SQL_2!$D:$D,'PAGE_1 (4)'!$S$36)) | L32: =IF(SUMIFS(CNXL_SQL_2!$F:$F,CNXL_SQL_2!$A:$A,'PAGE_1 (4)'!$R32,CNXL_SQL_2!$D:$D,'PAGE_1 (4)'!$S$37)=0,"",SUMIFS(CNXL_SQL_2!$F:$F,CNXL_SQL_2!$A:$A,'PAGE_1 (4)'!$R32,CNXL_SQL_2!$D:$D,'PAGE_1 (4)'!$S$37)) | M32: =IF(SUM(D32:L32)=0,"",SUM(D32:L32)) | N32: =ES_MATRIX!K6 | O32: =IFERROR(M32-ES_MATRIX!L6,"") | P32: =IF(SUMIF(CNXL_SQL_2!$E:$E,'PAGE_1 (4)'!R32,CNXL_SQL_2!$F:$F)=0,"",SUMIF(CNXL_SQL_2!$E:$E,'PAGE_1 (4)'!R32,CNXL_SQL_2!$F:$F)) | R32: YX | S32: INFLIGHT SERVICES
B33: G7 - Go Jet | C33: =SUMIF(SCH_DEP_SQL_4!$A:$A,'PAGE_1 (4)'!R33,SCH_DEP_SQL_4!$E:$E) | D33: =IF(SUMIFS(CNXL_SQL_2!$F:$F,CNXL_SQL_2!$A:$A,'PAGE_1 (4)'!$R33,CNXL_SQL_2!$D:$D,'PAGE_1 (4)'!$S$29)=0,"",SUMIFS(CNXL_SQL_2!$F:$F,CNXL_SQL_2!$A:$A,'PAGE_1 (4)'!$R33,CNXL_SQL_2!$D:$D,'PAGE_1 (4)'!$S$29)) | E33: =IF(SUMIFS(CNXL_SQL_2!$F:$F,CNXL_SQL_2!$A:$A,'PAGE_1 (4)'!$R33,CNXL_SQL_2!$D:$D,'PAGE_1 (4)'!$S$30)=0,"",SUMIFS(CNXL_SQL_2!$F:$F,CNXL_SQL_2!$A:$A,'PAGE_1 (4)'!$R33,CNXL_SQL_2!$D:$D,'PAGE_1 (4)'!$S$30)) | F33: =IF(SUMIFS(CNXL_SQL_2!$F:$F,CNXL_SQL_2!$A:$A,'PAGE_1 (4)'!$R33,CNXL_SQL_2!$D:$D,'PAGE_1 (4)'!$S$31)=0,"",SUMIFS(CNXL_SQL_2!$F:$F,CNXL_SQL_2!$A:$A,'PAGE_1 (4)'!$R33,CNXL_SQL_2!$D:$D,'PAGE_1 (4)'!$S$31)) | G33: =IF(SUMIFS(CNXL_SQL_2!$F:$F,CNXL_SQL_2!$A:$A,'PAGE_1 (4)'!$R33,CNXL_SQL_2!$D:$D,'PAGE_1 (4)'!$S$32)=0,"",SUMIFS(CNXL_SQL_2!$F:$F,CNXL_SQL_2!$A:$A,'PAGE_1 (4)'!$R33,CNXL_SQL_2!$D:$D,'PAGE_1 (4)'!$S$32)) | H33: =IF(SUMIFS(CNXL_SQL_2!$F:$F,CNXL_SQL_2!$A:$A,'PAGE_1 (4)'!$R33,CNXL_SQL_2!$D:$D,'PAGE_1 (4)'!$S$33)=0,"",SUMIFS(CNXL_SQL_2!$F:$F,CNXL_SQL_2!$A:$A,'PAGE_1 (4)'!$R33,CNXL_SQL_2!$D:$D,'PAGE_1 (4)'!$S$33)) | I33: =IF(SUMIFS(CNXL_SQL_2!$F:$F,CNXL_SQL_2!$A:$A,'PAGE_1 (4)'!$R33,CNXL_SQL_2!$D:$D,'PAGE_1 (4)'!$S$34)=0,"",SUMIFS(CNXL_SQL_2!$F:$F,CNXL_SQL_2!$A:$A,'PAGE_1 (4)'!$R33,CNXL_SQL_2!$D:$D,'PAGE_1 (4)'!$S$34)) | J33: =IF(SUMIFS(CNXL_SQL_2!$F:$F,CNXL_SQL_2!$A:$A,'PAGE_1 (4)'!$R33,CNXL_SQL_2!$D:$D,'PAGE_1 (4)'!$S$35)=0,"",SUMIFS(CNXL_SQL_2!$F:$F,CNXL_SQL_2!$A:$A,'PAGE_1 (4)'!$R33,CNXL_SQL_2!$D:$D,'PAGE_1 (4)'!$S$35)) | K33: =IF(SUMIFS(CNXL_SQL_2!$F:$F,CNXL_SQL_2!$A:$A,'PAGE_1 (4)'!$R33,CNXL_SQL_2!$D:$D,'PAGE_1 (4)'!$S$36)=0,"",SUMIFS(CNXL_SQL_2!$F:$F,CNXL_SQL_2!$A:$A,'PAGE_1 (4)'!$R33,CNXL_SQL_2!$D:$D,'PAGE_1 (4)'!$S$36)) | L33: =IF(SUMIFS(CNXL_SQL_2!$F:$F,CNXL_SQL_2!$A:$A,'PAGE_1 (4)'!$R33,CNXL_SQL_2!$D:$D,'PAGE_1 (4)'!$S$37)=0,"",SUMIFS(CNXL_SQL_2!$F:$F,CNXL_SQL_2!$A:$A,'PAGE_1 (4)'!$R33,CNXL_SQL_2!$D:$D,'PAGE_1 (4)'!$S$37)) | M33: =IF(SUM(D33:L33)=0,"",SUM(D33:L33)) | N33: =ES_MATRIX!K7 | O33: =IFERROR(M33-ES_MATRIX!L7,"") | P33: =IF(SUMIF(CNXL_SQL_2!$E:$E,'PAGE_1 (4)'!R33,CNXL_SQL_2!$F:$F)=0,"",SUMIF(CNXL_SQL_2!$E:$E,'PAGE_1 (4)'!R33,CNXL_SQL_2!$F:$F)) | R33: G7 | S33: AIRPORT OPERATIONS
B34: C5 - CommutAir | C34: =SUMIF(SCH_DEP_SQL_4!$A:$A,'PAGE_1 (4)'!R34,SCH_DEP_SQL_4!$E:$E) | D34: =IF(SUMIFS(CNXL_SQL_2!$F:$F,CNXL_SQL_2!$A:$A,'PAGE_1 (4)'!$R34,CNXL_SQL_2!$D:$D,'PAGE_1 (4)'!$S$29)=0,"",SUMIFS(CNXL_SQL_2!$F:$F,CNXL_SQL_2!$A:$A,'PAGE_1 (4)'!$R34,CNXL_SQL_2!$D:$D,'PAGE_1 (4)'!$S$29)) | E34: =IF(SUMIFS(CNXL_SQL_2!$F:$F,CNXL_SQL_2!$A:$A,'PAGE_1 (4)'!$R34,CNXL_SQL_2!$D:$D,'PAGE_1 (4)'!$S$30)=0,"",SUMIFS(CNXL_SQL_2!$F:$F,CNXL_SQL_2!$A:$A,'PAGE_1 (4)'!$R34,CNXL_SQL_2!$D:$D,'PAGE_1 (4)'!$S$30)) | F34: =IF(SUMIFS(CNXL_SQL_2!$F:$F,CNXL_SQL_2!$A:$A,'PAGE_1 (4)'!$R34,CNXL_SQL_2!$D:$D,'PAGE_1 (4)'!$S$31)=0,"",SUMIFS(CNXL_SQL_2!$F:$F,CNXL_SQL_2!$A:$A,'PAGE_1 (4)'!$R34,CNXL_SQL_2!$D:$D,'PAGE_1 (4)'!$S$31)) | G34: =IF(SUMIFS(CNXL_SQL_2!$F:$F,CNXL_SQL_2!$A:$A,'PAGE_1 (4)'!$R34,CNXL_SQL_2!$D:$D,'PAGE_1 (4)'!$S$32)=0,"",SUMIFS(CNXL_SQL_2!$F:$F,CNXL_SQL_2!$A:$A,'PAGE_1 (4)'!$R34,CNXL_SQL_2!$D:$D,'PAGE_1 (4)'!$S$32)) | H34: =IF(SUMIFS(CNXL_SQL_2!$F:$F,CNXL_SQL_2!$A:$A,'PAGE_1 (4)'!$R34,CNXL_SQL_2!$D:$D,'PAGE_1 (4)'!$S$33)=0,"",SUMIFS(CNXL_SQL_2!$F:$F,CNXL_SQL_2!$A:$A,'PAGE_1 (4)'!$R34,CNXL_SQL_2!$D:$D,'PAGE_1 (4)'!$S$33)) | I34: =IF(SUMIFS(CNXL_SQL_2!$F:$F,CNXL_SQL_2!$A:$A,'PAGE_1 (4)'!$R34,CNXL_SQL_2!$D:$D,'PAGE_1 (4)'!$S$34)=0,"",SUMIFS(CNXL_SQL_2!$F:$F,CNXL_SQL_2!$A:$A,'PAGE_1 (4)'!$R34,CNXL_SQL_2!$D:$D,'PAGE_1 (4)'!$S$34)) | J34: =IF(SUMIFS(CNXL_SQL_2!$F:$F,CNXL_SQL_2!$A:$A,'PAGE_1 (4)'!$R34,CNXL_SQL_2!$D:$D,'PAGE_1 (4)'!$S$35)=0,"",SUMIFS(CNXL_SQL_2!$F:$F,CNXL_SQL_2!$A:$A,'PAGE_1 (4)'!$R34,CNXL_SQL_2!$D:$D,'PAGE_1 (4)'!$S$35)) | K34: =IF(SUMIFS(CNXL_SQL_2!$F:$F,CNXL_SQL_2!$A:$A,'PAGE_1 (4)'!$R34,CNXL_SQL_2!$D:$D,'PAGE_1 (4)'!$S$36)=0,"",SUMIFS(CNXL_SQL_2!$F:$F,CNXL_SQL_2!$A:$A,'PAGE_1 (4)'!$R34,CNXL_SQL_2!$D:$D,'PAGE_1 (4)'!$S$36)) | L34: =IF(SUMIFS(CNXL_SQL_2!$F:$F,CNXL_SQL_2!$A:$A,'PAGE_1 (4)'!$R34,CNXL_SQL_2!$D:$D,'PAGE_1 (4)'!$S$37)=0,"",SUMIFS(CNXL_SQL_2!$F:$F,CNXL_SQL_2!$A:$A,'PAGE_1 (4)'!$R34,CNXL_SQL_2!$D:$D,'PAGE_1 (4)'!$S$37)) | M34: =IF(SUM(D34:L34)=0,"",SUM(D34:L34)) | N34: =ES_MATRIX!K8 | O34: =IFERROR(M34-ES_MATRIX!L8,"") | P34: =IF(SUMIF(CNXL_SQL_2!$E:$E,'PAGE_1 (4)'!R34,CNXL_SQL_2!$F:$F)=0,"",SUMIF(CNXL_SQL_2!$E:$E,'PAGE_1 (4)'!R34,CNXL_SQL_2!$F:$F)) | R34: C5 | S34: NETWORK OPERATIONS CENTER
B35: YV - Mesa | C35: =SUMIF(SCH_DEP_SQL_4!$A:$A,'PAGE_1 (4)'!R35,SCH_DEP_SQL_4!$E:$E) | D35: =IF(SUMIFS(CNXL_SQL_2!$F:$F,CNXL_SQL_2!$A:$A,'PAGE_1 (4)'!$R35,CNXL_SQL_2!$D:$D,'PAGE_1 (4)'!$S$29)=0,"",SUMIFS(CNXL_SQL_2!$F:$F,CNXL_SQL_2!$A:$A,'PAGE_1 (4)'!$R35,CNXL_SQL_2!$D:$D,'PAGE_1 (4)'!$S$29)) | E35: =IF(SUMIFS(CNXL_SQL_2!$F:$F,CNXL_SQL_2!$A:$A,'PAGE_1 (4)'!$R35,CNXL_SQL_2!$D:$D,'PAGE_1 (4)'!$S$30)=0,"",SUMIFS(CNXL_SQL_2!$F:$F,CNXL_SQL_2!$A:$A,'PAGE_1 (4)'!$R35,CNXL_SQL_2!$D:$D,'PAGE_1 (4)'!$S$30)) | F35: =IF(SUMIFS(CNXL_SQL_2!$F:$F,CNXL_SQL_2!$A:$A,'PAGE_1 (4)'!$R35,CNXL_SQL_2!$D:$D,'PAGE_1 (4)'!$S$31)=0,"",SUMIFS(CNXL_SQL_2!$F:$F,CNXL_SQL_2!$A:$A,'PAGE_1 (4)'!$R35,CNXL_SQL_2!$D:$D,'PAGE_1 (4)'!$S$31)) | G35: =IF(SUMIFS(CNXL_SQL_2!$F:$F,CNXL_SQL_2!$A:$A,'PAGE_1 (4)'!$R35,CNXL_SQL_2!$D:$D,'PAGE_1 (4)'!$S$32)=0,"",SUMIFS(CNXL_SQL_2!$F:$F,CNXL_SQL_2!$A:$A,'PAGE_1 (4)'!$R35,CNXL_SQL_2!$D:$D,'PAGE_1 (4)'!$S$32)) | H35: =IF(SUMIFS(CNXL_SQL_2!$F:$F,CNXL_SQL_2!$A:$A,'PAGE_1 (4)'!$R35,CNXL_SQL_2!$D:$D,'PAGE_1 (4)'!$S$33)=0,"",SUMIFS(CNXL_SQL_2!$F:$F,CNXL_SQL_2!$A:$A,'PAGE_1 (4)'!$R35,CNXL_SQL_2!$D:$D,'PAGE_1 (4)'!$S$33)) | I35: =IF(SUMIFS(CNXL_SQL_2!$F:$F,CNXL_SQL_2!$A:$A,'PAGE_1 (4)'!$R35,CNXL_SQL_2!$D:$D,'PAGE_1 (4)'!$S$34)=0,"",SUMIFS(CNXL_SQL_2!$F:$F,CNXL_SQL_2!$A:$A,'PAGE_1 (4)'!$R35,CNXL_SQL_2!$D:$D,'PAGE_1 (4)'!$S$34)) | J35: =IF(SUMIFS(CNXL_SQL_2!$F:$F,CNXL_SQL_2!$A:$A,'PAGE_1 (4)'!$R35,CNXL_SQL_2!$D:$D,'PAGE_1 (4)'!$S$35)=0,"",SUMIFS(CNXL_SQL_2!$F:$F,CNXL_SQL_2!$A:$A,'PAGE_1 (4)'!$R35,CNXL_SQL_2!$D:$D,'PAGE_1 (4)'!$S$35)) | K35: =IF(SUMIFS(CNXL_SQL_2!$F:$F,CNXL_SQL_2!$A:$A,'PAGE_1 (4)'!$R35,CNXL_SQL_2!$D:$D,'PAGE_1 (4)'!$S$36)=0,"",SUMIFS(CNXL_SQL_2!$F:$F,CNXL_SQL_2!$A:$A,'PAGE_1 (4)'!$R35,CNXL_SQL_2!$D:$D,'PAGE_1 (4)'!$S$36)) | L35: =IF(SUMIFS(CNXL_SQL_2!$F:$F,CNXL_SQL_2!$A:$A,'PAGE_1 (4)'!$R35,CNXL_SQL_2!$D:$D,'PAGE_1 (4)'!$S$37)=0,"",SUMIFS(CNXL_SQL_2!$F:$F,CNXL_SQL_2!$A:$A,'PAGE_1 (4)'!$R35,CNXL_SQL_2!$D:$D,'PAGE_1 (4)'!$S$37)) | M35: =IF(SUM(D35:L35)=0,"",SUM(D35:L35)) | N35: =ES_MATRIX!K9 | O35: =IFERROR(M35-ES_MATRIX!L9,"") | P35: =IF(SUMIF(CNXL_SQL_2!$E:$E,'PAGE_1 (4)'!R35,CNXL_SQL_2!$F:$F)=0,"",SUMIF(CNXL_SQL_2!$E:$E,'PAGE_1 (4)'!R35,CNXL_SQL_2!$F:$F)) | R35: YV | S35: TECHNOLOGY
B36: ZW - Air Wisconsin | C36: =SUMIF(SCH_DEP_SQL_4!$A:$A,'PAGE_1 (4)'!R36,SCH_DEP_SQL_4!$E:$E) | D36: =IF(SUMIFS(CNXL_SQL_2!$F:$F,CNXL_SQL_2!$A:$A,'PAGE_1 (4)'!$R36,CNXL_SQL_2!$D:$D,'PAGE_1 (4)'!$S$29)=0,"",SUMIFS(CNXL_SQL_2!$F:$F,CNXL_SQL_2!$A:$A,'PAGE_1 (4)'!$R36,CNXL_SQL_2!$D:$D,'PAGE_1 (4)'!$S$29)) | E36: =IF(SUMIFS(CNXL_SQL_2!$F:$F,CNXL_SQL_2!$A:$A,'PAGE_1 (4)'!$R36,CNXL_SQL_2!$D:$D,'PAGE_1 (4)'!$S$30)=0,"",SUMIFS(CNXL_SQL_2!$F:$F,CNXL_SQL_2!$A:$A,'PAGE_1 (4)'!$R36,CNXL_SQL_2!$D:$D,'PAGE_1 (4)'!$S$30)) | F36: =IF(SUMIFS(CNXL_SQL_2!$F:$F,CNXL_SQL_2!$A:$A,'PAGE_1 (4)'!$R36,CNXL_SQL_2!$D:$D,'PAGE_1 (4)'!$S$31)=0,"",SUMIFS(CNXL_SQL_2!$F:$F,CNXL_SQL_2!$A:$A,'PAGE_1 (4)'!$R36,CNXL_SQL_2!$D:$D,'PAGE_1 (4)'!$S$31)) | G36: =IF(SUMIFS(CNXL_SQL_2!$F:$F,CNXL_SQL_2!$A:$A,'PAGE_1 (4)'!$R36,CNXL_SQL_2!$D:$D,'PAGE_1 (4)'!$S$32)=0,"",SUMIFS(CNXL_SQL_2!$F:$F,CNXL_SQL_2!$A:$A,'PAGE_1 (4)'!$R36,CNXL_SQL_2!$D:$D,'PAGE_1 (4)'!$S$32)) | H36: =IF(SUMIFS(CNXL_SQL_2!$F:$F,CNXL_SQL_2!$A:$A,'PAGE_1 (4)'!$R36,CNXL_SQL_2!$D:$D,'PAGE_1 (4)'!$S$33)=0,"",SUMIFS(CNXL_SQL_2!$F:$F,CNXL_SQL_2!$A:$A,'PAGE_1 (4)'!$R36,CNXL_SQL_2!$D:$D,'PAGE_1 (4)'!$S$33)) | I36: =IF(SUMIFS(CNXL_SQL_2!$F:$F,CNXL_SQL_2!$A:$A,'PAGE_1 (4)'!$R36,CNXL_SQL_2!$D:$D,'PAGE_1 (4)'!$S$34)=0,"",SUMIFS(CNXL_SQL_2!$F:$F,CNXL_SQL_2!$A:$A,'PAGE_1 (4)'!$R36,CNXL_SQL_2!$D:$D,'PAGE_1 (4)'!$S$34)) | J36: =IF(SUMIFS(CNXL_SQL_2!$F:$F,CNXL_SQL_2!$A:$A,'PAGE_1 (4)'!$R36,CNXL_SQL_2!$D:$D,'PAGE_1 (4)'!$S$35)=0,"",SUMIFS(CNXL_SQL_2!$F:$F,CNXL_SQL_2!$A:$A,'PAGE_1 (4)'!$R36,CNXL_SQL_2!$D:$D,'PAGE_1 (4)'!$S$35)) | K36: =IF(SUMIFS(CNXL_SQL_2!$F:$F,CNXL_SQL_2!$A:$A,'PAGE_1 (4)'!$R36,CNXL_SQL_2!$D:$D,'PAGE_1 (4)'!$S$36)=0,"",SUMIFS(CNXL_SQL_2!$F:$F,CNXL_SQL_2!$A:$A,'PAGE_1 (4)'!$R36,CNXL_SQL_2!$D:$D,'PAGE_1 (4)'!$S$36)) | L36: =IF(SUMIFS(CNXL_SQL_2!$F:$F,CNXL_SQL_2!$A:$A,'PAGE_1 (4)'!$R36,CNXL_SQL_2!$D:$D,'PAGE_1 (4)'!$S$37)=0,"",SUMIFS(CNXL_SQL_2!$F:$F,CNXL_SQL_2!$A:$A,'PAGE_1 (4)'!$R36,CNXL_SQL_2!$D:$D,'PAGE_1 (4)'!$S$37)) | M36: =IF(SUM(D36:L36)=0,"",SUM(D36:L36)) | N36: =ES_MATRIX!K10 | O36: =IFERROR(M36-ES_MATRIX!L10,"") | P36: =IF(SUMIF(CNXL_SQL_2!$E:$E,'PAGE_1 (4)'!R36,CNXL_SQL_2!$F:$F)=0,"",SUMIF(CNXL_SQL_2!$E:$E,'PAGE_1 (4)'!R36,CNXL_SQL_2!$F:$F)) | R36: ZW | S36: CATERING OPERATIONS
B37: Total: | C37: =SUM(C29:C36) | D37: =IF(SUM(D29:D36)=0,"",SUM(D29:D36)) | E37: =IF(SUM(E29:E36)=0,"",SUM(E29:E36)) | F37: =IF(SUM(F29:F36)=0,"",SUM(F29:F36)) | G37: =IF(SUM(G29:G36)=0,"",SUM(G29:G36)) | H37: =IF(SUM(H29:H36)=0,"",SUM(H29:H36)) | I37: =IF(SUM(I29:I36)=0,"",SUM(I29:I36)) | J37: =IF(SUM(J29:J36)=0,"",SUM(J29:J36)) | K37: =IF(SUM(K29:K36)=0,"",SUM(K29:K36)) | L37: =IF(SUM(L29:L36)=0,"",SUM(L29:L36)) | M37: =SUM(M29:M36) | O37: =SUM(O29:O36) | P37: =SUM(P29:P36) | S37: OTHER
B41: Residual Cancel Detail
B42: Express Partner | C42: Scheduled Departures | D42: Weather & ATC | E42: Technical Operations | F42: Flight Operations | G42: Inflight Services | H42: Airport Operations | I42: Network Operations | J42: IT | K42: Catering Operations | L42: Other | M42: Total Cancels | N42: ES covered for this partner | O42: Net Cancel | P42: ES covered by this partner
B43: EV - ExpressJet | C43: =SUMIF(SCH_DEP_SQL_4!$A:$A,'PAGE_1 (4)'!R29,SCH_DEP_SQL_4!$E:$E) | D43: =IF(SUMIFS(RES_CNXL_SQL_3!$F:$F,RES_CNXL_SQL_3!$A:$A,'PAGE_1 (4)'!$R29,RES_CNXL_SQL_3!$D:$D,'PAGE_1 (4)'!$S$29)=0,"",SUMIFS(RES_CNXL_SQL_3!$F:$F,RES_CNXL_SQL_3!$A:$A,'PAGE_1 (4)'!$R29,RES_CNXL_SQL_3!$D:$D,'PAGE_1 (4)'!$S$29)) | E43: =IF(SUMIFS(RES_CNXL_SQL_3!$F:$F,RES_CNXL_SQL_3!$A:$A,'PAGE_1 (4)'!$R29,RES_CNXL_SQL_3!$D:$D,'PAGE_1 (4)'!$S$30)=0,"",SUMIFS(RES_CNXL_SQL_3!$F:$F,RES_CNXL_SQL_3!$A:$A,'PAGE_1 (4)'!$R29,RES_CNXL_SQL_3!$D:$D,'PAGE_1 (4)'!$S$30)) | F43: =IF(SUMIFS(RES_CNXL_SQL_3!$F:$F,RES_CNXL_SQL_3!$A:$A,'PAGE_1 (4)'!$R29,RES_CNXL_SQL_3!$D:$D,'PAGE_1 (4)'!$S$31)=0,"",SUMIFS(RES_CNXL_SQL_3!$F:$F,RES_CNXL_SQL_3!$A:$A,'PAGE_1 (4)'!$R29,RES_CNXL_SQL_3!$D:$D,'PAGE_1 (4)'!$S$31)) | G43: =IF(SUMIFS(RES_CNXL_SQL_3!$F:$F,RES_CNXL_SQL_3!$A:$A,'PAGE_1 (4)'!$R29,RES_CNXL_SQL_3!$D:$D,'PAGE_1 (4)'!$S$32)=0,"",SUMIFS(RES_CNXL_SQL_3!$F:$F,RES_CNXL_SQL_3!$A:$A,'PAGE_1 (4)'!$R29,RES_CNXL_SQL_3!$D:$D,'PAGE_1 (4)'!$S$32)) | H43: =IF(SUMIFS(RES_CNXL_SQL_3!$F:$F,RES_CNXL_SQL_3!$A:$A,'PAGE_1 (4)'!$R29,RES_CNXL_SQL_3!$D:$D,'PAGE_1 (4)'!$S$33)=0,"",SUMIFS(RES_CNXL_SQL_3!$F:$F,RES_CNXL_SQL_3!$A:$A,'PAGE_1 (4)'!$R29,RES_CNXL_SQL_3!$D:$D,'PAGE_1 (4)'!$S$33)) | I43: =IF(SUMIFS(RES_CNXL_SQL_3!$F:$F,RES_CNXL_SQL_3!$A:$A,'PAGE_1 (4)'!$R29,RES_CNXL_SQL_3!$D:$D,'PAGE_1 (4)'!$S$34)=0,"",SUMIFS(RES_CNXL_SQL_3!$F:$F,RES_CNXL_SQL_3!$A:$A,'PAGE_1 (4)'!$R29,RES_CNXL_SQL_3!$D:$D,'PAGE_1 (4)'!$S$34)) | J43: =IF(SUMIFS(RES_CNXL_SQL_3!$F:$F,RES_CNXL_SQL_3!$A:$A,'PAGE_1 (4)'!$R29,RES_CNXL_SQL_3!$D:$D,'PAGE_1 (4)'!$S$35)=0,"",SUMIFS(RES_CNXL_SQL_3!$F:$F,RES_CNXL_SQL_3!$A:$A,'PAGE_1 (4)'!$R29,RES_CNXL_SQL_3!$D:$D,'PAGE_1 (4)'!$S$35)) | K43: =IF(SUMIFS(RES_CNXL_SQL_3!$F:$F,RES_CNXL_SQL_3!$A:$A,'PAGE_1 (4)'!$R29,RES_CNXL_SQL_3!$D:$D,'PAGE_1 (4)'!$S$36)=0,"",SUMIFS(RES_CNXL_SQL_3!$F:$F,RES_CNXL_SQL_3!$A:$A,'PAGE_1 (4)'!$R29,RES_CNXL_SQL_3!$D:$D,'PAGE_1 (4)'!$S$36)) | L43: =IF(SUMIFS(RES_CNXL_SQL_3!$F:$F,RES_CNXL_SQL_3!$A:$A,'PAGE_1 (4)'!$R29,RES_CNXL_SQL_3!$D:$D,'PAGE_1 (4)'!$S$37)=0,"",SUMIFS(RES_CNXL_SQL_3!$F:$F,RES_CNXL_SQL_3!$A:$A,'PAGE_1 (4)'!$R29,RES_CNXL_SQL_3!$D:$D,'PAGE_1 (4)'!$S$37)) | M43: =IF(SUM(D43:L43)=0,"",SUM(D43:L43)) | N43: =ES_MATRIX!K14 | O43: =IFERROR(M43-ES_MATRIX!L14,"") | P43: =IF(SUMIF(RES_CNXL_SQL_3!$E:$E,'PAGE_1 (4)'!R29,RES_CNXL_SQL_3!$F:$F)=0,"",SUMIF(RES_CNXL_SQL_3!$E:$E,'PAGE_1 (4)'!R29,RES_CNXL_SQL_3!$F:$F))
B44: OO - SkyWest | C44: =SUMIF(SCH_DEP_SQL_4!$A:$A,'PAGE_1 (4)'!R30,SCH_DEP_SQL_4!$E:$E) | D44: =IF(SUMIFS(RES_CNXL_SQL_3!$F:$F,RES_CNXL_SQL_3!$A:$A,'PAGE_1 (4)'!$R30,RES_CNXL_SQL_3!$D:$D,'PAGE_1 (4)'!$S$29)=0,"",SUMIFS(RES_CNXL_SQL_3!$F:$F,RES_CNXL_SQL_3!$A:$A,'PAGE_1 (4)'!$R30,RES_CNXL_SQL_3!$D:$D,'PAGE_1 (4)'!$S$29)) | E44: =IF(SUMIFS(RES_CNXL_SQL_3!$F:$F,RES_CNXL_SQL_3!$A:$A,'PAGE_1 (4)'!$R30,RES_CNXL_SQL_3!$D:$D,'PAGE_1 (4)'!$S$30)=0,"",SUMIFS(RES_CNXL_SQL_3!$F:$F,RES_CNXL_SQL_3!$A:$A,'PAGE_1 (4)'!$R30,RES_CNXL_SQL_3!$D:$D,'PAGE_1 (4)'!$S$30)) | F44: =IF(SUMIFS(RES_CNXL_SQL_3!$F:$F,RES_CNXL_SQL_3!$A:$A,'PAGE_1 (4)'!$R30,RES_CNXL_SQL_3!$D:$D,'PAGE_1 (4)'!$S$31)=0,"",SUMIFS(RES_CNXL_SQL_3!$F:$F,RES_CNXL_SQL_3!$A:$A,'PAGE_1 (4)'!$R30,RES_CNXL_SQL_3!$D:$D,'PAGE_1 (4)'!$S$31)) | G44: =IF(SUMIFS(RES_CNXL_SQL_3!$F:$F,RES_CNXL_SQL_3!$A:$A,'PAGE_1 (4)'!$R30,RES_CNXL_SQL_3!$D:$D,'PAGE_1 (4)'!$S$32)=0,"",SUMIFS(RES_CNXL_SQL_3!$F:$F,RES_CNXL_SQL_3!$A:$A,'PAGE_1 (4)'!$R30,RES_CNXL_SQL_3!$D:$D,'PAGE_1 (4)'!$S$32)) | H44: =IF(SUMIFS(RES_CNXL_SQL_3!$F:$F,RES_CNXL_SQL_3!$A:$A,'PAGE_1 (4)'!$R30,RES_CNXL_SQL_3!$D:$D,'PAGE_1 (4)'!$S$33)=0,"",SUMIFS(RES_CNXL_SQL_3!$F:$F,RES_CNXL_SQL_3!$A:$A,'PAGE_1 (4)'!$R30,RES_CNXL_SQL_3!$D:$D,'PAGE_1 (4)'!$S$33)) | I44: =IF(SUMIFS(RES_CNXL_SQL_3!$F:$F,RES_CNXL_SQL_3!$A:$A,'PAGE_1 (4)'!$R30,RES_CNXL_SQL_3!$D:$D,'PAGE_1 (4)'!$S$34)=0,"",SUMIFS(RES_CNXL_SQL_3!$F:$F,RES_CNXL_SQL_3!$A:$A,'PAGE_1 (4)'!$R30,RES_CNXL_SQL_3!$D:$D,'PAGE_1 (4)'!$S$34)) | J44: =IF(SUMIFS(RES_CNXL_SQL_3!$F:$F,RES_CNXL_SQL_3!$A:$A,'PAGE_1 (4)'!$R30,RES_CNXL_SQL_3!$D:$D,'PAGE_1 (4)'!$S$35)=0,"",SUMIFS(RES_CNXL_SQL_3!$F:$F,RES_CNXL_SQL_3!$A:$A,'PAGE_1 (4)'!$R30,RES_CNXL_SQL_3!$D:$D,'PAGE_1 (4)'!$S$35)) | K44: =IF(SUMIFS(RES_CNXL_SQL_3!$F:$F,RES_CNXL_SQL_3!$A:$A,'PAGE_1 (4)'!$R30,RES_CNXL_SQL_3!$D:$D,'PAGE_1 (4)'!$S$36)=0,"",SUMIFS(RES_CNXL_SQL_3!$F:$F,RES_CNXL_SQL_3!$A:$A,'PAGE_1 (4)'!$R30,RES_CNXL_SQL_3!$D:$D,'PAGE_1 (4)'!$S$36)) | L44: =IF(SUMIFS(RES_CNXL_SQL_3!$F:$F,RES_CNXL_SQL_3!$A:$A,'PAGE_1 (4)'!$R30,RES_CNXL_SQL_3!$D:$D,'PAGE_1 (4)'!$S$37)=0,"",SUMIFS(RES_CNXL_SQL_3!$F:$F,RES_CNXL_SQL_3!$A:$A,'PAGE_1 (4)'!$R30,RES_CNXL_SQL_3!$D:$D,'PAGE_1 (4)'!$S$37)) | M44: =IF(SUM(D44:L44)=0,"",SUM(D44:L44)) | N44: =ES_MATRIX!K15 | O44: =IFERROR(M44-ES_MATRIX!L15,"") | P44: =IF(SUMIF(RES_CNXL_SQL_3!$E:$E,'PAGE_1 (4)'!R30,RES_CNXL_SQL_3!$F:$F)=0,"",SUMIF(RES_CNXL_SQL_3!$E:$E,'PAGE_1 (4)'!R30,RES_CNXL_SQL_3!$F:$F))
B45: AX - Trans States | C45: =SUMIF(SCH_DEP_SQL_4!$A:$A,'PAGE_1 (4)'!R31,SCH_DEP_SQL_4!$E:$E) | D45: =IF(SUMIFS(RES_CNXL_SQL_3!$F:$F,RES_CNXL_SQL_3!$A:$A,'PAGE_1 (4)'!$R31,RES_CNXL_SQL_3!$D:$D,'PAGE_1 (4)'!$S$29)=0,"",SUMIFS(RES_CNXL_SQL_3!$F:$F,RES_CNXL_SQL_3!$A:$A,'PAGE_1 (4)'!$R31,RES_CNXL_SQL_3!$D:$D,'PAGE_1 (4)'!$S$29)) | E45: =IF(SUMIFS(RES_CNXL_SQL_3!$F:$F,RES_CNXL_SQL_3!$A:$A,'PAGE_1 (4)'!$R31,RES_CNXL_SQL_3!$D:$D,'PAGE_1 (4)'!$S$30)=0,"",SUMIFS(RES_CNXL_SQL_3!$F:$F,RES_CNXL_SQL_3!$A:$A,'PAGE_1 (4)'!$R31,RES_CNXL_SQL_3!$D:$D,'PAGE_1 (4)'!$S$30)) | F45: =IF(SUMIFS(RES_CNXL_SQL_3!$F:$F,RES_CNXL_SQL_3!$A:$A,'PAGE_1 (4)'!$R31,RES_CNXL_SQL_3!$D:$D,'PAGE_1 (4)'!$S$31)=0,"",SUMIFS(RES_CNXL_SQL_3!$F:$F,RES_CNXL_SQL_3!$A:$A,'PAGE_1 (4)'!$R31,RES_CNXL_SQL_3!$D:$D,'PAGE_1 (4)'!$S$31)) | G45: =IF(SUMIFS(RES_CNXL_SQL_3!$F:$F,RES_CNXL_SQL_3!$A:$A,'PAGE_1 (4)'!$R31,RES_CNXL_SQL_3!$D:$D,'PAGE_1 (4)'!$S$32)=0,"",SUMIFS(RES_CNXL_SQL_3!$F:$F,RES_CNXL_SQL_3!$A:$A,'PAGE_1 (4)'!$R31,RES_CNXL_SQL_3!$D:$D,'PAGE_1 (4)'!$S$32)) | H45: =IF(SUMIFS(RES_CNXL_SQL_3!$F:$F,RES_CNXL_SQL_3!$A:$A,'PAGE_1 (4)'!$R31,RES_CNXL_SQL_3!$D:$D,'PAGE_1 (4)'!$S$33)=0,"",SUMIFS(RES_CNXL_SQL_3!$F:$F,RES_CNXL_SQL_3!$A:$A,'PAGE_1 (4)'!$R31,RES_CNXL_SQL_3!$D:$D,'PAGE_1 (4)'!$S$33)) | I45: =IF(SUMIFS(RES_CNXL_SQL_3!$F:$F,RES_CNXL_SQL_3!$A:$A,'PAGE_1 (4)'!$R31,RES_CNXL_SQL_3!$D:$D,'PAGE_1 (4)'!$S$34)=0,"",SUMIFS(RES_CNXL_SQL_3!$F:$F,RES_CNXL_SQL_3!$A:$A,'PAGE_1 (4)'!$R31,RES_CNXL_SQL_3!$D:$D,'PAGE_1 (4)'!$S$34)) | J45: =IF(SUMIFS(RES_CNXL_SQL_3!$F:$F,RES_CNXL_SQL_3!$A:$A,'PAGE_1 (4)'!$R31,RES_CNXL_SQL_3!$D:$D,'PAGE_1 (4)'!$S$35)=0,"",SUMIFS(RES_CNXL_SQL_3!$F:$F,RES_CNXL_SQL_3!$A:$A,'PAGE_1 (4)'!$R31,RES_CNXL_SQL_3!$D:$D,'PAGE_1 (4)'!$S$35)) | K45: =IF(SUMIFS(RES_CNXL_SQL_3!$F:$F,RES_CNXL_SQL_3!$A:$A,'PAGE_1 (4)'!$R31,RES_CNXL_SQL_3!$D:$D,'PAGE_1 (4)'!$S$36)=0,"",SUMIFS(RES_CNXL_SQL_3!$F:$F,RES_CNXL_SQL_3!$A:$A,'PAGE_1 (4)'!$R31,RES_CNXL_SQL_3!$D:$D,'PAGE_1 (4)'!$S$36)) | L45: =IF(SUMIFS(RES_CNXL_SQL_3!$F:$F,RES_CNXL_SQL_3!$A:$A,'PAGE_1 (4)'!$R31,RES_CNXL_SQL_3!$D:$D,'PAGE_1 (4)'!$S$37)=0,"",SUMIFS(RES_CNXL_SQL_3!$F:$F,RES_CNXL_SQL_3!$A:$A,'PAGE_1 (4)'!$R31,RES_CNXL_SQL_3!$D:$D,'PAGE_1 (4)'!$S$37)) | M45: =IF(SUM(D45:L45)=0,"",SUM(D45:L45)) | N45: =ES_MATRIX!K16 | O45: =IFERROR(M45-ES_MATRIX!L16,"") | P45: =IF(SUMIF(RES_CNXL_SQL_3!$E:$E,'PAGE_1 (4)'!R31,RES_CNXL_SQL_3!$F:$F)=0,"",SUMIF(RES_CNXL_SQL_3!$E:$E,'PAGE_1 (4)'!R31,RES_CNXL_SQL_3!$F:$F))
B46: YX - Republic | C46: =SUMIF(SCH_DEP_SQL_4!$A:$A,'PAGE_1 (4)'!R32,SCH_DEP_SQL_4!$E:$E) | D46: =IF(SUMIFS(RES_CNXL_SQL_3!$F:$F,RES_CNXL_SQL_3!$A:$A,'PAGE_1 (4)'!$R32,RES_CNXL_SQL_3!$D:$D,'PAGE_1 (4)'!$S$29)=0,"",SUMIFS(RES_CNXL_SQL_3!$F:$F,RES_CNXL_SQL_3!$A:$A,'PAGE_1 (4)'!$R32,RES_CNXL_SQL_3!$D:$D,'PAGE_1 (4)'!$S$29)) | E46: =IF(SUMIFS(RES_CNXL_SQL_3!$F:$F,RES_CNXL_SQL_3!$A:$A,'PAGE_1 (4)'!$R32,RES_CNXL_SQL_3!$D:$D,'PAGE_1 (4)'!$S$30)=0,"",SUMIFS(RES_CNXL_SQL_3!$F:$F,RES_CNXL_SQL_3!$A:$A,'PAGE_1 (4)'!$R32,RES_CNXL_SQL_3!$D:$D,'PAGE_1 (4)'!$S$30)) | F46: =IF(SUMIFS(RES_CNXL_SQL_3!$F:$F,RES_CNXL_SQL_3!$A:$A,'PAGE_1 (4)'!$R32,RES_CNXL_SQL_3!$D:$D,'PAGE_1 (4)'!$S$31)=0,"",SUMIFS(RES_CNXL_SQL_3!$F:$F,RES_CNXL_SQL_3!$A:$A,'PAGE_1 (4)'!$R32,RES_CNXL_SQL_3!$D:$D,'PAGE_1 (4)'!$S$31)) | G46: =IF(SUMIFS(RES_CNXL_SQL_3!$F:$F,RES_CNXL_SQL_3!$A:$A,'PAGE_1 (4)'!$R32,RES_CNXL_SQL_3!$D:$D,'PAGE_1 (4)'!$S$32)=0,"",SUMIFS(RES_CNXL_SQL_3!$F:$F,RES_CNXL_SQL_3!$A:$A,'PAGE_1 (4)'!$R32,RES_CNXL_SQL_3!$D:$D,'PAGE_1 (4)'!$S$32)) | H46: =IF(SUMIFS(RES_CNXL_SQL_3!$F:$F,RES_CNXL_SQL_3!$A:$A,'PAGE_1 (4)'!$R32,RES_CNXL_SQL_3!$D:$D,'PAGE_1 (4)'!$S$33)=0,"",SUMIFS(RES_CNXL_SQL_3!$F:$F,RES_CNXL_SQL_3!$A:$A,'PAGE_1 (4)'!$R32,RES_CNXL_SQL_3!$D:$D,'PAGE_1 (4)'!$S$33)) | I46: =IF(SUMIFS(RES_CNXL_SQL_3!$F:$F,RES_CNXL_SQL_3!$A:$A,'PAGE_1 (4)'!$R32,RES_CNXL_SQL_3!$D:$D,'PAGE_1 (4)'!$S$34)=0,"",SUMIFS(RES_CNXL_SQL_3!$F:$F,RES_CNXL_SQL_3!$A:$A,'PAGE_1 (4)'!$R32,RES_CNXL_SQL_3!$D:$D,'PAGE_1 (4)'!$S$34)) | J46: =IF(SUMIFS(RES_CNXL_SQL_3!$F:$F,RES_CNXL_SQL_3!$A:$A,'PAGE_1 (4)'!$R32,RES_CNXL_SQL_3!$D:$D,'PAGE_1 (4)'!$S$35)=0,"",SUMIFS(RES_CNXL_SQL_3!$F:$F,RES_CNXL_SQL_3!$A:$A,'PAGE_1 (4)'!$R32,RES_CNXL_SQL_3!$D:$D,'PAGE_1 (4)'!$S$35)) | K46: =IF(SUMIFS(RES_CNXL_SQL_3!$F:$F,RES_CNXL_SQL_3!$A:$A,'PAGE_1 (4)'!$R32,RES_CNXL_SQL_3!$D:$D,'PAGE_1 (4)'!$S$36)=0,"",SUMIFS(RES_CNXL_SQL_3!$F:$F,RES_CNXL_SQL_3!$A:$A,'PAGE_1 (4)'!$R32,RES_CNXL_SQL_3!$D:$D,'PAGE_1 (4)'!$S$36)) | L46: =IF(SUMIFS(RES_CNXL_SQL_3!$F:$F,RES_CNXL_SQL_3!$A:$A,'PAGE_1 (4)'!$R32,RES_CNXL_SQL_3!$D:$D,'PAGE_1 (4)'!$S$37)=0,"",SUMIFS(RES_CNXL_SQL_3!$F:$F,RES_CNXL_SQL_3!$A:$A,'PAGE_1 (4)'!$R32,RES_CNXL_SQL_3!$D:$D,'PAGE_1 (4)'!$S$37)) | M46: =IF(SUM(D46:L46)=0,"",SUM(D46:L46)) | N46: =ES_MATRIX!K17 | O46: =IFERROR(M46-ES_MATRIX!L17,"") | P46: =IF(SUMIF(RES_CNXL_SQL_3!$E:$E,'PAGE_1 (4)'!R32,RES_CNXL_SQL_3!$F:$F)=0,"",SUMIF(RES_CNXL_SQL_3!$E:$E,'PAGE_1 (4)'!R32,RES_CNXL_SQL_3!$F:$F))
B47: G7 - Go Jet | C47: =SUMIF(SCH_DEP_SQL_4!$A:$A,'PAGE_1 (4)'!R33,SCH_DEP_SQL_4!$E:$E) | D47: =IF(SUMIFS(RES_CNXL_SQL_3!$F:$F,RES_CNXL_SQL_3!$A:$A,'PAGE_1 (4)'!$R33,RES_CNXL_SQL_3!$D:$D,'PAGE_1 (4)'!$S$29)=0,"",SUMIFS(RES_CNXL_SQL_3!$F:$F,RES_CNXL_SQL_3!$A:$A,'PAGE_1 (4)'!$R33,RES_CNXL_SQL_3!$D:$D,'PAGE_1 (4)'!$S$29)) | E47: =IF(SUMIFS(RES_CNXL_SQL_3!$F:$F,RES_CNXL_SQL_3!$A:$A,'PAGE_1 (4)'!$R33,RES_CNXL_SQL_3!$D:$D,'PAGE_1 (4)'!$S$30)=0,"",SUMIFS(RES_CNXL_SQL_3!$F:$F,RES_CNXL_SQL_3!$A:$A,'PAGE_1 (4)'!$R33,RES_CNXL_SQL_3!$D:$D,'PAGE_1 (4)'!$S$30)) | F47: =IF(SUMIFS(RES_CNXL_SQL_3!$F:$F,RES_CNXL_SQL_3!$A:$A,'PAGE_1 (4)'!$R33,RES_CNXL_SQL_3!$D:$D,'PAGE_1 (4)'!$S$31)=0,"",SUMIFS(RES_CNXL_SQL_3!$F:$F,RES_CNXL_SQL_3!$A:$A,'PAGE_1 (4)'!$R33,RES_CNXL_SQL_3!$D:$D,'PAGE_1 (4)'!$S$31)) | G47: =IF(SUMIFS(RES_CNXL_SQL_3!$F:$F,RES_CNXL_SQL_3!$A:$A,'PAGE_1 (4)'!$R33,RES_CNXL_SQL_3!$D:$D,'PAGE_1 (4)'!$S$32)=0,"",SUMIFS(RES_CNXL_SQL_3!$F:$F,RES_CNXL_SQL_3!$A:$A,'PAGE_1 (4)'!$R33,RES_CNXL_SQL_3!$D:$D,'PAGE_1 (4)'!$S$32)) | H47: =IF(SUMIFS(RES_CNXL_SQL_3!$F:$F,RES_CNXL_SQL_3!$A:$A,'PAGE_1 (4)'!$R33,RES_CNXL_SQL_3!$D:$D,'PAGE_1 (4)'!$S$33)=0,"",SUMIFS(RES_CNXL_SQL_3!$F:$F,RES_CNXL_SQL_3!$A:$A,'PAGE_1 (4)'!$R33,RES_CNXL_SQL_3!$D:$D,'PAGE_1 (4)'!$S$33)) | I47: =IF(SUMIFS(RES_CNXL_SQL_3!$F:$F,RES_CNXL_SQL_3!$A:$A,'PAGE_1 (4)'!$R33,RES_CNXL_SQL_3!$D:$D,'PAGE_1 (4)'!$S$34)=0,"",SUMIFS(RES_CNXL_SQL_3!$F:$F,RES_CNXL_SQL_3!$A:$A,'PAGE_1 (4)'!$R33,RES_CNXL_SQL_3!$D:$D,'PAGE_1 (4)'!$S$34)) | J47: =IF(SUMIFS(RES_CNXL_SQL_3!$F:$F,RES_CNXL_SQL_3!$A:$A,'PAGE_1 (4)'!$R33,RES_CNXL_SQL_3!$D:$D,'PAGE_1 (4)'!$S$35)=0,"",SUMIFS(RES_CNXL_SQL_3!$F:$F,RES_CNXL_SQL_3!$A:$A,'PAGE_1 (4)'!$R33,RES_CNXL_SQL_3!$D:$D,'PAGE_1 (4)'!$S$35)) | K47: =IF(SUMIFS(RES_CNXL_SQL_3!$F:$F,RES_CNXL_SQL_3!$A:$A,'PAGE_1 (4)'!$R33,RES_CNXL_SQL_3!$D:$D,'PAGE_1 (4)'!$S$36)=0,"",SUMIFS(RES_CNXL_SQL_3!$F:$F,RES_CNXL_SQL_3!$A:$A,'PAGE_1 (4)'!$R33,RES_CNXL_SQL_3!$D:$D,'PAGE_1 (4)'!$S$36)) | L47: =IF(SUMIFS(RES_CNXL_SQL_3!$F:$F,RES_CNXL_SQL_3!$A:$A,'PAGE_1 (4)'!$R33,RES_CNXL_SQL_3!$D:$D,'PAGE_1 (4)'!$S$37)=0,"",SUMIFS(RES_CNXL_SQL_3!$F:$F,RES_CNXL_SQL_3!$A:$A,'PAGE_1 (4)'!$R33,RES_CNXL_SQL_3!$D:$D,'PAGE_1 (4)'!$S$37)) | M47: =IF(SUM(D47:L47)=0,"",SUM(D47:L47)) | N47: =ES_MATRIX!K18 | O47: =IFERROR(M47-ES_MATRIX!L18,"") | P47: =IF(SUMIF(RES_CNXL_SQL_3!$E:$E,'PAGE_1 (4)'!R33,RES_CNXL_SQL_3!$F:$F)=0,"",SUMIF(RES_CNXL_SQL_3!$E:$E,'PAGE_1 (4)'!R33,RES_CNXL_SQL_3!$F:$F))
B48: C5 - CommutAir | C48: =SUMIF(SCH_DEP_SQL_4!$A:$A,'PAGE_1 (4)'!R34,SCH_DEP_SQL_4!$E:$E) | D48: =IF(SUMIFS(RES_CNXL_SQL_3!$F:$F,RES_CNXL_SQL_3!$A:$A,'PAGE_1 (4)'!$R34,RES_CNXL_SQL_3!$D:$D,'PAGE_1 (4)'!$S$29)=0,"",SUMIFS(RES_CNXL_SQL_3!$F:$F,RES_CNXL_SQL_3!$A:$A,'PAGE_1 (4)'!$R34,RES_CNXL_SQL_3!$D:$D,'PAGE_1 (4)'!$S$29)) | E48: =IF(SUMIFS(RES_CNXL_SQL_3!$F:$F,RES_CNXL_SQL_3!$A:$A,'PAGE_1 (4)'!$R34,RES_CNXL_SQL_3!$D:$D,'PAGE_1 (4)'!$S$30)=0,"",SUMIFS(RES_CNXL_SQL_3!$F:$F,RES_CNXL_SQL_3!$A:$A,'PAGE_1 (4)'!$R34,RES_CNXL_SQL_3!$D:$D,'PAGE_1 (4)'!$S$30)) | F48: =IF(SUMIFS(RES_CNXL_SQL_3!$F:$F,RES_CNXL_SQL_3!$A:$A,'PAGE_1 (4)'!$R34,RES_CNXL_SQL_3!$D:$D,'PAGE_1 (4)'!$S$31)=0,"",SUMIFS(RES_CNXL_SQL_3!$F:$F,RES_CNXL_SQL_3!$A:$A,'PAGE_1 (4)'!$R34,RES_CNXL_SQL_3!$D:$D,'PAGE_1 (4)'!$S$31)) | G48: =IF(SUMIFS(RES_CNXL_SQL_3!$F:$F,RES_CNXL_SQL_3!$A:$A,'PAGE_1 (4)'!$R34,RES_CNXL_SQL_3!$D:$D,'PAGE_1 (4)'!$S$32)=0,"",SUMIFS(RES_CNXL_SQL_3!$F:$F,RES_CNXL_SQL_3!$A:$A,'PAGE_1 (4)'!$R34,RES_CNXL_SQL_3!$D:$D,'PAGE_1 (4)'!$S$32)) | H48: =IF(SUMIFS(RES_CNXL_SQL_3!$F:$F,RES_CNXL_SQL_3!$A:$A,'PAGE_1 (4)'!$R34,RES_CNXL_SQL_3!$D:$D,'PAGE_1 (4)'!$S$33)=0,"",SUMIFS(RES_CNXL_SQL_3!$F:$F,RES_CNXL_SQL_3!$A:$A,'PAGE_1 (4)'!$R34,RES_CNXL_SQL_3!$D:$D,'PAGE_1 (4)'!$S$33)) | I48: =IF(SUMIFS(RES_CNXL_SQL_3!$F:$F,RES_CNXL_SQL_3!$A:$A,'PAGE_1 (4)'!$R34,RES_CNXL_SQL_3!$D:$D,'PAGE_1 (4)'!$S$34)=0,"",SUMIFS(RES_CNXL_SQL_3!$F:$F,RES_CNXL_SQL_3!$A:$A,'PAGE_1 (4)'!$R34,RES_CNXL_SQL_3!$D:$D,'PAGE_1 (4)'!$S$34)) | J48: =IF(SUMIFS(RES_CNXL_SQL_3!$F:$F,RES_CNXL_SQL_3!$A:$A,'PAGE_1 (4)'!$R34,RES_CNXL_SQL_3!$D:$D,'PAGE_1 (4)'!$S$35)=0,"",SUMIFS(RES_CNXL_SQL_3!$F:$F,RES_CNXL_SQL_3!$A:$A,'PAGE_1 (4)'!$R34,RES_CNXL_SQL_3!$D:$D,'PAGE_1 (4)'!$S$35)) | K48: =IF(SUMIFS(RES_CNXL_SQL_3!$F:$F,RES_CNXL_SQL_3!$A:$A,'PAGE_1 (4)'!$R34,RES_CNXL_SQL_3!$D:$D,'PAGE_1 (4)'!$S$36)=0,"",SUMIFS(RES_CNXL_SQL_3!$F:$F,RES_CNXL_SQL_3!$A:$A,'PAGE_1 (4)'!$R34,RES_CNXL_SQL_3!$D:$D,'PAGE_1 (4)'!$S$36)) | L48: =IF(SUMIFS(RES_CNXL_SQL_3!$F:$F,RES_CNXL_SQL_3!$A:$A,'PAGE_1 (4)'!$R34,RES_CNXL_SQL_3!$D:$D,'PAGE_1 (4)'!$S$37)=0,"",SUMIFS(RES_CNXL_SQL_3!$F:$F,RES_CNXL_SQL_3!$A:$A,'PAGE_1 (4)'!$R34,RES_CNXL_SQL_3!$D:$D,'PAGE_1 (4)'!$S$37)) | M48: =IF(SUM(D48:L48)=0,"",SUM(D48:L48)) | N48: =ES_MATRIX!K19 | O48: =IFERROR(M48-ES_MATRIX!L19,"") | P48: =IF(SUMIF(RES_CNXL_SQL_3!$E:$E,'PAGE_1 (4)'!R34,RES_CNXL_SQL_3!$F:$F)=0,"",SUMIF(RES_CNXL_SQL_3!$E:$E,'PAGE_1 (4)'!R34,RES_CNXL_SQL_3!$F:$F))
B49: YV - Mesa | C49: =SUMIF(SCH_DEP_SQL_4!$A:$A,'PAGE_1 (4)'!R35,SCH_DEP_SQL_4!$E:$E) | D49: =IF(SUMIFS(RES_CNXL_SQL_3!$F:$F,RES_CNXL_SQL_3!$A:$A,'PAGE_1 (4)'!$R35,RES_CNXL_SQL_3!$D:$D,'PAGE_1 (4)'!$S$29)=0,"",SUMIFS(RES_CNXL_SQL_3!$F:$F,RES_CNXL_SQL_3!$A:$A,'PAGE_1 (4)'!$R35,RES_CNXL_SQL_3!$D:$D,'PAGE_1 (4)'!$S$29)) | E49: =IF(SUMIFS(RES_CNXL_SQL_3!$F:$F,RES_CNXL_SQL_3!$A:$A,'PAGE_1 (4)'!$R35,RES_CNXL_SQL_3!$D:$D,'PAGE_1 (4)'!$S$30)=0,"",SUMIFS(RES_CNXL_SQL_3!$F:$F,RES_CNXL_SQL_3!$A:$A,'PAGE_1 (4)'!$R35,RES_CNXL_SQL_3!$D:$D,'PAGE_1 (4)'!$S$30)) | F49: =IF(SUMIFS(RES_CNXL_SQL_3!$F:$F,RES_CNXL_SQL_3!$A:$A,'PAGE_1 (4)'!$R35,RES_CNXL_SQL_3!$D:$D,'PAGE_1 (4)'!$S$31)=0,"",SUMIFS(RES_CNXL_SQL_3!$F:$F,RES_CNXL_SQL_3!$A:$A,'PAGE_1 (4)'!$R35,RES_CNXL_SQL_3!$D:$D,'PAGE_1 (4)'!$S$31)) | G49: =IF(SUMIFS(RES_CNXL_SQL_3!$F:$F,RES_CNXL_SQL_3!$A:$A,'PAGE_1 (4)'!$R35,RES_CNXL_SQL_3!$D:$D,'PAGE_1 (4)'!$S$32)=0,"",SUMIFS(RES_CNXL_SQL_3!$F:$F,RES_CNXL_SQL_3!$A:$A,'PAGE_1 (4)'!$R35,RES_CNXL_SQL_3!$D:$D,'PAGE_1 (4)'!$S$32)) | H49: =IF(SUMIFS(RES_CNXL_SQL_3!$F:$F,RES_CNXL_SQL_3!$A:$A,'PAGE_1 (4)'!$R35,RES_CNXL_SQL_3!$D:$D,'PAGE_1 (4)'!$S$33)=0,"",SUMIFS(RES_CNXL_SQL_3!$F:$F,RES_CNXL_SQL_3!$A:$A,'PAGE_1 (4)'!$R35,RES_CNXL_SQL_3!$D:$D,'PAGE_1 (4)'!$S$33)) | I49: =IF(SUMIFS(RES_CNXL_SQL_3!$F:$F,RES_CNXL_SQL_3!$A:$A,'PAGE_1 (4)'!$R35,RES_CNXL_SQL_3!$D:$D,'PAGE_1 (4)'!$S$34)=0,"",SUMIFS(RES_CNXL_SQL_3!$F:$F,RES_CNXL_SQL_3!$A:$A,'PAGE_1 (4)'!$R35,RES_CNXL_SQL_3!$D:$D,'PAGE_1 (4)'!$S$34)) | J49: =IF(SUMIFS(RES_CNXL_SQL_3!$F:$F,RES_CNXL_SQL_3!$A:$A,'PAGE_1 (4)'!$R35,RES_CNXL_SQL_3!$D:$D,'PAGE_1 (4)'!$S$35)=0,"",SUMIFS(RES_CNXL_SQL_3!$F:$F,RES_CNXL_SQL_3!$A:$A,'PAGE_1 (4)'!$R35,RES_CNXL_SQL_3!$D:$D,'PAGE_1 (4)'!$S$35)) | K49: =IF(SUMIFS(RES_CNXL_SQL_3!$F:$F,RES_CNXL_SQL_3!$A:$A,'PAGE_1 (4)'!$R35,RES_CNXL_SQL_3!$D:$D,'PAGE_1 (4)'!$S$36)=0,"",SUMIFS(RES_CNXL_SQL_3!$F:$F,RES_CNXL_SQL_3!$A:$A,'PAGE_1 (4)'!$R35,RES_CNXL_SQL_3!$D:$D,'PAGE_1 (4)'!$S$36)) | L49: =IF(SUMIFS(RES_CNXL_SQL_3!$F:$F,RES_CNXL_SQL_3!$A:$A,'PAGE_1 (4)'!$R35,RES_CNXL_SQL_3!$D:$D,'PAGE_1 (4)'!$S$37)=0,"",SUMIFS(RES_CNXL_SQL_3!$F:$F,RES_CNXL_SQL_3!$A:$A,'PAGE_1 (4)'!$R35,RES_CNXL_SQL_3!$D:$D,'PAGE_1 (4)'!$S$37)) | M49: =IF(SUM(D49:L49)=0,"",SUM(D49:L49)) | N49: =ES_MATRIX!K20 | O49: =IFERROR(M49-ES_MATRIX!L20,"") | P49: =IF(SUMIF(RES_CNXL_SQL_3!$E:$E,'PAGE_1 (4)'!R35,RES_CNXL_SQL_3!$F:$F)=0,"",SUMIF(RES_CNXL_SQL_3!$E:$E,'PAGE_1 (4)'!R35,RES_CNXL_SQL_3!$F:$F))
B50: ZW - Air Wisconsin | C50: =SUMIF(SCH_DEP_SQL_4!$A:$A,'PAGE_1 (4)'!R36,SCH_DEP_SQL_4!$E:$E) | D50: =IF(SUMIFS(RES_CNXL_SQL_3!$F:$F,RES_CNXL_SQL_3!$A:$A,'PAGE_1 (4)'!$R36,RES_CNXL_SQL_3!$D:$D,'PAGE_1 (4)'!$S$29)=0,"",SUMIFS(RES_CNXL_SQL_3!$F:$F,RES_CNXL_SQL_3!$A:$A,'PAGE_1 (4)'!$R36,RES_CNXL_SQL_3!$D:$D,'PAGE_1 (4)'!$S$29)) | E50: =IF(SUMIFS(RES_CNXL_SQL_3!$F:$F,RES_CNXL_SQL_3!$A:$A,'PAGE_1 (4)'!$R36,RES_CNXL_SQL_3!$D:$D,'PAGE_1 (4)'!$S$30)=0,"",SUMIFS(RES_CNXL_SQL_3!$F:$F,RES_CNXL_SQL_3!$A:$A,'PAGE_1 (4)'!$R36,RES_CNXL_SQL_3!$D:$D,'PAGE_1 (4)'!$S$30)) | F50: =IF(SUMIFS(RES_CNXL_SQL_3!$F:$F,RES_CNXL_SQL_3!$A:$A,'PAGE_1 (4)'!$R36,RES_CNXL_SQL_3!$D:$D,'PAGE_1 (4)'!$S$31)=0,"",SUMIFS(RES_CNXL_SQL_3!$F:$F,RES_CNXL_SQL_3!$A:$A,'PAGE_1 (4)'!$R36,RES_CNXL_SQL_3!$D:$D,'PAGE_1 (4)'!$S$31)) | G50: =IF(SUMIFS(RES_CNXL_SQL_3!$F:$F,RES_CNXL_SQL_3!$A:$A,'PAGE_1 (4)'!$R36,RES_CNXL_SQL_3!$D:$D,'PAGE_1 (4)'!$S$32)=0,"",SUMIFS(RES_CNXL_SQL_3!$F:$F,RES_CNXL_SQL_3!$A:$A,'PAGE_1 (4)'!$R36,RES_CNXL_SQL_3!$D:$D,'PAGE_1 (4)'!$S$32)) | H50: =IF(SUMIFS(RES_CNXL_SQL_3!$F:$F,RES_CNXL_SQL_3!$A:$A,'PAGE_1 (4)'!$R36,RES_CNXL_SQL_3!$D:$D,'PAGE_1 (4)'!$S$33)=0,"",SUMIFS(RES_CNXL_SQL_3!$F:$F,RES_CNXL_SQL_3!$A:$A,'PAGE_1 (4)'!$R36,RES_CNXL_SQL_3!$D:$D,'PAGE_1 (4)'!$S$33)) | I50: =IF(SUMIFS(RES_CNXL_SQL_3!$F:$F,RES_CNXL_SQL_3!$A:$A,'PAGE_1 (4)'!$R36,RES_CNXL_SQL_3!$D:$D,'PAGE_1 (4)'!$S$34)=0,"",SUMIFS(RES_CNXL_SQL_3!$F:$F,RES_CNXL_SQL_3!$A:$A,'PAGE_1 (4)'!$R36,RES_CNXL_SQL_3!$D:$D,'PAGE_1 (4)'!$S$34)) | J50: =IF(SUMIFS(RES_CNXL_SQL_3!$F:$F,RES_CNXL_SQL_3!$A:$A,'PAGE_1 (4)'!$R36,RES_CNXL_SQL_3!$D:$D,'PAGE_1 (4)'!$S$35)=0,"",SUMIFS(RES_CNXL_SQL_3!$F:$F,RES_CNXL_SQL_3!$A:$A,'PAGE_1 (4)'!$R36,RES_CNXL_SQL_3!$D:$D,'PAGE_1 (4)'!$S$35)) | K50: =IF(SUMIFS(RES_CNXL_SQL_3!$F:$F,RES_CNXL_SQL_3!$A:$A,'PAGE_1 (4)'!$R36,RES_CNXL_SQL_3!$D:$D,'PAGE_1 (4)'!$S$36)=0,"",SUMIFS(RES_CNXL_SQL_3!$F:$F,RES_CNXL_SQL_3!$A:$A,'PAGE_1 (4)'!$R36,RES_CNXL_SQL_3!$D:$D,'PAGE_1 (4)'!$S$36)) | L50: =IF(SUMIFS(RES_CNXL_SQL_3!$F:$F,RES_CNXL_SQL_3!$A:$A,'PAGE_1 (4)'!$R36,RES_CNXL_SQL_3!$D:$D,'PAGE_1 (4)'!$S$37)=0,"",SUMIFS(RES_CNXL_SQL_3!$F:$F,RES_CNXL_SQL_3!$A:$A,'PAGE_1 (4)'!$R36,RES_CNXL_SQL_3!$D:$D,'PAGE_1 (4)'!$S$37)) | M50: =IF(SUM(D50:L50)=0,"",SUM(D50:L50)) | N50: =ES_MATRIX!K21 | O50: =IFERROR(M50-ES_MATRIX!L21,"") | P50: =IF(SUMIF(RES_CNXL_SQL_3!$E:$E,'PAGE_1 (4)'!R36,RES_CNXL_SQL_3!$F:$F)=0,"",SUMIF(RES_CNXL_SQL_3!$E:$E,'PAGE_1 (4)'!R36,RES_CNXL_SQL_3!$F:$F))
B51: Total: | C51: =SUM(C43:C50) | D51: =IF(SUM(D43:D50)=0,"",SUM(D43:D50)) | E51: =IF(SUM(E43:E50)=0,"",SUM(E43:E50)) | F51: =IF(SUM(F43:F50)=0,"",SUM(F43:F50)) | G51: =IF(SUM(G43:G50)=0,"",SUM(G43:G50)) | H51: =IF(SUM(H43:H50)=0,"",SUM(H43:H50)) | I51: =IF(SUM(I43:I50)=0,"",SUM(I43:I50)) | J51: =IF(SUM(J43:J50)=0,"",SUM(J43:J50)) | K51: =IF(SUM(K43:K50)=0,"",SUM(K43:K50)) | L51: =IF(SUM(L43:L50)=0,"",SUM(L43:L50)) | M51: =SUM(M43:M50) | O51: =SUM(O43:O50) | P51: =SUM(P43:P50)

Sheet PAGE_1
B2: UAX Daily Snapshot for | D2: =TODAY()-1
B4: Reliability Snapshot - SYS
B5: Metric | C5: =TODAY()-1 | D5: MTD | E5: Goal | F5: DL Diff. | G5: AA Diff. | H5: Rank | Q5: =MONTH(TODAY()-1)
B6: Completion | C6: =UA_SQL_1!N2/UA_SQL_1!M2 | D6: =UA_SQL_1!F2/UA_SQL_1!E2 | E6: - | F6: =((UA_SQL_1!$N$2/UA_SQL_1!$M$2)-(SUMIF(OA_SQL_1!$A$1:$A$3,"DL",OA_SQL_1!$K$1:$K$3)/SUMIF(OA_SQL_1!$A$1:$A$3,"DL",OA_SQL_1!$I$1:$I$3)))*100 | G6: =((UA_SQL_1!$N$2/UA_SQL_1!$M$2)-(SUMIF(OA_SQL_1!$A$1:$A$3,"AA",OA_SQL_1!$K$1:$K$3)/SUMIF(OA_SQL_1!$A$1:$A$3,"AA",OA_SQL_1!$I$1:$I$3)))*100 | H6: =RANK!F2
B7: A:00 | C7: =UA_SQL_1!$Q$2/UA_SQL_1!$M$2 | D7: =UA_SQL_1!I2/UA_SQL_1!E2 | E7: - | F7: =((UA_SQL_1!$Q$2/UA_SQL_1!$M$2)-(SUMIF(OA_SQL_1!$A$1:$A$3,"DL",OA_SQL_1!$L$1:$L$3)/SUMIF(OA_SQL_1!$A$1:$A$3,"DL",OA_SQL_1!$I$1:$I$3)))*100 | G7: =((UA_SQL_1!$Q$2/UA_SQL_1!$M$2)-(SUMIF(OA_SQL_1!$A$1:$A$3,"AA",OA_SQL_1!$L$1:$L$3)/SUMIF(OA_SQL_1!$A$1:$A$3,"AA",OA_SQL_1!$I$1:$I$3)))*100 | H7: =RANK!F3
B8: CD:00 | C8: =UA_SQL_1!$P$2/UA_SQL_1!$M$2 | D8: =UA_SQL_1!H2/UA_SQL_1!E2 | E8: - | F8: =((UA_SQL_1!$P$2/UA_SQL_1!$M$2)-(SUMIF(OA_SQL_1!$A$1:$A$3,"DL",OA_SQL_1!$J$1:$J$3)/SUMIF(OA_SQL_1!$A$1:$A$3,"DL",OA_SQL_1!$I$1:$I$3)))*100 | G8: =((UA_SQL_1!$P$2/UA_SQL_1!$M$2)-(SUMIF(OA_SQL_1!$A$1:$A$3,"AA",OA_SQL_1!$J$1:$J$3)/SUMIF(OA_SQL_1!$A$1:$A$3,"AA",OA_SQL_1!$I$1:$I$3)))*100 | H8: =RANK!F4
B9: D:00 | C9: =UA_SQL_1!$O$2/UA_SQL_1!$M$2 | D9: =UA_SQL_1!G2/UA_SQL_1!E2 | E9: -
B10: STAR D:00 | C10: =UA_SQL_1!$S$2/UA_SQL_1!$R$2 | D10: =UA_SQL_1!K2/UA_SQL_1!J2 | E10: -
B11: Controllable Completion | C11: =(UA_SQL_1!$M$2-UA_SQL_1!$T$2)/UA_SQL_1!$M$2 | D11: =(UA_SQL_1!E2-UA_SQL_1!L2)/UA_SQL_1!E2 | E11: -
B12: Total diverts | C12: =SUMIFS(TOTAL_DIVERTS_SQL_5!$B:$B,TOTAL_DIVERTS_SQL_5!$A:$A,"YEST") | D12: =SUMIFS(TOTAL_DIVERTS_SQL_5!$B:$B,TOTAL_DIVERTS_SQL_5!A:A,"MTD")
B13: Diverts recovered | C13: =SUMIF(DIVERTS_RECOVERED_SQL_6!$A:$A,"YEST",DIVERTS_RECOVERED_SQL_6!$C:$C) | D13: =SUMIF(DIVERTS_RECOVERED_SQL_6!$A:$A,"MTD",DIVERTS_RECOVERED_SQL_6!$C:$C)
B14: Yet to depart | C14: =FLIGHTS_NOT_DEPARTED_SQL_8!$A$2
B15: Repositioned flights | C15: =REPOSITIONED_FLIGHTS_SQL_13!$A$2
B18: Reliability Snapshot - Hubs
B19: Market | C19: D:00 | D19: CD:00 | E19: DL Diff. | F19: AA Diff. | G19: AS Diff. | H19: Rank | I19: Completion | J19: DL Diff. | K19: AA Diff. | L19: AS Diff. | M19: Rank
B20: Denver | C20: =SUMIFS(UA_HUB_SQL_7!J:J,UA_HUB_SQL_7!$B:$B,PAGE_1!B20)/SUMIFS(UA_HUB_SQL_7!$F:$F,UA_HUB_SQL_7!$B:$B,PAGE_1!B20) | D20: =SUMIFS(UA_HUB_SQL_7!K:K,UA_HUB_SQL_7!B:B,PAGE_1!B20)/SUMIFS(UA_HUB_SQL_7!F:F,UA_HUB_SQL_7!B:B,PAGE_1!B20) | E20: - | F20: - | G20: - | H20: - | I20: =SUMIFS(UA_HUB_SQL_7!G:G,UA_HUB_SQL_7!$B:$B,PAGE_1!B20)/SUMIFS(UA_HUB_SQL_7!$F:$F,UA_HUB_SQL_7!$B:$B,PAGE_1!B20) | J20: - | K20: - | L20: - | M20: -
B21: New York | C21: =IFERROR(SUMIFS(UA_HUB_SQL_7!J:J,UA_HUB_SQL_7!$B:$B,PAGE_1!B21)/SUMIFS(UA_HUB_SQL_7!$F:$F,UA_HUB_SQL_7!$B:$B,PAGE_1!B21),"-") | D21: =IFERROR(SUMIFS(UA_HUB_SQL_7!K:K,UA_HUB_SQL_7!B:B,PAGE_1!B21)/SUMIFS(UA_HUB_SQL_7!F:F,UA_HUB_SQL_7!B:B,PAGE_1!B21),"-") | E21: =IFERROR(((SUMIFS(UA_HUB_SQL_7!K:K,UA_HUB_SQL_7!B:B,PAGE_1!B21)/SUMIFS(UA_HUB_SQL_7!F:F,UA_HUB_SQL_7!B:B,PAGE_1!B21))-(SUMIFS(OA_SQL_2!K:K,OA_SQL_2!A:A,PAGE_1!B21,OA_SQL_2!B:B,"DL")/SUMIFS(OA_SQL_2!J:J,OA_SQL_2!A:A,PAGE_1!B21,OA_SQL_2!B:B,"DL")))*100,"-") | F21: =IFERROR(((SUMIFS(UA_HUB_SQL_7!$K:$K,UA_HUB_SQL_7!$B:$B,PAGE_1!B21)/SUMIFS(UA_HUB_SQL_7!$F:$F,UA_HUB_SQL_7!$B:$B,PAGE_1!B21))-(SUMIFS(OA_SQL_2!$K:$K,OA_SQL_2!$A:$A,PAGE_1!B21,OA_SQL_2!$B:$B,"AA")/SUMIFS(OA_SQL_2!$J:$J,OA_SQL_2!$A:$A,PAGE_1!B21,OA_SQL_2!$B:$B,"AA")))*100,"-") | G21: - | H21: =IFERROR(RANK!F9,"-") | I21: =IFERROR(SUMIFS(UA_HUB_SQL_7!G:G,UA_HUB_SQL_7!$B:$B,PAGE_1!B21)/SUMIFS(UA_HUB_SQL_7!$F:$F,UA_HUB_SQL_7!$B:$B,PAGE_1!B21),"-") | J21: =IFERROR(((SUMIFS(UA_HUB_SQL_7!$G:$G,UA_HUB_SQL_7!$B:$B,PAGE_1!B21)/SUMIFS(UA_HUB_SQL_7!$F:$F,UA_HUB_SQL_7!$B:$B,PAGE_1!B21))-(SUMIFS(OA_SQL_2!$L:$L,OA_SQL_2!$A:$A,PAGE_1!B21,OA_SQL_2!$B:$B,"DL")/SUMIFS(OA_SQL_2!$J:$J,OA_SQL_2!$A:$A,PAGE_1!B21,OA_SQL_2!$B:$B,"DL")))*100,"-") | K21: =IFERROR(((SUMIFS(UA_HUB_SQL_7!$G:$G,UA_HUB_SQL_7!$B:$B,PAGE_1!B21)/SUMIFS(UA_HUB_SQL_7!$F:$F,UA_HUB_SQL_7!$B:$B,PAGE_1!B21))-(SUMIFS(OA_SQL_2!$L:$L,OA_SQL_2!$A:$A,PAGE_1!B21,OA_SQL_2!$B:$B,"AA")/SUMIFS(OA_SQL_2!$J:$J,OA_SQL_2!$A:$A,PAGE_1!B21,OA_SQL_2!$B:$B,"AA")))*100,"-") | L21: - | M21: =IFERROR(RANK!F20,"-")
B22: Washington DC | C22: =SUMIFS(UA_HUB_SQL_7!J:J,UA_HUB_SQL_7!$B:$B,PAGE_1!B22)/SUMIFS(UA_HUB_SQL_7!$F:$F,UA_HUB_SQL_7!$B:$B,PAGE_1!B22) | D22: =SUMIFS(UA_HUB_SQL_7!K:K,UA_HUB_SQL_7!B:B,PAGE_1!B22)/SUMIFS(UA_HUB_SQL_7!F:F,UA_HUB_SQL_7!B:B,PAGE_1!B22) | E22: =IFERROR(((SUMIFS(UA_HUB_SQL_7!K:K,UA_HUB_SQL_7!B:B,PAGE_1!B22)/SUMIFS(UA_HUB_SQL_7!F:F,UA_HUB_SQL_7!B:B,PAGE_1!B22))-(SUMIFS(OA_SQL_2!K:K,OA_SQL_2!A:A,PAGE_1!B22,OA_SQL_2!B:B,"DL")/SUMIFS(OA_SQL_2!J:J,OA_SQL_2!A:A,PAGE_1!B22,OA_SQL_2!B:B,"DL")))*100,"-") | F22: =IFERROR(((SUMIFS(UA_HUB_SQL_7!$K:$K,UA_HUB_SQL_7!$B:$B,PAGE_1!B22)/SUMIFS(UA_HUB_SQL_7!$F:$F,UA_HUB_SQL_7!$B:$B,PAGE_1!B22))-(SUMIFS(OA_SQL_2!$K:$K,OA_SQL_2!$A:$A,PAGE_1!B22,OA_SQL_2!$B:$B,"AA")/SUMIFS(OA_SQL_2!$J:$J,OA_SQL_2!$A:$A,PAGE_1!B22,OA_SQL_2!$B:$B,"AA")))*100,"-") | G22: - | H22: =RANK!F10 | I22: =SUMIFS(UA_HUB_SQL_7!G:G,UA_HUB_SQL_7!$B:$B,PAGE_1!B22)/SUMIFS(UA_HUB_SQL_7!$F:$F,UA_HUB_SQL_7!$B:$B,PAGE_1!B22) | J22: =IFERROR(((SUMIFS(UA_HUB_SQL_7!$G:$G,UA_HUB_SQL_7!$B:$B,PAGE_1!B22)/SUMIFS(UA_HUB_SQL_7!$F:$F,UA_HUB_SQL_7!$B:$B,PAGE_1!B22))-(SUMIFS(OA_SQL_2!$L:$L,OA_SQL_2!$A:$A,PAGE_1!B22,OA_SQL_2!$B:$B,"DL")/SUMIFS(OA_SQL_2!$J:$J,OA_SQL_2!$A:$A,PAGE_1!B22,OA_SQL_2!$B:$B,"DL")))*100,"-") | K22: =IFERROR(((SUMIFS(UA_HUB_SQL_7!$G:$G,UA_HUB_SQL_7!$B:$B,PAGE_1!B22)/SUMIFS(UA_HUB_SQL_7!$F:$F,UA_HUB_SQL_7!$B:$B,PAGE_1!B22))-(SUMIFS(OA_SQL_2!$L:$L,OA_SQL_2!$A:$A,PAGE_1!B22,OA_SQL_2!$B:$B,"AA")/SUMIFS(OA_SQL_2!$J:$J,OA_SQL_2!$A:$A,PAGE_1!B22,OA_SQL_2!$B:$B,"AA")))*100,"-") | L22: - | M22: =RANK!F21
B23: Texas | C23: =SUMIFS(UA_HUB_SQL_7!J:J,UA_HUB_SQL_7!$B:$B,PAGE_1!B23)/SUMIFS(UA_HUB_SQL_7!$F:$F,UA_HUB_SQL_7!$B:$B,PAGE_1!B23) | D23: =SUMIFS(UA_HUB_SQL_7!K:K,UA_HUB_SQL_7!B:B,PAGE_1!B23)/SUMIFS(UA_HUB_SQL_7!F:F,UA_HUB_SQL_7!B:B,PAGE_1!B23) | E23: - | F23: =IFERROR(((SUMIFS(UA_HUB_SQL_7!$K:$K,UA_HUB_SQL_7!$B:$B,PAGE_1!B23)/SUMIFS(UA_HUB_SQL_7!$F:$F,UA_HUB_SQL_7!$B:$B,PAGE_1!B23))-(SUMIFS(OA_SQL_2!$K:$K,OA_SQL_2!$A:$A,PAGE_1!B23,OA_SQL_2!$B:$B,"AA")/SUMIFS(OA_SQL_2!$J:$J,OA_SQL_2!$A:$A,PAGE_1!B23,OA_SQL_2!$B:$B,"AA")))*100,"-") | G23: - | H23: =RANK!F11 | I23: =SUMIFS(UA_HUB_SQL_7!G:G,UA_HUB_SQL_7!$B:$B,PAGE_1!B23)/SUMIFS(UA_HUB_SQL_7!$F:$F,UA_HUB_SQL_7!$B:$B,PAGE_1!B23) | J23: - | K23: =IFERROR(((SUMIFS(UA_HUB_SQL_7!$G:$G,UA_HUB_SQL_7!$B:$B,PAGE_1!B23)/SUMIFS(UA_HUB_SQL_7!$F:$F,UA_HUB_SQL_7!$B:$B,PAGE_1!B23))-(SUMIFS(OA_SQL_2!$L:$L,OA_SQL_2!$A:$A,PAGE_1!B23,OA_SQL_2!$B:$B,"AA")/SUMIFS(OA_SQL_2!$J:$J,OA_SQL_2!$A:$A,PAGE_1!B23,OA_SQL_2!$B:$B,"AA")))*100,"-") | L23: - | M23: =RANK!F22
B24: Los Angeles | C24: =IFERROR(SUMIFS(UA_HUB_SQL_7!J:J,UA_HUB_SQL_7!$B:$B,PAGE_1!B24)/SUMIFS(UA_HUB_SQL_7!$F:$F,UA_HUB_SQL_7!$B:$B,PAGE_1!B24),"-") | D24: =IFERROR(SUMIFS(UA_HUB_SQL_7!K:K,UA_HUB_SQL_7!B:B,PAGE_1!B24)/SUMIFS(UA_HUB_SQL_7!F:F,UA_HUB_SQL_7!B:B,PAGE_1!B24),"-") | E24: =IFERROR(((SUMIFS(UA_HUB_SQL_7!K:K,UA_HUB_SQL_7!B:B,PAGE_1!B24)/SUMIFS(UA_HUB_SQL_7!F:F,UA_HUB_SQL_7!B:B,PAGE_1!B24))-(SUMIFS(OA_SQL_2!K:K,OA_SQL_2!A:A,PAGE_1!B24,OA_SQL_2!B:B,"DL")/SUMIFS(OA_SQL_2!J:J,OA_SQL_2!A:A,PAGE_1!B24,OA_SQL_2!B:B,"DL")))*100,"-") | F24: =IFERROR(((SUMIFS(UA_HUB_SQL_7!$K:$K,UA_HUB_SQL_7!$B:$B,PAGE_1!B24)/SUMIFS(UA_HUB_SQL_7!$F:$F,UA_HUB_SQL_7!$B:$B,PAGE_1!B24))-(SUMIFS(OA_SQL_2!$K:$K,OA_SQL_2!$A:$A,PAGE_1!B24,OA_SQL_2!$B:$B,"AA")/SUMIFS(OA_SQL_2!$J:$J,OA_SQL_2!$A:$A,PAGE_1!B24,OA_SQL_2!$B:$B,"AA")))*100,"-") | G24: - | H24: =IFERROR(RANK!F12,"-") | I24: =IFERROR(SUMIFS(UA_HUB_SQL_7!G:G,UA_HUB_SQL_7!$B:$B,PAGE_1!B24)/SUMIFS(UA_HUB_SQL_7!$F:$F,UA_HUB_SQL_7!$B:$B,PAGE_1!B24),"-") | J24: =IFERROR(((SUMIFS(UA_HUB_SQL_7!$G:$G,UA_HUB_SQL_7!$B:$B,PAGE_1!B24)/SUMIFS(UA_HUB_SQL_7!$F:$F,UA_HUB_SQL_7!$B:$B,PAGE_1!B24))-(SUMIFS(OA_SQL_2!$L:$L,OA_SQL_2!$A:$A,PAGE_1!B24,OA_SQL_2!$B:$B,"DL")/SUMIFS(OA_SQL_2!$J:$J,OA_SQL_2!$A:$A,PAGE_1!B24,OA_SQL_2!$B:$B,"DL")))*100,"-") | K24: =IFERROR(((SUMIFS(UA_HUB_SQL_7!$G:$G,UA_HUB_SQL_7!$B:$B,PAGE_1!B24)/SUMIFS(UA_HUB_SQL_7!$F:$F,UA_HUB_SQL_7!$B:$B,PAGE_1!B24))-(SUMIFS(OA_SQL_2!$L:$L,OA_SQL_2!$A:$A,PAGE_1!B24,OA_SQL_2!$B:$B,"AA")/SUMIFS(OA_SQL_2!$J:$J,OA_SQL_2!$A:$A,PAGE_1!B24,OA_SQL_2!$B:$B,"AA")))*100,"-") | L24: - | M24: =IFERROR(RANK!F23,"-")
B25: Chicago | C25: =SUMIFS(UA_HUB_SQL_7!J:J,UA_HUB_SQL_7!$B:$B,PAGE_1!B25)/SUMIFS(UA_HUB_SQL_7!$F:$F,UA_HUB_SQL_7!$B:$B,PAGE_1!B25) | D25: =SUMIFS(UA_HUB_SQL_7!K:K,UA_HUB_SQL_7!B:B,PAGE_1!B25)/SUMIFS(UA_HUB_SQL_7!F:F,UA_HUB_SQL_7!B:B,PAGE_1!B25) | E25: - | F25: =IFERROR(((SUMIFS(UA_HUB_SQL_7!$K:$K,UA_HUB_SQL_7!$B:$B,PAGE_1!B25)/SUMIFS(UA_HUB_SQL_7!$F:$F,UA_HUB_SQL_7!$B:$B,PAGE_1!B25))-(SUMIFS(OA_SQL_2!$K:$K,OA_SQL_2!$A:$A,PAGE_1!B25,OA_SQL_2!$B:$B,"AA")/SUMIFS(OA_SQL_2!$J:$J,OA_SQL_2!$A:$A,PAGE_1!B25,OA_SQL_2!$B:$B,"AA")))*100,"-") | G25: - | H25: =IFERROR(RANK!F13,"-") | I25: =SUMIFS(UA_HUB_SQL_7!G:G,UA_HUB_SQL_7!$B:$B,PAGE_1!B25)/SUMIFS(UA_HUB_SQL_7!$F:$F,UA_HUB_SQL_7!$B:$B,PAGE_1!B25) | J25: - | K25: =IFERROR(((SUMIFS(UA_HUB_SQL_7!$G:$G,UA_HUB_SQL_7!$B:$B,PAGE_1!B25)/SUMIFS(UA_HUB_SQL_7!$F:$F,UA_HUB_SQL_7!$B:$B,PAGE_1!B25))-(SUMIFS(OA_SQL_2!$L:$L,OA_SQL_2!$A:$A,PAGE_1!B25,OA_SQL_2!$B:$B,"AA")/SUMIFS(OA_SQL_2!$J:$J,OA_SQL_2!$A:$A,PAGE_1!B25,OA_SQL_2!$B:$B,"AA")))*100,"-") | L25: - | M25: =RANK!F24
B26: San Francisco | C26: =SUMIFS(UA_HUB_SQL_7!J:J,UA_HUB_SQL_7!$B:$B,PAGE_1!B26)/SUMIFS(UA_HUB_SQL_7!$F:$F,UA_HUB_SQL_7!$B:$B,PAGE_1!B26) | D26: =SUMIFS(UA_HUB_SQL_7!K:K,UA_HUB_SQL_7!B:B,PAGE_1!B26)/SUMIFS(UA_HUB_SQL_7!F:F,UA_HUB_SQL_7!B:B,PAGE_1!B26) | E26: - | F26: - | G26: =IFERROR(((SUMIFS(UA_HUB_SQL_7!K:K,UA_HUB_SQL_7!B:B,PAGE_1!B26)/SUMIFS(UA_HUB_SQL_7!F:F,UA_HUB_SQL_7!B:B,PAGE_1!B26))-(SUMIFS(OA_SQL_2!K:K,OA_SQL_2!A:A,PAGE_1!B26,OA_SQL_2!B:B,"AS")/SUMIFS(OA_SQL_2!J:J,OA_SQL_2!A:A,PAGE_1!B26,OA_SQL_2!B:B,"AS")))*100,"-") | H26: =RANK!F14 | I26: =SUMIFS(UA_HUB_SQL_7!G:G,UA_HUB_SQL_7!$B:$B,PAGE_1!B26)/SUMIFS(UA_HUB_SQL_7!$F:$F,UA_HUB_SQL_7!$B:$B,PAGE_1!B26) | J26: - | K26: - | L26: =((SUMIFS(UA_HUB_SQL_7!G:G,UA_HUB_SQL_7!$B:$B,PAGE_1!B26)/SUMIFS(UA_HUB_SQL_7!$F:$F,UA_HUB_SQL_7!$B:$B,PAGE_1!B26))-(SUMIFS(OA_SQL_2!L:L,OA_SQL_2!A:A,PAGE_1!B26,OA_SQL_2!B:B,"AS")/SUMIFS(OA_SQL_2!J:J,OA_SQL_2!A:A,PAGE_1!B26,OA_SQL_2!B:B,"AS")))*100 | M26: =RANK!F25 | N26: =SUMIFS(OA_SQL_2!K:K,OA_SQL_2!A:A,PAGE_1!B26,OA_SQL_2!B:B,"AS")/SUMIFS(OA_SQL_2!J:J,OA_SQL_2!A:A,PAGE_1!B26,OA_SQL_2!B:B,"AS")
A27: Line | B27: Line stations | C27: =SUMIFS(UA_HUB_SQL_7!J:J,UA_HUB_SQL_7!$B:$B,PAGE_1!A27)/SUMIFS(UA_HUB_SQL_7!$F:$F,UA_HUB_SQL_7!$B:$B,PAGE_1!A27) | D27: =SUMIFS(UA_HUB_SQL_7!K:K,UA_HUB_SQL_7!B:B,PAGE_1!A27)/SUMIFS(UA_HUB_SQL_7!F:F,UA_HUB_SQL_7!B:B,PAGE_1!A27) | E27: =IFERROR(((SUMIFS(UA_HUB_SQL_7!K:K,UA_HUB_SQL_7!B:B,PAGE_1!A27)/SUMIFS(UA_HUB_SQL_7!F:F,UA_HUB_SQL_7!B:B,PAGE_1!A27))-(SUMIFS(OA_SQL_2!K:K,OA_SQL_2!A:A,PAGE_1!A27,OA_SQL_2!B:B,"DL")/SUMIFS(OA_SQL_2!J:J,OA_SQL_2!A:A,PAGE_1!A27,OA_SQL_2!B:B,"DL")))*100,"-") | F27: =IFERROR(((SUMIFS(UA_HUB_SQL_7!$K:$K,UA_HUB_SQL_7!$B:$B,PAGE_1!A27)/SUMIFS(UA_HUB_SQL_7!$F:$F,UA_HUB_SQL_7!$B:$B,PAGE_1!A27))-(SUMIFS(OA_SQL_2!$K:$K,OA_SQL_2!$A:$A,PAGE_1!A27,OA_SQL_2!$B:$B,"AA")/SUMIFS(OA_SQL_2!$J:$J,OA_SQL_2!$A:$A,PAGE_1!A27,OA_SQL_2!$B:$B,"AA")))*100,"-") | G27: =IFERROR(((SUMIFS(UA_HUB_SQL_7!K:K,UA_HUB_SQL_7!B:B,PAGE_1!A27)/SUMIFS(UA_HUB_SQL_7!F:F,UA_HUB_SQL_7!B:B,PAGE_1!A27))-(SUMIFS(OA_SQL_2!K:K,OA_SQL_2!A:A,PAGE_1!A27,OA_SQL_2!B:B,"AS")/SUMIFS(OA_SQL_2!J:J,OA_SQL_2!A:A,PAGE_1!A27,OA_SQL_2!B:B,"AS")))*100,"-") | H27: =RANK!F15 | I27: =SUMIFS(UA_HUB_SQL_7!G:G,UA_HUB_SQL_7!$B:$B,PAGE_1!A27)/SUMIFS(UA_HUB_SQL_7!$F:$F,UA_HUB_SQL_7!$B:$B,PAGE_1!A27) | J27: =IFERROR(((SUMIFS(UA_HUB_SQL_7!$G:$G,UA_HUB_SQL_7!$B:$B,PAGE_1!A27)/SUMIFS(UA_HUB_SQL_7!$F:$F,UA_HUB_SQL_7!$B:$B,PAGE_1!A27))-(SUMIFS(OA_SQL_2!$L:$L,OA_SQL_2!$A:$A,PAGE_1!A27,OA_SQL_2!$B:$B,"DL")/SUMIFS(OA_SQL_2!$J:$J,OA_SQL_2!$A:$A,PAGE_1!A27,OA_SQL_2!$B:$B,"DL")))*100,"-") | K27: =IFERROR(((SUMIFS(UA_HUB_SQL_7!$G:$G,UA_HUB_SQL_7!$B:$B,PAGE_1!A27)/SUMIFS(UA_HUB_SQL_7!$F:$F,UA_HUB_SQL_7!$B:$B,PAGE_1!A27))-(SUMIFS(OA_SQL_2!$L:$L,OA_SQL_2!$A:$A,PAGE_1!A27,OA_SQL_2!$B:$B,"AA")/SUMIFS(OA_SQL_2!$J:$J,OA_SQL_2!$A:$A,PAGE_1!A27,OA_SQL_2!$B:$B,"AA")))*100,"-") | L27: =((SUMIFS(UA_HUB_SQL_7!G:G,UA_HUB_SQL_7!$B:$B,PAGE_1!A27)/SUMIFS(UA_HUB_SQL_7!$F:$F,UA_HUB_SQL_7!$B:$B,PAGE_1!A27))-(SUMIFS(OA_SQL_2!L:L,OA_SQL_2!A:A,PAGE_1!A27,OA_SQL_2!B:B,"AS")/SUMIFS(OA_SQL_2!J:J,OA_SQL_2!A:A,PAGE_1!A27,OA_SQL_2!B:B,"AS")))*100 | M27: =RANK!F26 | N27: =(SUMIFS(UA_HUB_SQL_7!K:K,UA_HUB_SQL_7!B:B,PAGE_1!A27)/SUMIFS(UA_HUB_SQL_7!F:F,UA_HUB_SQL_7!B:B,PAGE_1!A27)) | O27: =(SUMIFS(OA_SQL_2!K:K,OA_SQL_2!A:A,PAGE_1!A27,OA_SQL_2!B:B,"DL")/SUMIFS(OA_SQL_2!J:J,OA_SQL_2!A:A,PAGE_1!A27,OA_SQL_2!B:B,"DL"))
B30: Cancel Detail
B31: Express Partner | C31: Scheduled Departures | D31: Weather & ATC | E31: Technical Operations | F31: Flight Operations | G31: Inflight Services | H31: Airport Operations | I31: Network Operations | J31: IT | K31: Catering Operations | L31: Other | M31: Total Cancels | N31: ES covered for this partner | O31: Net Cancel | P31: ES covered by this partner
B32: OO - SkyWest | C32: =SUMIF(SCH_DEP_SQL_4!$A:$A,PAGE_1!R33,SCH_DEP_SQL_4!$E:$E) | D32: =IF(SUMIFS(CNXL_SQL_2!$F:$F,CNXL_SQL_2!$A:$A,PAGE_1!$R33,CNXL_SQL_2!$D:$D,PAGE_1!$S$32)=0,"",SUMIFS(CNXL_SQL_2!$F:$F,CNXL_SQL_2!$A:$A,PAGE_1!$R33,CNXL_SQL_2!$D:$D,PAGE_1!$S$32)) | E32: =IF(SUMIFS(CNXL_SQL_2!$F:$F,CNXL_SQL_2!$A:$A,PAGE_1!$R33,CNXL_SQL_2!$D:$D,PAGE_1!$S$33)=0,"",SUMIFS(CNXL_SQL_2!$F:$F,CNXL_SQL_2!$A:$A,PAGE_1!$R33,CNXL_SQL_2!$D:$D,PAGE_1!$S$33)) | F32: =IF(SUMIFS(CNXL_SQL_2!$F:$F,CNXL_SQL_2!$A:$A,PAGE_1!$R33,CNXL_SQL_2!$D:$D,PAGE_1!$S$34)=0,"",SUMIFS(CNXL_SQL_2!$F:$F,CNXL_SQL_2!$A:$A,PAGE_1!$R33,CNXL_SQL_2!$D:$D,PAGE_1!$S$34)) | G32: =IF(SUMIFS(CNXL_SQL_2!$F:$F,CNXL_SQL_2!$A:$A,PAGE_1!$R33,CNXL_SQL_2!$D:$D,PAGE_1!$S$35)=0,"",SUMIFS(CNXL_SQL_2!$F:$F,CNXL_SQL_2!$A:$A,PAGE_1!$R33,CNXL_SQL_2!$D:$D,PAGE_1!$S$35)) | H32: =IF(SUMIFS(CNXL_SQL_2!$F:$F,CNXL_SQL_2!$A:$A,PAGE_1!$R33,CNXL_SQL_2!$D:$D,PAGE_1!$S$36)=0,"",SUMIFS(CNXL_SQL_2!$F:$F,CNXL_SQL_2!$A:$A,PAGE_1!$R33,CNXL_SQL_2!$D:$D,PAGE_1!$S$36)) | I32: =IF(SUMIFS(CNXL_SQL_2!$F:$F,CNXL_SQL_2!$A:$A,PAGE_1!$R33,CNXL_SQL_2!$D:$D,PAGE_1!$S$37)=0,"",SUMIFS(CNXL_SQL_2!$F:$F,CNXL_SQL_2!$A:$A,PAGE_1!$R33,CNXL_SQL_2!$D:$D,PAGE_1!$S$37)) | J32: =IF(SUMIFS(CNXL_SQL_2!$F:$F,CNXL_SQL_2!$A:$A,PAGE_1!$R33,CNXL_SQL_2!$D:$D,PAGE_1!$S$38)=0,"",SUMIFS(CNXL_SQL_2!$F:$F,CNXL_SQL_2!$A:$A,PAGE_1!$R33,CNXL_SQL_2!$D:$D,PAGE_1!$S$38)) | K32: =IF(SUMIFS(CNXL_SQL_2!$F:$F,CNXL_SQL_2!$A:$A,PAGE_1!$R33,CNXL_SQL_2!$D:$D,PAGE_1!$S$39)=0,"",SUMIFS(CNXL_SQL_2!$F:$F,CNXL_SQL_2!$A:$A,PAGE_1!$R33,CNXL_SQL_2!$D:$D,PAGE_1!$S$39)) | L32: =IF(SUMIFS(CNXL_SQL_2!$F:$F,CNXL_SQL_2!$A:$A,PAGE_1!$R33,CNXL_SQL_2!$D:$D,PAGE_1!$S$40)=0,"",SUMIFS(CNXL_SQL_2!$F:$F,CNXL_SQL_2!$A:$A,PAGE_1!$R33,CNXL_SQL_2!$D:$D,PAGE_1!$S$40)) | M32: =IF(SUM(D32:L32)=0,"",SUM(D32:L32)) | N32: =ES_MATRIX!K4 | O32: =IFERROR(M32-ES_MATRIX!L4,"") | P32: =IF(SUMIF(CNXL_SQL_2!$E:$E,PAGE_1!R33,CNXL_SQL_2!$F:$F)=0,"",SUMIF(CNXL_SQL_2!$E:$E,PAGE_1!R33,CNXL_SQL_2!$F:$F)) | S32: WEATHER/ATC
B33: YX - Republic | C33: =SUMIF(SCH_DEP_SQL_4!$A:$A,PAGE_1!R35,SCH_DEP_SQL_4!$E:$E) | D33: =IF(SUMIFS(CNXL_SQL_2!$F:$F,CNXL_SQL_2!$A:$A,PAGE_1!$R35,CNXL_SQL_2!$D:$D,PAGE_1!$S$32)=0,"",SUMIFS(CNXL_SQL_2!$F:$F,CNXL_SQL_2!$A:$A,PAGE_1!$R35,CNXL_SQL_2!$D:$D,PAGE_1!$S$32)) | E33: =IF(SUMIFS(CNXL_SQL_2!$F:$F,CNXL_SQL_2!$A:$A,PAGE_1!$R35,CNXL_SQL_2!$D:$D,PAGE_1!$S$33)=0,"",SUMIFS(CNXL_SQL_2!$F:$F,CNXL_SQL_2!$A:$A,PAGE_1!$R35,CNXL_SQL_2!$D:$D,PAGE_1!$S$33)) | F33: =IF(SUMIFS(CNXL_SQL_2!$F:$F,CNXL_SQL_2!$A:$A,PAGE_1!$R35,CNXL_SQL_2!$D:$D,PAGE_1!$S$34)=0,"",SUMIFS(CNXL_SQL_2!$F:$F,CNXL_SQL_2!$A:$A,PAGE_1!$R35,CNXL_SQL_2!$D:$D,PAGE_1!$S$34)) | G33: =IF(SUMIFS(CNXL_SQL_2!$F:$F,CNXL_SQL_2!$A:$A,PAGE_1!$R35,CNXL_SQL_2!$D:$D,PAGE_1!$S$35)=0,"",SUMIFS(CNXL_SQL_2!$F:$F,CNXL_SQL_2!$A:$A,PAGE_1!$R35,CNXL_SQL_2!$D:$D,PAGE_1!$S$35)) | H33: =IF(SUMIFS(CNXL_SQL_2!$F:$F,CNXL_SQL_2!$A:$A,PAGE_1!$R35,CNXL_SQL_2!$D:$D,PAGE_1!$S$36)=0,"",SUMIFS(CNXL_SQL_2!$F:$F,CNXL_SQL_2!$A:$A,PAGE_1!$R35,CNXL_SQL_2!$D:$D,PAGE_1!$S$36)) | I33: =IF(SUMIFS(CNXL_SQL_2!$F:$F,CNXL_SQL_2!$A:$A,PAGE_1!$R35,CNXL_SQL_2!$D:$D,PAGE_1!$S$37)=0,"",SUMIFS(CNXL_SQL_2!$F:$F,CNXL_SQL_2!$A:$A,PAGE_1!$R35,CNXL_SQL_2!$D:$D,PAGE_1!$S$37)) | J33: =IF(SUMIFS(CNXL_SQL_2!$F:$F,CNXL_SQL_2!$A:$A,PAGE_1!$R35,CNXL_SQL_2!$D:$D,PAGE_1!$S$38)=0,"",SUMIFS(CNXL_SQL_2!$F:$F,CNXL_SQL_2!$A:$A,PAGE_1!$R35,CNXL_SQL_2!$D:$D,PAGE_1!$S$38)) | K33: =IF(SUMIFS(CNXL_SQL_2!$F:$F,CNXL_SQL_2!$A:$A,PAGE_1!$R35,CNXL_SQL_2!$D:$D,PAGE_1!$S$39)=0,"",SUMIFS(CNXL_SQL_2!$F:$F,CNXL_SQL_2!$A:$A,PAGE_1!$R35,CNXL_SQL_2!$D:$D,PAGE_1!$S$39)) | L33: =IF(SUMIFS(CNXL_SQL_2!$F:$F,CNXL_SQL_2!$A:$A,PAGE_1!$R35,CNXL_SQL_2!$D:$D,PAGE_1!$S$40)=0,"",SUMIFS(CNXL_SQL_2!$F:$F,CNXL_SQL_2!$A:$A,PAGE_1!$R35,CNXL_SQL_2!$D:$D,PAGE_1!$S$40)) | M33: =IF(SUM(D33:L33)=0,"",SUM(D33:L33)) | N33: =ES_MATRIX!K6 | O33: =IFERROR(M33-ES_MATRIX!L6,"") | P33: =IF(SUMIF(CNXL_SQL_2!$E:$E,PAGE_1!R35,CNXL_SQL_2!$F:$F)=0,"",SUMIF(CNXL_SQL_2!$E:$E,PAGE_1!R35,CNXL_SQL_2!$F:$F)) | R33: OO | S33: TECHNICAL OPERATIONS-AIRCRAFT
B34: G7 - Go Jet | C34: =SUMIF(SCH_DEP_SQL_4!$A:$A,PAGE_1!R36,SCH_DEP_SQL_4!$E:$E) | D34: =IF(SUMIFS(CNXL_SQL_2!$F:$F,CNXL_SQL_2!$A:$A,PAGE_1!$R36,CNXL_SQL_2!$D:$D,PAGE_1!$S$32)=0,"",SUMIFS(CNXL_SQL_2!$F:$F,CNXL_SQL_2!$A:$A,PAGE_1!$R36,CNXL_SQL_2!$D:$D,PAGE_1!$S$32)) | E34: =IF(SUMIFS(CNXL_SQL_2!$F:$F,CNXL_SQL_2!$A:$A,PAGE_1!$R36,CNXL_SQL_2!$D:$D,PAGE_1!$S$33)=0,"",SUMIFS(CNXL_SQL_2!$F:$F,CNXL_SQL_2!$A:$A,PAGE_1!$R36,CNXL_SQL_2!$D:$D,PAGE_1!$S$33)) | F34: =IF(SUMIFS(CNXL_SQL_2!$F:$F,CNXL_SQL_2!$A:$A,PAGE_1!$R36,CNXL_SQL_2!$D:$D,PAGE_1!$S$34)=0,"",SUMIFS(CNXL_SQL_2!$F:$F,CNXL_SQL_2!$A:$A,PAGE_1!$R36,CNXL_SQL_2!$D:$D,PAGE_1!$S$34)) | G34: =IF(SUMIFS(CNXL_SQL_2!$F:$F,CNXL_SQL_2!$A:$A,PAGE_1!$R36,CNXL_SQL_2!$D:$D,PAGE_1!$S$35)=0,"",SUMIFS(CNXL_SQL_2!$F:$F,CNXL_SQL_2!$A:$A,PAGE_1!$R36,CNXL_SQL_2!$D:$D,PAGE_1!$S$35)) | H34: =IF(SUMIFS(CNXL_SQL_2!$F:$F,CNXL_SQL_2!$A:$A,PAGE_1!$R36,CNXL_SQL_2!$D:$D,PAGE_1!$S$36)=0,"",SUMIFS(CNXL_SQL_2!$F:$F,CNXL_SQL_2!$A:$A,PAGE_1!$R36,CNXL_SQL_2!$D:$D,PAGE_1!$S$36)) | I34: =IF(SUMIFS(CNXL_SQL_2!$F:$F,CNXL_SQL_2!$A:$A,PAGE_1!$R36,CNXL_SQL_2!$D:$D,PAGE_1!$S$37)=0,"",SUMIFS(CNXL_SQL_2!$F:$F,CNXL_SQL_2!$A:$A,PAGE_1!$R36,CNXL_SQL_2!$D:$D,PAGE_1!$S$37)) | J34: =IF(SUMIFS(CNXL_SQL_2!$F:$F,CNXL_SQL_2!$A:$A,PAGE_1!$R36,CNXL_SQL_2!$D:$D,PAGE_1!$S$38)=0,"",SUMIFS(CNXL_SQL_2!$F:$F,CNXL_SQL_2!$A:$A,PAGE_1!$R36,CNXL_SQL_2!$D:$D,PAGE_1!$S$38)) | K34: =IF(SUMIFS(CNXL_SQL_2!$F:$F,CNXL_SQL_2!$A:$A,PAGE_1!$R36,CNXL_SQL_2!$D:$D,PAGE_1!$S$39)=0,"",SUMIFS(CNXL_SQL_2!$F:$F,CNXL_SQL_2!$A:$A,PAGE_1!$R36,CNXL_SQL_2!$D:$D,PAGE_1!$S$39)) | L34: =IF(SUMIFS(CNXL_SQL_2!$F:$F,CNXL_SQL_2!$A:$A,PAGE_1!$R36,CNXL_SQL_2!$D:$D,PAGE_1!$S$40)=0,"",SUMIFS(CNXL_SQL_2!$F:$F,CNXL_SQL_2!$A:$A,PAGE_1!$R36,CNXL_SQL_2!$D:$D,PAGE_1!$S$40)) | M34: =IF(SUM(D34:L34)=0,"",SUM(D34:L34)) | N34: =ES_MATRIX!K7 | O34: =IFERROR(M34-ES_MATRIX!L7,"") | P34: =IF(SUMIF(CNXL_SQL_2!$E:$E,PAGE_1!R36,CNXL_SQL_2!$F:$F)=0,"",SUMIF(CNXL_SQL_2!$E:$E,PAGE_1!R36,CNXL_SQL_2!$F:$F)) | S34: FLIGHT OPERATIONS
B35: C5 - CommutAir | C35: =SUMIF(SCH_DEP_SQL_4!$A:$A,PAGE_1!R37,SCH_DEP_SQL_4!$E:$E) | D35: =IF(SUMIFS(CNXL_SQL_2!$F:$F,CNXL_SQL_2!$A:$A,PAGE_1!$R37,CNXL_SQL_2!$D:$D,PAGE_1!$S$32)=0,"",SUMIFS(CNXL_SQL_2!$F:$F,CNXL_SQL_2!$A:$A,PAGE_1!$R37,CNXL_SQL_2!$D:$D,PAGE_1!$S$32)) | E35: =IF(SUMIFS(CNXL_SQL_2!$F:$F,CNXL_SQL_2!$A:$A,PAGE_1!$R37,CNXL_SQL_2!$D:$D,PAGE_1!$S$33)=0,"",SUMIFS(CNXL_SQL_2!$F:$F,CNXL_SQL_2!$A:$A,PAGE_1!$R37,CNXL_SQL_2!$D:$D,PAGE_1!$S$33)) | F35: =IF(SUMIFS(CNXL_SQL_2!$F:$F,CNXL_SQL_2!$A:$A,PAGE_1!$R37,CNXL_SQL_2!$D:$D,PAGE_1!$S$34)=0,"",SUMIFS(CNXL_SQL_2!$F:$F,CNXL_SQL_2!$A:$A,PAGE_1!$R37,CNXL_SQL_2!$D:$D,PAGE_1!$S$34)) | G35: =IF(SUMIFS(CNXL_SQL_2!$F:$F,CNXL_SQL_2!$A:$A,PAGE_1!$R37,CNXL_SQL_2!$D:$D,PAGE_1!$S$35)=0,"",SUMIFS(CNXL_SQL_2!$F:$F,CNXL_SQL_2!$A:$A,PAGE_1!$R37,CNXL_SQL_2!$D:$D,PAGE_1!$S$35)) | H35: =IF(SUMIFS(CNXL_SQL_2!$F:$F,CNXL_SQL_2!$A:$A,PAGE_1!$R37,CNXL_SQL_2!$D:$D,PAGE_1!$S$36)=0,"",SUMIFS(CNXL_SQL_2!$F:$F,CNXL_SQL_2!$A:$A,PAGE_1!$R37,CNXL_SQL_2!$D:$D,PAGE_1!$S$36)) | I35: =IF(SUMIFS(CNXL_SQL_2!$F:$F,CNXL_SQL_2!$A:$A,PAGE_1!$R37,CNXL_SQL_2!$D:$D,PAGE_1!$S$37)=0,"",SUMIFS(CNXL_SQL_2!$F:$F,CNXL_SQL_2!$A:$A,PAGE_1!$R37,CNXL_SQL_2!$D:$D,PAGE_1!$S$37)) | J35: =IF(SUMIFS(CNXL_SQL_2!$F:$F,CNXL_SQL_2!$A:$A,PAGE_1!$R37,CNXL_SQL_2!$D:$D,PAGE_1!$S$38)=0,"",SUMIFS(CNXL_SQL_2!$F:$F,CNXL_SQL_2!$A:$A,PAGE_1!$R37,CNXL_SQL_2!$D:$D,PAGE_1!$S$38)) | K35: =IF(SUMIFS(CNXL_SQL_2!$F:$F,CNXL_SQL_2!$A:$A,PAGE_1!$R37,CNXL_SQL_2!$D:$D,PAGE_1!$S$39)=0,"",SUMIFS(CNXL_SQL_2!$F:$F,CNXL_SQL_2!$A:$A,PAGE_1!$R37,CNXL_SQL_2!$D:$D,PAGE_1!$S$39)) | L35: =IF(SUMIFS(CNXL_SQL_2!$F:$F,CNXL_SQL_2!$A:$A,PAGE_1!$R37,CNXL_SQL_2!$D:$D,PAGE_1!$S$40)=0,"",SUMIFS(CNXL_SQL_2!$F:$F,CNXL_SQL_2!$A:$A,PAGE_1!$R37,CNXL_SQL_2!$D:$D,PAGE_1!$S$40)) | M35: =IF(SUM(D35:L35)=0,"",SUM(D35:L35)) | N35: =ES_MATRIX!K8 | O35: =IFERROR(M35-ES_MATRIX!L8,"") | P35: =IF(SUMIF(CNXL_SQL_2!$E:$E,PAGE_1!R37,CNXL_SQL_2!$F:$F)=0,"",SUMIF(CNXL_SQL_2!$E:$E,PAGE_1!R37,CNXL_SQL_2!$F:$F)) | R35: YX | S35: INFLIGHT SERVICES
B36: YV - Mesa | C36: =SUMIF(SCH_DEP_SQL_4!$A:$A,PAGE_1!R38,SCH_DEP_SQL_4!$E:$E) | D36: =IF(SUMIFS(CNXL_SQL_2!$F:$F,CNXL_SQL_2!$A:$A,PAGE_1!$R38,CNXL_SQL_2!$D:$D,PAGE_1!$S$32)=0,"",SUMIFS(CNXL_SQL_2!$F:$F,CNXL_SQL_2!$A:$A,PAGE_1!$R38,CNXL_SQL_2!$D:$D,PAGE_1!$S$32)) | E36: =IF(SUMIFS(CNXL_SQL_2!$F:$F,CNXL_SQL_2!$A:$A,PAGE_1!$R38,CNXL_SQL_2!$D:$D,PAGE_1!$S$33)=0,"",SUMIFS(CNXL_SQL_2!$F:$F,CNXL_SQL_2!$A:$A,PAGE_1!$R38,CNXL_SQL_2!$D:$D,PAGE_1!$S$33)) | F36: =IF(SUMIFS(CNXL_SQL_2!$F:$F,CNXL_SQL_2!$A:$A,PAGE_1!$R38,CNXL_SQL_2!$D:$D,PAGE_1!$S$34)=0,"",SUMIFS(CNXL_SQL_2!$F:$F,CNXL_SQL_2!$A:$A,PAGE_1!$R38,CNXL_SQL_2!$D:$D,PAGE_1!$S$34)) | G36: =IF(SUMIFS(CNXL_SQL_2!$F:$F,CNXL_SQL_2!$A:$A,PAGE_1!$R38,CNXL_SQL_2!$D:$D,PAGE_1!$S$35)=0,"",SUMIFS(CNXL_SQL_2!$F:$F,CNXL_SQL_2!$A:$A,PAGE_1!$R38,CNXL_SQL_2!$D:$D,PAGE_1!$S$35)) | H36: =IF(SUMIFS(CNXL_SQL_2!$F:$F,CNXL_SQL_2!$A:$A,PAGE_1!$R38,CNXL_SQL_2!$D:$D,PAGE_1!$S$36)=0,"",SUMIFS(CNXL_SQL_2!$F:$F,CNXL_SQL_2!$A:$A,PAGE_1!$R38,CNXL_SQL_2!$D:$D,PAGE_1!$S$36)) | I36: =IF(SUMIFS(CNXL_SQL_2!$F:$F,CNXL_SQL_2!$A:$A,PAGE_1!$R38,CNXL_SQL_2!$D:$D,PAGE_1!$S$37)=0,"",SUMIFS(CNXL_SQL_2!$F:$F,CNXL_SQL_2!$A:$A,PAGE_1!$R38,CNXL_SQL_2!$D:$D,PAGE_1!$S$37)) | J36: =IF(SUMIFS(CNXL_SQL_2!$F:$F,CNXL_SQL_2!$A:$A,PAGE_1!$R38,CNXL_SQL_2!$D:$D,PAGE_1!$S$38)=0,"",SUMIFS(CNXL_SQL_2!$F:$F,CNXL_SQL_2!$A:$A,PAGE_1!$R38,CNXL_SQL_2!$D:$D,PAGE_1!$S$38)) | K36: =IF(SUMIFS(CNXL_SQL_2!$F:$F,CNXL_SQL_2!$A:$A,PAGE_1!$R38,CNXL_SQL_2!$D:$D,PAGE_1!$S$39)=0,"",SUMIFS(CNXL_SQL_2!$F:$F,CNXL_SQL_2!$A:$A,PAGE_1!$R38,CNXL_SQL_2!$D:$D,PAGE_1!$S$39)) | L36: =IF(SUMIFS(CNXL_SQL_2!$F:$F,CNXL_SQL_2!$A:$A,PAGE_1!$R38,CNXL_SQL_2!$D:$D,PAGE_1!$S$40)=0,"",SUMIFS(CNXL_SQL_2!$F:$F,CNXL_SQL_2!$A:$A,PAGE_1!$R38,CNXL_SQL_2!$D:$D,PAGE_1!$S$40)) | M36: =IF(SUM(D36:L36)=0,"",SUM(D36:L36)) | N36: =ES_MATRIX!K9 | O36: =IFERROR(M36-ES_MATRIX!L9,"") | P36: =IF(SUMIF(CNXL_SQL_2!$E:$E,PAGE_1!R38,CNXL_SQL_2!$F:$F)=0,"",SUMIF(CNXL_SQL_2!$E:$E,PAGE_1!R38,CNXL_SQL_2!$F:$F)) | R36: G7 | S36: AIRPORT OPERATIONS
B37: ZW - Air Wisconsin | C37: =SUMIF(SCH_DEP_SQL_4!$A:$A,PAGE_1!R39,SCH_DEP_SQL_4!$E:$E) | D37: =IF(SUMIFS(CNXL_SQL_2!$F:$F,CNXL_SQL_2!$A:$A,PAGE_1!$R39,CNXL_SQL_2!$D:$D,PAGE_1!$S$32)=0,"",SUMIFS(CNXL_SQL_2!$F:$F,CNXL_SQL_2!$A:$A,PAGE_1!$R39,CNXL_SQL_2!$D:$D,PAGE_1!$S$32)) | E37: =IF(SUMIFS(CNXL_SQL_2!$F:$F,CNXL_SQL_2!$A:$A,PAGE_1!$R39,CNXL_SQL_2!$D:$D,PAGE_1!$S$33)=0,"",SUMIFS(CNXL_SQL_2!$F:$F,CNXL_SQL_2!$A:$A,PAGE_1!$R39,CNXL_SQL_2!$D:$D,PAGE_1!$S$33)) | F37: =IF(SUMIFS(CNXL_SQL_2!$F:$F,CNXL_SQL_2!$A:$A,PAGE_1!$R39,CNXL_SQL_2!$D:$D,PAGE_1!$S$34)=0,"",SUMIFS(CNXL_SQL_2!$F:$F,CNXL_SQL_2!$A:$A,PAGE_1!$R39,CNXL_SQL_2!$D:$D,PAGE_1!$S$34)) | G37: =IF(SUMIFS(CNXL_SQL_2!$F:$F,CNXL_SQL_2!$A:$A,PAGE_1!$R39,CNXL_SQL_2!$D:$D,PAGE_1!$S$35)=0,"",SUMIFS(CNXL_SQL_2!$F:$F,CNXL_SQL_2!$A:$A,PAGE_1!$R39,CNXL_SQL_2!$D:$D,PAGE_1!$S$35)) | H37: =IF(SUMIFS(CNXL_SQL_2!$F:$F,CNXL_SQL_2!$A:$A,PAGE_1!$R39,CNXL_SQL_2!$D:$D,PAGE_1!$S$36)=0,"",SUMIFS(CNXL_SQL_2!$F:$F,CNXL_SQL_2!$A:$A,PAGE_1!$R39,CNXL_SQL_2!$D:$D,PAGE_1!$S$36)) | I37: =IF(SUMIFS(CNXL_SQL_2!$F:$F,CNXL_SQL_2!$A:$A,PAGE_1!$R39,CNXL_SQL_2!$D:$D,PAGE_1!$S$37)=0,"",SUMIFS(CNXL_SQL_2!$F:$F,CNXL_SQL_2!$A:$A,PAGE_1!$R39,CNXL_SQL_2!$D:$D,PAGE_1!$S$37)) | J37: =IF(SUMIFS(CNXL_SQL_2!$F:$F,CNXL_SQL_2!$A:$A,PAGE_1!$R39,CNXL_SQL_2!$D:$D,PAGE_1!$S$38)=0,"",SUMIFS(CNXL_SQL_2!$F:$F,CNXL_SQL_2!$A:$A,PAGE_1!$R39,CNXL_SQL_2!$D:$D,PAGE_1!$S$38)) | K37: =IF(SUMIFS(CNXL_SQL_2!$F:$F,CNXL_SQL_2!$A:$A,PAGE_1!$R39,CNXL_SQL_2!$D:$D,PAGE_1!$S$39)=0,"",SUMIFS(CNXL_SQL_2!$F:$F,CNXL_SQL_2!$A:$A,PAGE_1!$R39,CNXL_SQL_2!$D:$D,PAGE_1!$S$39)) | L37: =IF(SUMIFS(CNXL_SQL_2!$F:$F,CNXL_SQL_2!$A:$A,PAGE_1!$R39,CNXL_SQL_2!$D:$D,PAGE_1!$S$40)=0,"",SUMIFS(CNXL_SQL_2!$F:$F,CNXL_SQL_2!$A:$A,PAGE_1!$R39,CNXL_SQL_2!$D:$D,PAGE_1!$S$40)) | M37: =IF(SUM(D37:L37)=0,"",SUM(D37:L37)) | N37: =ES_MATRIX!K10 | O37: =IFERROR(M37-ES_MATRIX!L10,"") | P37: =IF(SUMIF(CNXL_SQL_2!$E:$E,PAGE_1!R39,CNXL_SQL_2!$F:$F)=0,"",SUMIF(CNXL_SQL_2!$E:$E,PAGE_1!R39,CNXL_SQL_2!$F:$F)) | R37: C5 | S37: NETWORK OPERATIONS CENTER
B38: Total: | C38: =SUM(C32:C37) | D38: =IF(SUM(D32:D37)=0,"",SUM(D32:D37)) | E38: =IF(SUM(E32:E37)=0,"",SUM(E32:E37)) | F38: =IF(SUM(F32:F37)=0,"",SUM(F32:F37)) | G38: =IF(SUM(G32:G37)=0,"",SUM(G32:G37)) | H38: =IF(SUM(H32:H37)=0,"",SUM(H32:H37)) | I38: =IF(SUM(I32:I37)=0,"",SUM(I32:I37)) | J38: =IF(SUM(J32:J37)=0,"",SUM(J32:J37)) | K38: =IF(SUM(K32:K37)=0,"",SUM(K32:K37)) | L38: =IF(SUM(L32:L37)=0,"",SUM(L32:L37)) | M38: =SUM(M32:M37) | O38: =SUM(O32:O37) | P38: =SUM(P32:P37) | R38: YV | S38: TECHNOLOGY
R39: ZW | S39: CATERING OPERATIONS
S40: OTHER
B42: Residual Cancel Detail
B43: Express Partner | C43: Scheduled Departures | D43: Weather & ATC | E43: Technical Operations | F43: Flight Operations | G43: Inflight Services | H43: Airport Operations | I43: Network Operations | J43: IT | K43: Catering Operations | L43: Other | M43: Total Cancels | N43: ES covered for this partner | O43: Net Cancel | P43: ES covered by this partner
B44: OO - SkyWest | C44: =SUMIF(SCH_DEP_SQL_4!$A:$A,PAGE_1!R33,SCH_DEP_SQL_4!$E:$E) | D44: =IF(SUMIFS(RES_CNXL_SQL_3!$F:$F,RES_CNXL_SQL_3!$A:$A,PAGE_1!$R33,RES_CNXL_SQL_3!$D:$D,PAGE_1!$S$32)=0,"",SUMIFS(RES_CNXL_SQL_3!$F:$F,RES_CNXL_SQL_3!$A:$A,PAGE_1!$R33,RES_CNXL_SQL_3!$D:$D,PAGE_1!$S$32)) | E44: =IF(SUMIFS(RES_CNXL_SQL_3!$F:$F,RES_CNXL_SQL_3!$A:$A,PAGE_1!$R33,RES_CNXL_SQL_3!$D:$D,PAGE_1!$S$33)=0,"",SUMIFS(RES_CNXL_SQL_3!$F:$F,RES_CNXL_SQL_3!$A:$A,PAGE_1!$R33,RES_CNXL_SQL_3!$D:$D,PAGE_1!$S$33)) | F44: =IF(SUMIFS(RES_CNXL_SQL_3!$F:$F,RES_CNXL_SQL_3!$A:$A,PAGE_1!$R33,RES_CNXL_SQL_3!$D:$D,PAGE_1!$S$34)=0,"",SUMIFS(RES_CNXL_SQL_3!$F:$F,RES_CNXL_SQL_3!$A:$A,PAGE_1!$R33,RES_CNXL_SQL_3!$D:$D,PAGE_1!$S$34)) | G44: =IF(SUMIFS(RES_CNXL_SQL_3!$F:$F,RES_CNXL_SQL_3!$A:$A,PAGE_1!$R33,RES_CNXL_SQL_3!$D:$D,PAGE_1!$S$35)=0,"",SUMIFS(RES_CNXL_SQL_3!$F:$F,RES_CNXL_SQL_3!$A:$A,PAGE_1!$R33,RES_CNXL_SQL_3!$D:$D,PAGE_1!$S$35)) | H44: =IF(SUMIFS(RES_CNXL_SQL_3!$F:$F,RES_CNXL_SQL_3!$A:$A,PAGE_1!$R33,RES_CNXL_SQL_3!$D:$D,PAGE_1!$S$36)=0,"",SUMIFS(RES_CNXL_SQL_3!$F:$F,RES_CNXL_SQL_3!$A:$A,PAGE_1!$R33,RES_CNXL_SQL_3!$D:$D,PAGE_1!$S$36)) | I44: =IF(SUMIFS(RES_CNXL_SQL_3!$F:$F,RES_CNXL_SQL_3!$A:$A,PAGE_1!$R33,RES_CNXL_SQL_3!$D:$D,PAGE_1!$S$37)=0,"",SUMIFS(RES_CNXL_SQL_3!$F:$F,RES_CNXL_SQL_3!$A:$A,PAGE_1!$R33,RES_CNXL_SQL_3!$D:$D,PAGE_1!$S$37)) | J44: =IF(SUMIFS(RES_CNXL_SQL_3!$F:$F,RES_CNXL_SQL_3!$A:$A,PAGE_1!$R33,RES_CNXL_SQL_3!$D:$D,PAGE_1!$S$38)=0,"",SUMIFS(RES_CNXL_SQL_3!$F:$F,RES_CNXL_SQL_3!$A:$A,PAGE_1!$R33,RES_CNXL_SQL_3!$D:$D,PAGE_1!$S$38)) | K44: =IF(SUMIFS(RES_CNXL_SQL_3!$F:$F,RES_CNXL_SQL_3!$A:$A,PAGE_1!$R33,RES_CNXL_SQL_3!$D:$D,PAGE_1!$S$39)=0,"",SUMIFS(RES_CNXL_SQL_3!$F:$F,RES_CNXL_SQL_3!$A:$A,PAGE_1!$R33,RES_CNXL_SQL_3!$D:$D,PAGE_1!$S$39)) | L44: =IF(SUMIFS(RES_CNXL_SQL_3!$F:$F,RES_CNXL_SQL_3!$A:$A,PAGE_1!$R33,RES_CNXL_SQL_3!$D:$D,PAGE_1!$S$40)=0,"",SUMIFS(RES_CNXL_SQL_3!$F:$F,RES_CNXL_SQL_3!$A:$A,PAGE_1!$R33,RES_CNXL_SQL_3!$D:$D,PAGE_1!$S$40)) | M44: =IF(SUM(D44:L44)=0,"",SUM(D44:L44)) | N44: =ES_MATRIX!K15 | O44: =IFERROR(M44-ES_MATRIX!L15,"") | P44: =IF(SUMIF(RES_CNXL_SQL_3!$E:$E,PAGE_1!R33,RES_CNXL_SQL_3!$F:$F)=0,"",SUMIF(RES_CNXL_SQL_3!$E:$E,PAGE_1!R33,RES_CNXL_SQL_3!$F:$F))
B45: YX - Republic | C45: =SUMIF(SCH_DEP_SQL_4!$A:$A,PAGE_1!R35,SCH_DEP_SQL_4!$E:$E) | D45: =IF(SUMIFS(RES_CNXL_SQL_3!$F:$F,RES_CNXL_SQL_3!$A:$A,PAGE_1!$R35,RES_CNXL_SQL_3!$D:$D,PAGE_1!$S$32)=0,"",SUMIFS(RES_CNXL_SQL_3!$F:$F,RES_CNXL_SQL_3!$A:$A,PAGE_1!$R35,RES_CNXL_SQL_3!$D:$D,PAGE_1!$S$32)) | E45: =IF(SUMIFS(RES_CNXL_SQL_3!$F:$F,RES_CNXL_SQL_3!$A:$A,PAGE_1!$R35,RES_CNXL_SQL_3!$D:$D,PAGE_1!$S$33)=0,"",SUMIFS(RES_CNXL_SQL_3!$F:$F,RES_CNXL_SQL_3!$A:$A,PAGE_1!$R35,RES_CNXL_SQL_3!$D:$D,PAGE_1!$S$33)) | F45: =IF(SUMIFS(RES_CNXL_SQL_3!$F:$F,RES_CNXL_SQL_3!$A:$A,PAGE_1!$R35,RES_CNXL_SQL_3!$D:$D,PAGE_1!$S$34)=0,"",SUMIFS(RES_CNXL_SQL_3!$F:$F,RES_CNXL_SQL_3!$A:$A,PAGE_1!$R35,RES_CNXL_SQL_3!$D:$D,PAGE_1!$S$34)) | G45: =IF(SUMIFS(RES_CNXL_SQL_3!$F:$F,RES_CNXL_SQL_3!$A:$A,PAGE_1!$R35,RES_CNXL_SQL_3!$D:$D,PAGE_1!$S$35)=0,"",SUMIFS(RES_CNXL_SQL_3!$F:$F,RES_CNXL_SQL_3!$A:$A,PAGE_1!$R35,RES_CNXL_SQL_3!$D:$D,PAGE_1!$S$35)) | H45: =IF(SUMIFS(RES_CNXL_SQL_3!$F:$F,RES_CNXL_SQL_3!$A:$A,PAGE_1!$R35,RES_CNXL_SQL_3!$D:$D,PAGE_1!$S$36)=0,"",SUMIFS(RES_CNXL_SQL_3!$F:$F,RES_CNXL_SQL_3!$A:$A,PAGE_1!$R35,RES_CNXL_SQL_3!$D:$D,PAGE_1!$S$36)) | I45: =IF(SUMIFS(RES_CNXL_SQL_3!$F:$F,RES_CNXL_SQL_3!$A:$A,PAGE_1!$R35,RES_CNXL_SQL_3!$D:$D,PAGE_1!$S$37)=0,"",SUMIFS(RES_CNXL_SQL_3!$F:$F,RES_CNXL_SQL_3!$A:$A,PAGE_1!$R35,RES_CNXL_SQL_3!$D:$D,PAGE_1!$S$37)) | J45: =IF(SUMIFS(RES_CNXL_SQL_3!$F:$F,RES_CNXL_SQL_3!$A:$A,PAGE_1!$R35,RES_CNXL_SQL_3!$D:$D,PAGE_1!$S$38)=0,"",SUMIFS(RES_CNXL_SQL_3!$F:$F,RES_CNXL_SQL_3!$A:$A,PAGE_1!$R35,RES_CNXL_SQL_3!$D:$D,PAGE_1!$S$38)) | K45: =IF(SUMIFS(RES_CNXL_SQL_3!$F:$F,RES_CNXL_SQL_3!$A:$A,PAGE_1!$R35,RES_CNXL_SQL_3!$D:$D,PAGE_1!$S$39)=0,"",SUMIFS(RES_CNXL_SQL_3!$F:$F,RES_CNXL_SQL_3!$A:$A,PAGE_1!$R35,RES_CNXL_SQL_3!$D:$D,PAGE_1!$S$39)) | L45: =IF(SUMIFS(RES_CNXL_SQL_3!$F:$F,RES_CNXL_SQL_3!$A:$A,PAGE_1!$R35,RES_CNXL_SQL_3!$D:$D,PAGE_1!$S$40)=0,"",SUMIFS(RES_CNXL_SQL_3!$F:$F,RES_CNXL_SQL_3!$A:$A,PAGE_1!$R35,RES_CNXL_SQL_3!$D:$D,PAGE_1!$S$40)) | M45: =IF(SUM(D45:L45)=0,"",SUM(D45:L45)) | N45: =ES_MATRIX!K17 | O45: =IFERROR(M45-ES_MATRIX!L17,"") | P45: =IF(SUMIF(RES_CNXL_SQL_3!$E:$E,PAGE_1!R35,RES_CNXL_SQL_3!$F:$F)=0,"",SUMIF(RES_CNXL_SQL_3!$E:$E,PAGE_1!R35,RES_CNXL_SQL_3!$F:$F))
B46: G7 - Go Jet | C46: =SUMIF(SCH_DEP_SQL_4!$A:$A,PAGE_1!R36,SCH_DEP_SQL_4!$E:$E) | D46: =IF(SUMIFS(RES_CNXL_SQL_3!$F:$F,RES_CNXL_SQL_3!$A:$A,PAGE_1!$R36,RES_CNXL_SQL_3!$D:$D,PAGE_1!$S$32)=0,"",SUMIFS(RES_CNXL_SQL_3!$F:$F,RES_CNXL_SQL_3!$A:$A,PAGE_1!$R36,RES_CNXL_SQL_3!$D:$D,PAGE_1!$S$32)) | E46: =IF(SUMIFS(RES_CNXL_SQL_3!$F:$F,RES_CNXL_SQL_3!$A:$A,PAGE_1!$R36,RES_CNXL_SQL_3!$D:$D,PAGE_1!$S$33)=0,"",SUMIFS(RES_CNXL_SQL_3!$F:$F,RES_CNXL_SQL_3!$A:$A,PAGE_1!$R36,RES_CNXL_SQL_3!$D:$D,PAGE_1!$S$33)) | F46: =IF(SUMIFS(RES_CNXL_SQL_3!$F:$F,RES_CNXL_SQL_3!$A:$A,PAGE_1!$R36,RES_CNXL_SQL_3!$D:$D,PAGE_1!$S$34)=0,"",SUMIFS(RES_CNXL_SQL_3!$F:$F,RES_CNXL_SQL_3!$A:$A,PAGE_1!$R36,RES_CNXL_SQL_3!$D:$D,PAGE_1!$S$34)) | G46: =IF(SUMIFS(RES_CNXL_SQL_3!$F:$F,RES_CNXL_SQL_3!$A:$A,PAGE_1!$R36,RES_CNXL_SQL_3!$D:$D,PAGE_1!$S$35)=0,"",SUMIFS(RES_CNXL_SQL_3!$F:$F,RES_CNXL_SQL_3!$A:$A,PAGE_1!$R36,RES_CNXL_SQL_3!$D:$D,PAGE_1!$S$35)) | H46: =IF(SUMIFS(RES_CNXL_SQL_3!$F:$F,RES_CNXL_SQL_3!$A:$A,PAGE_1!$R36,RES_CNXL_SQL_3!$D:$D,PAGE_1!$S$36)=0,"",SUMIFS(RES_CNXL_SQL_3!$F:$F,RES_CNXL_SQL_3!$A:$A,PAGE_1!$R36,RES_CNXL_SQL_3!$D:$D,PAGE_1!$S$36)) | I46: =IF(SUMIFS(RES_CNXL_SQL_3!$F:$F,RES_CNXL_SQL_3!$A:$A,PAGE_1!$R36,RES_CNXL_SQL_3!$D:$D,PAGE_1!$S$37)=0,"",SUMIFS(RES_CNXL_SQL_3!$F:$F,RES_CNXL_SQL_3!$A:$A,PAGE_1!$R36,RES_CNXL_SQL_3!$D:$D,PAGE_1!$S$37)) | J46: =IF(SUMIFS(RES_CNXL_SQL_3!$F:$F,RES_CNXL_SQL_3!$A:$A,PAGE_1!$R36,RES_CNXL_SQL_3!$D:$D,PAGE_1!$S$38)=0,"",SUMIFS(RES_CNXL_SQL_3!$F:$F,RES_CNXL_SQL_3!$A:$A,PAGE_1!$R36,RES_CNXL_SQL_3!$D:$D,PAGE_1!$S$38)) | K46: =IF(SUMIFS(RES_CNXL_SQL_3!$F:$F,RES_CNXL_SQL_3!$A:$A,PAGE_1!$R36,RES_CNXL_SQL_3!$D:$D,PAGE_1!$S$39)=0,"",SUMIFS(RES_CNXL_SQL_3!$F:$F,RES_CNXL_SQL_3!$A:$A,PAGE_1!$R36,RES_CNXL_SQL_3!$D:$D,PAGE_1!$S$39)) | L46: =IF(SUMIFS(RES_CNXL_SQL_3!$F:$F,RES_CNXL_SQL_3!$A:$A,PAGE_1!$R36,RES_CNXL_SQL_3!$D:$D,PAGE_1!$S$40)=0,"",SUMIFS(RES_CNXL_SQL_3!$F:$F,RES_CNXL_SQL_3!$A:$A,PAGE_1!$R36,RES_CNXL_SQL_3!$D:$D,PAGE_1!$S$40)) | M46: =IF(SUM(D46:L46)=0,"",SUM(D46:L46)) | N46: =ES_MATRIX!K18 | O46: =IFERROR(M46-ES_MATRIX!L18,"") | P46: =IF(SUMIF(RES_CNXL_SQL_3!$E:$E,PAGE_1!R36,RES_CNXL_SQL_3!$F:$F)=0,"",SUMIF(RES_CNXL_SQL_3!$E:$E,PAGE_1!R36,RES_CNXL_SQL_3!$F:$F))
B47: C5 - CommutAir | C47: =SUMIF(SCH_DEP_SQL_4!$A:$A,PAGE_1!R37,SCH_DEP_SQL_4!$E:$E) | D47: =IF(SUMIFS(RES_CNXL_SQL_3!$F:$F,RES_CNXL_SQL_3!$A:$A,PAGE_1!$R37,RES_CNXL_SQL_3!$D:$D,PAGE_1!$S$32)=0,"",SUMIFS(RES_CNXL_SQL_3!$F:$F,RES_CNXL_SQL_3!$A:$A,PAGE_1!$R37,RES_CNXL_SQL_3!$D:$D,PAGE_1!$S$32)) | E47: =IF(SUMIFS(RES_CNXL_SQL_3!$F:$F,RES_CNXL_SQL_3!$A:$A,PAGE_1!$R37,RES_CNXL_SQL_3!$D:$D,PAGE_1!$S$33)=0,"",SUMIFS(RES_CNXL_SQL_3!$F:$F,RES_CNXL_SQL_3!$A:$A,PAGE_1!$R37,RES_CNXL_SQL_3!$D:$D,PAGE_1!$S$33)) | F47: =IF(SUMIFS(RES_CNXL_SQL_3!$F:$F,RES_CNXL_SQL_3!$A:$A,PAGE_1!$R37,RES_CNXL_SQL_3!$D:$D,PAGE_1!$S$34)=0,"",SUMIFS(RES_CNXL_SQL_3!$F:$F,RES_CNXL_SQL_3!$A:$A,PAGE_1!$R37,RES_CNXL_SQL_3!$D:$D,PAGE_1!$S$34)) | G47: =IF(SUMIFS(RES_CNXL_SQL_3!$F:$F,RES_CNXL_SQL_3!$A:$A,PAGE_1!$R37,RES_CNXL_SQL_3!$D:$D,PAGE_1!$S$35)=0,"",SUMIFS(RES_CNXL_SQL_3!$F:$F,RES_CNXL_SQL_3!$A:$A,PAGE_1!$R37,RES_CNXL_SQL_3!$D:$D,PAGE_1!$S$35)) | H47: =IF(SUMIFS(RES_CNXL_SQL_3!$F:$F,RES_CNXL_SQL_3!$A:$A,PAGE_1!$R37,RES_CNXL_SQL_3!$D:$D,PAGE_1!$S$36)=0,"",SUMIFS(RES_CNXL_SQL_3!$F:$F,RES_CNXL_SQL_3!$A:$A,PAGE_1!$R37,RES_CNXL_SQL_3!$D:$D,PAGE_1!$S$36)) | I47: =IF(SUMIFS(RES_CNXL_SQL_3!$F:$F,RES_CNXL_SQL_3!$A:$A,PAGE_1!$R37,RES_CNXL_SQL_3!$D:$D,PAGE_1!$S$37)=0,"",SUMIFS(RES_CNXL_SQL_3!$F:$F,RES_CNXL_SQL_3!$A:$A,PAGE_1!$R37,RES_CNXL_SQL_3!$D:$D,PAGE_1!$S$37)) | J47: =IF(SUMIFS(RES_CNXL_SQL_3!$F:$F,RES_CNXL_SQL_3!$A:$A,PAGE_1!$R37,RES_CNXL_SQL_3!$D:$D,PAGE_1!$S$38)=0,"",SUMIFS(RES_CNXL_SQL_3!$F:$F,RES_CNXL_SQL_3!$A:$A,PAGE_1!$R37,RES_CNXL_SQL_3!$D:$D,PAGE_1!$S$38)) | K47: =IF(SUMIFS(RES_CNXL_SQL_3!$F:$F,RES_CNXL_SQL_3!$A:$A,PAGE_1!$R37,RES_CNXL_SQL_3!$D:$D,PAGE_1!$S$39)=0,"",SUMIFS(RES_CNXL_SQL_3!$F:$F,RES_CNXL_SQL_3!$A:$A,PAGE_1!$R37,RES_CNXL_SQL_3!$D:$D,PAGE_1!$S$39)) | L47: =IF(SUMIFS(RES_CNXL_SQL_3!$F:$F,RES_CNXL_SQL_3!$A:$A,PAGE_1!$R37,RES_CNXL_SQL_3!$D:$D,PAGE_1!$S$40)=0,"",SUMIFS(RES_CNXL_SQL_3!$F:$F,RES_CNXL_SQL_3!$A:$A,PAGE_1!$R37,RES_CNXL_SQL_3!$D:$D,PAGE_1!$S$40)) | M47: =IF(SUM(D47:L47)=0,"",SUM(D47:L47)) | N47: =ES_MATRIX!K19 | O47: =IFERROR(M47-ES_MATRIX!L19,"") | P47: =IF(SUMIF(RES_CNXL_SQL_3!$E:$E,PAGE_1!R37,RES_CNXL_SQL_3!$F:$F)=0,"",SUMIF(RES_CNXL_SQL_3!$E:$E,PAGE_1!R37,RES_CNXL_SQL_3!$F:$F))
B48: YV - Mesa | C48: =SUMIF(SCH_DEP_SQL_4!$A:$A,PAGE_1!R38,SCH_DEP_SQL_4!$E:$E) | D48: =IF(SUMIFS(RES_CNXL_SQL_3!$F:$F,RES_CNXL_SQL_3!$A:$A,PAGE_1!$R38,RES_CNXL_SQL_3!$D:$D,PAGE_1!$S$32)=0,"",SUMIFS(RES_CNXL_SQL_3!$F:$F,RES_CNXL_SQL_3!$A:$A,PAGE_1!$R38,RES_CNXL_SQL_3!$D:$D,PAGE_1!$S$32)) | E48: =IF(SUMIFS(RES_CNXL_SQL_3!$F:$F,RES_CNXL_SQL_3!$A:$A,PAGE_1!$R38,RES_CNXL_SQL_3!$D:$D,PAGE_1!$S$33)=0,"",SUMIFS(RES_CNXL_SQL_3!$F:$F,RES_CNXL_SQL_3!$A:$A,PAGE_1!$R38,RES_CNXL_SQL_3!$D:$D,PAGE_1!$S$33)) | F48: =IF(SUMIFS(RES_CNXL_SQL_3!$F:$F,RES_CNXL_SQL_3!$A:$A,PAGE_1!$R38,RES_CNXL_SQL_3!$D:$D,PAGE_1!$S$34)=0,"",SUMIFS(RES_CNXL_SQL_3!$F:$F,RES_CNXL_SQL_3!$A:$A,PAGE_1!$R38,RES_CNXL_SQL_3!$D:$D,PAGE_1!$S$34)) | G48: =IF(SUMIFS(RES_CNXL_SQL_3!$F:$F,RES_CNXL_SQL_3!$A:$A,PAGE_1!$R38,RES_CNXL_SQL_3!$D:$D,PAGE_1!$S$35)=0,"",SUMIFS(RES_CNXL_SQL_3!$F:$F,RES_CNXL_SQL_3!$A:$A,PAGE_1!$R38,RES_CNXL_SQL_3!$D:$D,PAGE_1!$S$35)) | H48: =IF(SUMIFS(RES_CNXL_SQL_3!$F:$F,RES_CNXL_SQL_3!$A:$A,PAGE_1!$R38,RES_CNXL_SQL_3!$D:$D,PAGE_1!$S$36)=0,"",SUMIFS(RES_CNXL_SQL_3!$F:$F,RES_CNXL_SQL_3!$A:$A,PAGE_1!$R38,RES_CNXL_SQL_3!$D:$D,PAGE_1!$S$36)) | I48: =IF(SUMIFS(RES_CNXL_SQL_3!$F:$F,RES_CNXL_SQL_3!$A:$A,PAGE_1!$R38,RES_CNXL_SQL_3!$D:$D,PAGE_1!$S$37)=0,"",SUMIFS(RES_CNXL_SQL_3!$F:$F,RES_CNXL_SQL_3!$A:$A,PAGE_1!$R38,RES_CNXL_SQL_3!$D:$D,PAGE_1!$S$37)) | J48: =IF(SUMIFS(RES_CNXL_SQL_3!$F:$F,RES_CNXL_SQL_3!$A:$A,PAGE_1!$R38,RES_CNXL_SQL_3!$D:$D,PAGE_1!$S$38)=0,"",SUMIFS(RES_CNXL_SQL_3!$F:$F,RES_CNXL_SQL_3!$A:$A,PAGE_1!$R38,RES_CNXL_SQL_3!$D:$D,PAGE_1!$S$38)) | K48: =IF(SUMIFS(RES_CNXL_SQL_3!$F:$F,RES_CNXL_SQL_3!$A:$A,PAGE_1!$R38,RES_CNXL_SQL_3!$D:$D,PAGE_1!$S$39)=0,"",SUMIFS(RES_CNXL_SQL_3!$F:$F,RES_CNXL_SQL_3!$A:$A,PAGE_1!$R38,RES_CNXL_SQL_3!$D:$D,PAGE_1!$S$39)) | L48: =IF(SUMIFS(RES_CNXL_SQL_3!$F:$F,RES_CNXL_SQL_3!$A:$A,PAGE_1!$R38,RES_CNXL_SQL_3!$D:$D,PAGE_1!$S$40)=0,"",SUMIFS(RES_CNXL_SQL_3!$F:$F,RES_CNXL_SQL_3!$A:$A,PAGE_1!$R38,RES_CNXL_SQL_3!$D:$D,PAGE_1!$S$40)) | M48: =IF(SUM(D48:L48)=0,"",SUM(D48:L48)) | N48: =ES_MATRIX!K20 | O48: =IFERROR(M48-ES_MATRIX!L20,"") | P48: =IF(SUMIF(RES_CNXL_SQL_3!$E:$E,PAGE_1!R38,RES_CNXL_SQL_3!$F:$F)=0,"",SUMIF(RES_CNXL_SQL_3!$E:$E,PAGE_1!R38,RES_CNXL_SQL_3!$F:$F))
B49: ZW - Air Wisconsin | C49: =SUMIF(SCH_DEP_SQL_4!$A:$A,PAGE_1!R39,SCH_DEP_SQL_4!$E:$E) | D49: =IF(SUMIFS(RES_CNXL_SQL_3!$F:$F,RES_CNXL_SQL_3!$A:$A,PAGE_1!$R39,RES_CNXL_SQL_3!$D:$D,PAGE_1!$S$32)=0,"",SUMIFS(RES_CNXL_SQL_3!$F:$F,RES_CNXL_SQL_3!$A:$A,PAGE_1!$R39,RES_CNXL_SQL_3!$D:$D,PAGE_1!$S$32)) | E49: =IF(SUMIFS(RES_CNXL_SQL_3!$F:$F,RES_CNXL_SQL_3!$A:$A,PAGE_1!$R39,RES_CNXL_SQL_3!$D:$D,PAGE_1!$S$33)=0,"",SUMIFS(RES_CNXL_SQL_3!$F:$F,RES_CNXL_SQL_3!$A:$A,PAGE_1!$R39,RES_CNXL_SQL_3!$D:$D,PAGE_1!$S$33)) | F49: =IF(SUMIFS(RES_CNXL_SQL_3!$F:$F,RES_CNXL_SQL_3!$A:$A,PAGE_1!$R39,RES_CNXL_SQL_3!$D:$D,PAGE_1!$S$34)=0,"",SUMIFS(RES_CNXL_SQL_3!$F:$F,RES_CNXL_SQL_3!$A:$A,PAGE_1!$R39,RES_CNXL_SQL_3!$D:$D,PAGE_1!$S$34)) | G49: =IF(SUMIFS(RES_CNXL_SQL_3!$F:$F,RES_CNXL_SQL_3!$A:$A,PAGE_1!$R39,RES_CNXL_SQL_3!$D:$D,PAGE_1!$S$35)=0,"",SUMIFS(RES_CNXL_SQL_3!$F:$F,RES_CNXL_SQL_3!$A:$A,PAGE_1!$R39,RES_CNXL_SQL_3!$D:$D,PAGE_1!$S$35)) | H49: =IF(SUMIFS(RES_CNXL_SQL_3!$F:$F,RES_CNXL_SQL_3!$A:$A,PAGE_1!$R39,RES_CNXL_SQL_3!$D:$D,PAGE_1!$S$36)=0,"",SUMIFS(RES_CNXL_SQL_3!$F:$F,RES_CNXL_SQL_3!$A:$A,PAGE_1!$R39,RES_CNXL_SQL_3!$D:$D,PAGE_1!$S$36)) | I49: =IF(SUMIFS(RES_CNXL_SQL_3!$F:$F,RES_CNXL_SQL_3!$A:$A,PAGE_1!$R39,RES_CNXL_SQL_3!$D:$D,PAGE_1!$S$37)=0,"",SUMIFS(RES_CNXL_SQL_3!$F:$F,RES_CNXL_SQL_3!$A:$A,PAGE_1!$R39,RES_CNXL_SQL_3!$D:$D,PAGE_1!$S$37)) | J49: =IF(SUMIFS(RES_CNXL_SQL_3!$F:$F,RES_CNXL_SQL_3!$A:$A,PAGE_1!$R39,RES_CNXL_SQL_3!$D:$D,PAGE_1!$S$38)=0,"",SUMIFS(RES_CNXL_SQL_3!$F:$F,RES_CNXL_SQL_3!$A:$A,PAGE_1!$R39,RES_CNXL_SQL_3!$D:$D,PAGE_1!$S$38)) | K49: =IF(SUMIFS(RES_CNXL_SQL_3!$F:$F,RES_CNXL_SQL_3!$A:$A,PAGE_1!$R39,RES_CNXL_SQL_3!$D:$D,PAGE_1!$S$39)=0,"",SUMIFS(RES_CNXL_SQL_3!$F:$F,RES_CNXL_SQL_3!$A:$A,PAGE_1!$R39,RES_CNXL_SQL_3!$D:$D,PAGE_1!$S$39)) | L49: =IF(SUMIFS(RES_CNXL_SQL_3!$F:$F,RES_CNXL_SQL_3!$A:$A,PAGE_1!$R39,RES_CNXL_SQL_3!$D:$D,PAGE_1!$S$40)=0,"",SUMIFS(RES_CNXL_SQL_3!$F:$F,RES_CNXL_SQL_3!$A:$A,PAGE_1!$R39,RES_CNXL_SQL_3!$D:$D,PAGE_1!$S$40)) | M49: =IF(SUM(D49:L49)=0,"",SUM(D49:L49)) | N49: =ES_MATRIX!K21 | O49: =IFERROR(M49-ES_MATRIX!L21,"") | P49: =IF(SUMIF(RES_CNXL_SQL_3!$E:$E,PAGE_1!R39,RES_CNXL_SQL_3!$F:$F)=0,"",SUMIF(RES_CNXL_SQL_3!$E:$E,PAGE_1!R39,RES_CNXL_SQL_3!$F:$F))
B50: Total: | C50: =SUM(C44:C49) | D50: =IF(SUM(D44:D49)=0,"",SUM(D44:D49)) | E50: =IF(SUM(E44:E49)=0,"",SUM(E44:E49)) | F50: =IF(SUM(F44:F49)=0,"",SUM(F44:F49)) | G50: =IF(SUM(G44:G49)=0,"",SUM(G44:G49)) | H50: =IF(SUM(H44:H49)=0,"",SUM(H44:H49)) | I50: =IF(SUM(I44:I49)=0,"",SUM(I44:I49)) | J50: =IF(SUM(J44:J49)=0,"",SUM(J44:J49)) | K50: =IF(SUM(K44:K49)=0,"",SUM(K44:K49)) | L50: =IF(SUM(L44:L49)=0,"",SUM(L44:L49)) | M50: =SUM(M44:M49) | O50: =SUM(O44:O49) | P50: =SUM(P44:P49)

Sheet PAGE_1_old
B2: UAX Daily Snapshot for | D2: =TODAY()-1
B4: Reliability Snapshot - SYS
B5: Metric | C5: =TODAY()-1 | D5: MTD | E5: Goal | F5: DL Diff. | G5: AA Diff. | H5: Rank
B6: Completion | C6: =UA_SQL_1!N2/UA_SQL_1!M2 | D6: =UA_SQL_1!F2/UA_SQL_1!E2 | E6: =SUMIF(EX_Goals!$B:$B,PAGE_1_old!#REF!,EX_Goals!$E:$E) | F6: =((UA_SQL_1!$N$2/UA_SQL_1!$M$2)-(SUMIF(OA_SQL_1!$A$1:$A$3,"DL",OA_SQL_1!$K$1:$K$3)/SUMIF(OA_SQL_1!$A$1:$A$3,"DL",OA_SQL_1!$I$1:$I$3)))*100 | G6: =((UA_SQL_1!$N$2/UA_SQL_1!$M$2)-(SUMIF(OA_SQL_1!$A$1:$A$3,"AA",OA_SQL_1!$K$1:$K$3)/SUMIF(OA_SQL_1!$A$1:$A$3,"AA",OA_SQL_1!$I$1:$I$3)))*100 | H6: =RANK!F2
B7: A:00 | C7: =UA_SQL_1!Q2/UA_SQL_1!M2 | D7: =UA_SQL_1!I2/UA_SQL_1!E2 | E7: =SUMIF(EX_Goals!$B:$B,PAGE_1_old!#REF!,EX_Goals!$D:$D) | F7: =((UA_SQL_1!$Q$2/UA_SQL_1!$M$2)-(SUMIF(OA_SQL_1!$A$1:$A$3,"DL",OA_SQL_1!$L$1:$L$3)/SUMIF(OA_SQL_1!$A$1:$A$3,"DL",OA_SQL_1!$I$1:$I$3)))*100 | G7: =((UA_SQL_1!$Q$2/UA_SQL_1!$M$2)-(SUMIF(OA_SQL_1!$A$1:$A$3,"AA",OA_SQL_1!$L$1:$L$3)/SUMIF(OA_SQL_1!$A$1:$A$3,"AA",OA_SQL_1!$I$1:$I$3)))*100 | H7: =RANK!F3
B8: CS D:00 | C8: =UA_SQL_1!P2/UA_SQL_1!M2 | D8: =UA_SQL_1!H2/UA_SQL_1!E2 | E8: =SUMIF(EX_Goals!$B:$B,PAGE_1_old!#REF!,EX_Goals!$C:$C) | F8: =((UA_SQL_1!$P$2/UA_SQL_1!$M$2)-(SUMIF(OA_SQL_1!$A$1:$A$3,"DL",OA_SQL_1!$J$1:$J$3)/SUMIF(OA_SQL_1!$A$1:$A$3,"DL",OA_SQL_1!$I$1:$I$3)))*100 | G8: =((UA_SQL_1!$P$2/UA_SQL_1!$M$2)-(SUMIF(OA_SQL_1!$A$1:$A$3,"AA",OA_SQL_1!$J$1:$J$3)/SUMIF(OA_SQL_1!$A$1:$A$3,"AA",OA_SQL_1!$I$1:$I$3)))*100 | H8: =RANK!F4
B9: D:00 | C9: =UA_SQL_1!O2/UA_SQL_1!M2 | D9: =UA_SQL_1!G2/UA_SQL_1!E2 | E9: =SUMIF(EX_Goals!$B:$B,PAGE_1_old!#REF!,EX_Goals!$C:$C)
B10: STAR D:00 | C10: =UA_SQL_1!S2/UA_SQL_1!R2 | D10: =UA_SQL_1!K2/UA_SQL_1!J2 | E10: =SUMIF(EX_Goals!$B:$B,PAGE_1_old!#REF!,EX_Goals!$F:$F)
B11: Controllable Completion | C11: =(UA_SQL_1!M2-UA_SQL_1!T2)/UA_SQL_1!M2 | D11: =(UA_SQL_1!E2-UA_SQL_1!L2)/UA_SQL_1!E2 | E11: =SUMIF(EX_Goals!$B:$B,PAGE_1_old!#REF!,EX_Goals!$G:$G)
B12: Total diverts | C12: =SUMIFS(TOTAL_DIVERTS_SQL_5!$B:$B,TOTAL_DIVERTS_SQL_5!A:A,"YEST") | D12: =SUMIFS(TOTAL_DIVERTS_SQL_5!$B:$B,TOTAL_DIVERTS_SQL_5!A:A,"MTD")
B13: Diverts recovered | C13: =SUMIF(DIVERTS_RECOVERED_SQL_6!$A:$A,"YEST",DIVERTS_RECOVERED_SQL_6!$C:$C) | D13: =SUMIF(DIVERTS_RECOVERED_SQL_6!$A:$A,"MTD",DIVERTS_RECOVERED_SQL_6!$C:$C)
B16: Reliability Snapshot - Hubs
B17: Market | C17: D:00 | D17: CS D:00 | E17: DL Diff. | F17: AA Diff. | G17: Rank | H17: Completion | I17: DL Diff. | J17: AA Diff. | K17: Rank
B18: Denver | C18: =SUMIFS(UA_HUB_SQL_7!J:J,UA_HUB_SQL_7!$B:$B,PAGE_1_old!B18)/SUMIFS(UA_HUB_SQL_7!$F:$F,UA_HUB_SQL_7!$B:$B,PAGE_1_old!B18) | D18: =SUMIFS(UA_HUB_SQL_7!K:K,UA_HUB_SQL_7!B:B,PAGE_1_old!B18)/SUMIFS(UA_HUB_SQL_7!F:F,UA_HUB_SQL_7!B:B,PAGE_1_old!B18) | E18: =IFERROR(((SUMIFS(UA_HUB_SQL_7!$K:$K,UA_HUB_SQL_7!$B:$B,PAGE_1_old!$B$18)/SUMIFS(UA_HUB_SQL_7!$F:$F,UA_HUB_SQL_7!$B:$B,PAGE_1_old!$B$18))-(SUMIFS(OA_SQL_2!$K:$K,OA_SQL_2!$A:$A,PAGE_1_old!$B$18,OA_SQL_2!$B:$B,"DL")/SUMIFS(OA_SQL_2!$J:$J,OA_SQL_2!$A:$A,PAGE_1_old!$B$18,OA_SQL_2!$B:$B,"DL")))*100,"-") | F18: =IFERROR(((SUMIFS(UA_HUB_SQL_7!$K:$K,UA_HUB_SQL_7!$B:$B,PAGE_1_old!B18)/SUMIFS(UA_HUB_SQL_7!$F:$F,UA_HUB_SQL_7!$B:$B,PAGE_1_old!B18))-(SUMIFS(OA_SQL_2!$K:$K,OA_SQL_2!$A:$A,PAGE_1_old!B18,OA_SQL_2!$B:$B,"AA")/SUMIFS(OA_SQL_2!$J:$J,OA_SQL_2!$A:$A,PAGE_1_old!B18,OA_SQL_2!$B:$B,"AA")))*100,"-") | G18: =RANK!F8 | H18: =SUMIFS(UA_HUB_SQL_7!G:G,UA_HUB_SQL_7!$B:$B,PAGE_1_old!B18)/SUMIFS(UA_HUB_SQL_7!$F:$F,UA_HUB_SQL_7!$B:$B,PAGE_1_old!B18) | I18: =IFERROR(((SUMIFS(UA_HUB_SQL_7!$G:$G,UA_HUB_SQL_7!$B:$B,PAGE_1_old!B18)/SUMIFS(UA_HUB_SQL_7!$F:$F,UA_HUB_SQL_7!$B:$B,PAGE_1_old!B18))-(SUMIFS(OA_SQL_2!$L:$L,OA_SQL_2!$A:$A,PAGE_1_old!B18,OA_SQL_2!$B:$B,"DL")/SUMIFS(OA_SQL_2!$J:$J,OA_SQL_2!$A:$A,PAGE_1_old!B18,OA_SQL_2!$B:$B,"DL")))*100,"-") | J18: =IFERROR(((SUMIFS(UA_HUB_SQL_7!$G:$G,UA_HUB_SQL_7!$B:$B,PAGE_1_old!B18)/SUMIFS(UA_HUB_SQL_7!$F:$F,UA_HUB_SQL_7!$B:$B,PAGE_1_old!B18))-(SUMIFS(OA_SQL_2!$L:$L,OA_SQL_2!$A:$A,PAGE_1_old!B18,OA_SQL_2!$B:$B,"AA")/SUMIFS(OA_SQL_2!$J:$J,OA_SQL_2!$A:$A,PAGE_1_old!B18,OA_SQL_2!$B:$B,"AA")))*100,"-") | K18: =RANK!M19
B19: New York | C19: =SUMIFS(UA_HUB_SQL_7!J:J,UA_HUB_SQL_7!$B:$B,PAGE_1_old!B19)/SUMIFS(UA_HUB_SQL_7!$F:$F,UA_HUB_SQL_7!$B:$B,PAGE_1_old!B19) | D19: =SUMIFS(UA_HUB_SQL_7!K:K,UA_HUB_SQL_7!B:B,PAGE_1_old!B19)/SUMIFS(UA_HUB_SQL_7!F:F,UA_HUB_SQL_7!B:B,PAGE_1_old!B19) | E19: =IFERROR(((SUMIFS(UA_HUB_SQL_7!K:K,UA_HUB_SQL_7!B:B,PAGE_1_old!B19)/SUMIFS(UA_HUB_SQL_7!F:F,UA_HUB_SQL_7!B:B,PAGE_1_old!B19))-(SUMIFS(OA_SQL_2!K:K,OA_SQL_2!A:A,PAGE_1_old!B19,OA_SQL_2!B:B,"DL")/SUMIFS(OA_SQL_2!J:J,OA_SQL_2!A:A,PAGE_1_old!B19,OA_SQL_2!B:B,"DL")))*100,"-") | F19: =IFERROR(((SUMIFS(UA_HUB_SQL_7!$K:$K,UA_HUB_SQL_7!$B:$B,PAGE_1_old!B19)/SUMIFS(UA_HUB_SQL_7!$F:$F,UA_HUB_SQL_7!$B:$B,PAGE_1_old!B19))-(SUMIFS(OA_SQL_2!$K:$K,OA_SQL_2!$A:$A,PAGE_1_old!B19,OA_SQL_2!$B:$B,"AA")/SUMIFS(OA_SQL_2!$J:$J,OA_SQL_2!$A:$A,PAGE_1_old!B19,OA_SQL_2!$B:$B,"AA")))*100,"-") | G19: =RANK!F9 | H19: =SUMIFS(UA_HUB_SQL_7!G:G,UA_HUB_SQL_7!$B:$B,PAGE_1_old!B19)/SUMIFS(UA_HUB_SQL_7!$F:$F,UA_HUB_SQL_7!$B:$B,PAGE_1_old!B19) | I19: =IFERROR(((SUMIFS(UA_HUB_SQL_7!$G:$G,UA_HUB_SQL_7!$B:$B,PAGE_1_old!B19)/SUMIFS(UA_HUB_SQL_7!$F:$F,UA_HUB_SQL_7!$B:$B,PAGE_1_old!B19))-(SUMIFS(OA_SQL_2!$L:$L,OA_SQL_2!$A:$A,PAGE_1_old!B19,OA_SQL_2!$B:$B,"DL")/SUMIFS(OA_SQL_2!$J:$J,OA_SQL_2!$A:$A,PAGE_1_old!B19,OA_SQL_2!$B:$B,"DL")))*100,"-") | J19: =IFERROR(((SUMIFS(UA_HUB_SQL_7!$G:$G,UA_HUB_SQL_7!$B:$B,PAGE_1_old!B19)/SUMIFS(UA_HUB_SQL_7!$F:$F,UA_HUB_SQL_7!$B:$B,PAGE_1_old!B19))-(SUMIFS(OA_SQL_2!$L:$L,OA_SQL_2!$A:$A,PAGE_1_old!B19,OA_SQL_2!$B:$B,"AA")/SUMIFS(OA_SQL_2!$J:$J,OA_SQL_2!$A:$A,PAGE_1_old!B19,OA_SQL_2!$B:$B,"AA")))*100,"-") | K19: =RANK!M20
B20: Washington DC | C20: =SUMIFS(UA_HUB_SQL_7!J:J,UA_HUB_SQL_7!$B:$B,PAGE_1_old!B20)/SUMIFS(UA_HUB_SQL_7!$F:$F,UA_HUB_SQL_7!$B:$B,PAGE_1_old!B20) | D20: =SUMIFS(UA_HUB_SQL_7!K:K,UA_HUB_SQL_7!B:B,PAGE_1_old!B20)/SUMIFS(UA_HUB_SQL_7!F:F,UA_HUB_SQL_7!B:B,PAGE_1_old!B20) | E20: =IFERROR(((SUMIFS(UA_HUB_SQL_7!K:K,UA_HUB_SQL_7!B:B,PAGE_1_old!B20)/SUMIFS(UA_HUB_SQL_7!F:F,UA_HUB_SQL_7!B:B,PAGE_1_old!B20))-(SUMIFS(OA_SQL_2!K:K,OA_SQL_2!A:A,PAGE_1_old!B20,OA_SQL_2!B:B,"DL")/SUMIFS(OA_SQL_2!J:J,OA_SQL_2!A:A,PAGE_1_old!B20,OA_SQL_2!B:B,"DL")))*100,"-") | F20: =IFERROR(((SUMIFS(UA_HUB_SQL_7!$K:$K,UA_HUB_SQL_7!$B:$B,PAGE_1_old!B20)/SUMIFS(UA_HUB_SQL_7!$F:$F,UA_HUB_SQL_7!$B:$B,PAGE_1_old!B20))-(SUMIFS(OA_SQL_2!$K:$K,OA_SQL_2!$A:$A,PAGE_1_old!B20,OA_SQL_2!$B:$B,"AA")/SUMIFS(OA_SQL_2!$J:$J,OA_SQL_2!$A:$A,PAGE_1_old!B20,OA_SQL_2!$B:$B,"AA")))*100,"-") | G20: =RANK!F10 | H20: =SUMIFS(UA_HUB_SQL_7!G:G,UA_HUB_SQL_7!$B:$B,PAGE_1_old!B20)/SUMIFS(UA_HUB_SQL_7!$F:$F,UA_HUB_SQL_7!$B:$B,PAGE_1_old!B20) | I20: =IFERROR(((SUMIFS(UA_HUB_SQL_7!$G:$G,UA_HUB_SQL_7!$B:$B,PAGE_1_old!B20)/SUMIFS(UA_HUB_SQL_7!$F:$F,UA_HUB_SQL_7!$B:$B,PAGE_1_old!B20))-(SUMIFS(OA_SQL_2!$L:$L,OA_SQL_2!$A:$A,PAGE_1_old!B20,OA_SQL_2!$B:$B,"DL")/SUMIFS(OA_SQL_2!$J:$J,OA_SQL_2!$A:$A,PAGE_1_old!B20,OA_SQL_2!$B:$B,"DL")))*100,"-") | J20: =IFERROR(((SUMIFS(UA_HUB_SQL_7!$G:$G,UA_HUB_SQL_7!$B:$B,PAGE_1_old!B20)/SUMIFS(UA_HUB_SQL_7!$F:$F,UA_HUB_SQL_7!$B:$B,PAGE_1_old!B20))-(SUMIFS(OA_SQL_2!$L:$L,OA_SQL_2!$A:$A,PAGE_1_old!B20,OA_SQL_2!$B:$B,"AA")/SUMIFS(OA_SQL_2!$J:$J,OA_SQL_2!$A:$A,PAGE_1_old!B20,OA_SQL_2!$B:$B,"AA")))*100,"-") | K20: =RANK!M21
B21: Texas | C21: =SUMIFS(UA_HUB_SQL_7!J:J,UA_HUB_SQL_7!$B:$B,PAGE_1_old!B21)/SUMIFS(UA_HUB_SQL_7!$F:$F,UA_HUB_SQL_7!$B:$B,PAGE_1_old!B21) | D21: =SUMIFS(UA_HUB_SQL_7!K:K,UA_HUB_SQL_7!B:B,PAGE_1_old!B21)/SUMIFS(UA_HUB_SQL_7!F:F,UA_HUB_SQL_7!B:B,PAGE_1_old!B21) | E21: =IFERROR(((SUMIFS(UA_HUB_SQL_7!K:K,UA_HUB_SQL_7!B:B,PAGE_1_old!B21)/SUMIFS(UA_HUB_SQL_7!F:F,UA_HUB_SQL_7!B:B,PAGE_1_old!B21))-(SUMIFS(OA_SQL_2!K:K,OA_SQL_2!A:A,PAGE_1_old!B21,OA_SQL_2!B:B,"DL")/SUMIFS(OA_SQL_2!J:J,OA_SQL_2!A:A,PAGE_1_old!B21,OA_SQL_2!B:B,"DL")))*100,"-") | F21: =IFERROR(((SUMIFS(UA_HUB_SQL_7!$K:$K,UA_HUB_SQL_7!$B:$B,PAGE_1_old!B21)/SUMIFS(UA_HUB_SQL_7!$F:$F,UA_HUB_SQL_7!$B:$B,PAGE_1_old!B21))-(SUMIFS(OA_SQL_2!$K:$K,OA_SQL_2!$A:$A,PAGE_1_old!B21,OA_SQL_2!$B:$B,"AA")/SUMIFS(OA_SQL_2!$J:$J,OA_SQL_2!$A:$A,PAGE_1_old!B21,OA_SQL_2!$B:$B,"AA")))*100,"-") | G21: =RANK!F11 | H21: =SUMIFS(UA_HUB_SQL_7!G:G,UA_HUB_SQL_7!$B:$B,PAGE_1_old!B21)/SUMIFS(UA_HUB_SQL_7!$F:$F,UA_HUB_SQL_7!$B:$B,PAGE_1_old!B21) | I21: =IFERROR(((SUMIFS(UA_HUB_SQL_7!$G:$G,UA_HUB_SQL_7!$B:$B,PAGE_1_old!B21)/SUMIFS(UA_HUB_SQL_7!$F:$F,UA_HUB_SQL_7!$B:$B,PAGE_1_old!B21))-(SUMIFS(OA_SQL_2!$L:$L,OA_SQL_2!$A:$A,PAGE_1_old!B21,OA_SQL_2!$B:$B,"DL")/SUMIFS(OA_SQL_2!$J:$J,OA_SQL_2!$A:$A,PAGE_1_old!B21,OA_SQL_2!$B:$B,"DL")))*100,"-") | J21: =IFERROR(((SUMIFS(UA_HUB_SQL_7!$G:$G,UA_HUB_SQL_7!$B:$B,PAGE_1_old!B21)/SUMIFS(UA_HUB_SQL_7!$F:$F,UA_HUB_SQL_7!$B:$B,PAGE_1_old!B21))-(SUMIFS(OA_SQL_2!$L:$L,OA_SQL_2!$A:$A,PAGE_1_old!B21,OA_SQL_2!$B:$B,"AA")/SUMIFS(OA_SQL_2!$J:$J,OA_SQL_2!$A:$A,PAGE_1_old!B21,OA_SQL_2!$B:$B,"AA")))*100,"-") | K21: =RANK!M22
B22: Los Angeles | C22: =SUMIFS(UA_HUB_SQL_7!J:J,UA_HUB_SQL_7!$B:$B,PAGE_1_old!B22)/SUMIFS(UA_HUB_SQL_7!$F:$F,UA_HUB_SQL_7!$B:$B,PAGE_1_old!B22) | D22: =SUMIFS(UA_HUB_SQL_7!K:K,UA_HUB_SQL_7!B:B,PAGE_1_old!B22)/SUMIFS(UA_HUB_SQL_7!F:F,UA_HUB_SQL_7!B:B,PAGE_1_old!B22) | E22: =IFERROR(((SUMIFS(UA_HUB_SQL_7!K:K,UA_HUB_SQL_7!B:B,PAGE_1_old!B22)/SUMIFS(UA_HUB_SQL_7!F:F,UA_HUB_SQL_7!B:B,PAGE_1_old!B22))-(SUMIFS(OA_SQL_2!K:K,OA_SQL_2!A:A,PAGE_1_old!B22,OA_SQL_2!B:B,"DL")/SUMIFS(OA_SQL_2!J:J,OA_SQL_2!A:A,PAGE_1_old!B22,OA_SQL_2!B:B,"DL")))*100,"-") | F22: =IFERROR(((SUMIFS(UA_HUB_SQL_7!$K:$K,UA_HUB_SQL_7!$B:$B,PAGE_1_old!B22)/SUMIFS(UA_HUB_SQL_7!$F:$F,UA_HUB_SQL_7!$B:$B,PAGE_1_old!B22))-(SUMIFS(OA_SQL_2!$K:$K,OA_SQL_2!$A:$A,PAGE_1_old!B22,OA_SQL_2!$B:$B,"AA")/SUMIFS(OA_SQL_2!$J:$J,OA_SQL_2!$A:$A,PAGE_1_old!B22,OA_SQL_2!$B:$B,"AA")))*100,"-") | G22: =RANK!F12 | H22: =SUMIFS(UA_HUB_SQL_7!G:G,UA_HUB_SQL_7!$B:$B,PAGE_1_old!B22)/SUMIFS(UA_HUB_SQL_7!$F:$F,UA_HUB_SQL_7!$B:$B,PAGE_1_old!B22) | I22: =IFERROR(((SUMIFS(UA_HUB_SQL_7!$G:$G,UA_HUB_SQL_7!$B:$B,PAGE_1_old!B22)/SUMIFS(UA_HUB_SQL_7!$F:$F,UA_HUB_SQL_7!$B:$B,PAGE_1_old!B22))-(SUMIFS(OA_SQL_2!$L:$L,OA_SQL_2!$A:$A,PAGE_1_old!B22,OA_SQL_2!$B:$B,"DL")/SUMIFS(OA_SQL_2!$J:$J,OA_SQL_2!$A:$A,PAGE_1_old!B22,OA_SQL_2!$B:$B,"DL")))*100,"-") | J22: =IFERROR(((SUMIFS(UA_HUB_SQL_7!$G:$G,UA_HUB_SQL_7!$B:$B,PAGE_1_old!B22)/SUMIFS(UA_HUB_SQL_7!$F:$F,UA_HUB_SQL_7!$B:$B,PAGE_1_old!B22))-(SUMIFS(OA_SQL_2!$L:$L,OA_SQL_2!$A:$A,PAGE_1_old!B22,OA_SQL_2!$B:$B,"AA")/SUMIFS(OA_SQL_2!$J:$J,OA_SQL_2!$A:$A,PAGE_1_old!B22,OA_SQL_2!$B:$B,"AA")))*100,"-") | K22: =RANK!M23
B23: Chicago | C23: =SUMIFS(UA_HUB_SQL_7!J:J,UA_HUB_SQL_7!$B:$B,PAGE_1_old!B23)/SUMIFS(UA_HUB_SQL_7!$F:$F,UA_HUB_SQL_7!$B:$B,PAGE_1_old!B23) | D23: =SUMIFS(UA_HUB_SQL_7!K:K,UA_HUB_SQL_7!B:B,PAGE_1_old!B23)/SUMIFS(UA_HUB_SQL_7!F:F,UA_HUB_SQL_7!B:B,PAGE_1_old!B23) | E23: =IFERROR(((SUMIFS(UA_HUB_SQL_7!K:K,UA_HUB_SQL_7!B:B,PAGE_1_old!B23)/SUMIFS(UA_HUB_SQL_7!F:F,UA_HUB_SQL_7!B:B,PAGE_1_old!B23))-(SUMIFS(OA_SQL_2!K:K,OA_SQL_2!A:A,PAGE_1_old!B23,OA_SQL_2!B:B,"DL")/SUMIFS(OA_SQL_2!J:J,OA_SQL_2!A:A,PAGE_1_old!B23,OA_SQL_2!B:B,"DL")))*100,"-") | F23: =IFERROR(((SUMIFS(UA_HUB_SQL_7!$K:$K,UA_HUB_SQL_7!$B:$B,PAGE_1_old!B23)/SUMIFS(UA_HUB_SQL_7!$F:$F,UA_HUB_SQL_7!$B:$B,PAGE_1_old!B23))-(SUMIFS(OA_SQL_2!$K:$K,OA_SQL_2!$A:$A,PAGE_1_old!B23,OA_SQL_2!$B:$B,"AA")/SUMIFS(OA_SQL_2!$J:$J,OA_SQL_2!$A:$A,PAGE_1_old!B23,OA_SQL_2!$B:$B,"AA")))*100,"-") | G23: =RANK!F13 | H23: =SUMIFS(UA_HUB_SQL_7!G:G,UA_HUB_SQL_7!$B:$B,PAGE_1_old!B23)/SUMIFS(UA_HUB_SQL_7!$F:$F,UA_HUB_SQL_7!$B:$B,PAGE_1_old!B23) | I23: =IFERROR(((SUMIFS(UA_HUB_SQL_7!$G:$G,UA_HUB_SQL_7!$B:$B,PAGE_1_old!B23)/SUMIFS(UA_HUB_SQL_7!$F:$F,UA_HUB_SQL_7!$B:$B,PAGE_1_old!B23))-(SUMIFS(OA_SQL_2!$L:$L,OA_SQL_2!$A:$A,PAGE_1_old!B23,OA_SQL_2!$B:$B,"DL")/SUMIFS(OA_SQL_2!$J:$J,OA_SQL_2!$A:$A,PAGE_1_old!B23,OA_SQL_2!$B:$B,"DL")))*100,"-") | J23: =IFERROR(((SUMIFS(UA_HUB_SQL_7!$G:$G,UA_HUB_SQL_7!$B:$B,PAGE_1_old!B23)/SUMIFS(UA_HUB_SQL_7!$F:$F,UA_HUB_SQL_7!$B:$B,PAGE_1_old!B23))-(SUMIFS(OA_SQL_2!$L:$L,OA_SQL_2!$A:$A,PAGE_1_old!B23,OA_SQL_2!$B:$B,"AA")/SUMIFS(OA_SQL_2!$J:$J,OA_SQL_2!$A:$A,PAGE_1_old!B23,OA_SQL_2!$B:$B,"AA")))*100,"-") | K23: =RANK!M24
B24: San Francisco | C24: =SUMIFS(UA_HUB_SQL_7!J:J,UA_HUB_SQL_7!$B:$B,PAGE_1_old!B24)/SUMIFS(UA_HUB_SQL_7!$F:$F,UA_HUB_SQL_7!$B:$B,PAGE_1_old!B24) | D24: =SUMIFS(UA_HUB_SQL_7!K:K,UA_HUB_SQL_7!B:B,PAGE_1_old!B24)/SUMIFS(UA_HUB_SQL_7!F:F,UA_HUB_SQL_7!B:B,PAGE_1_old!B24) | E24: =IFERROR(((SUMIFS(UA_HUB_SQL_7!K:K,UA_HUB_SQL_7!B:B,PAGE_1_old!B24)/SUMIFS(UA_HUB_SQL_7!F:F,UA_HUB_SQL_7!B:B,PAGE_1_old!B24))-(SUMIFS(OA_SQL_2!K:K,OA_SQL_2!A:A,PAGE_1_old!B24,OA_SQL_2!B:B,"DL")/SUMIFS(OA_SQL_2!J:J,OA_SQL_2!A:A,PAGE_1_old!B24,OA_SQL_2!B:B,"DL")))*100,"-") | F24: =IFERROR(((SUMIFS(UA_HUB_SQL_7!$K:$K,UA_HUB_SQL_7!$B:$B,PAGE_1_old!B24)/SUMIFS(UA_HUB_SQL_7!$F:$F,UA_HUB_SQL_7!$B:$B,PAGE_1_old!B24))-(SUMIFS(OA_SQL_2!$K:$K,OA_SQL_2!$A:$A,PAGE_1_old!B24,OA_SQL_2!$B:$B,"AA")/SUMIFS(OA_SQL_2!$J:$J,OA_SQL_2!$A:$A,PAGE_1_old!B24,OA_SQL_2!$B:$B,"AA")))*100,"-") | G24: =RANK!F14 | H24: =SUMIFS(UA_HUB_SQL_7!G:G,UA_HUB_SQL_7!$B:$B,PAGE_1_old!B24)/SUMIFS(UA_HUB_SQL_7!$F:$F,UA_HUB_SQL_7!$B:$B,PAGE_1_old!B24) | I24: =IFERROR(((SUMIFS(UA_HUB_SQL_7!$G:$G,UA_HUB_SQL_7!$B:$B,PAGE_1_old!B24)/SUMIFS(UA_HUB_SQL_7!$F:$F,UA_HUB_SQL_7!$B:$B,PAGE_1_old!B24))-(SUMIFS(OA_SQL_2!$L:$L,OA_SQL_2!$A:$A,PAGE_1_old!B24,OA_SQL_2!$B:$B,"DL")/SUMIFS(OA_SQL_2!$J:$J,OA_SQL_2!$A:$A,PAGE_1_old!B24,OA_SQL_2!$B:$B,"DL")))*100,"-") | J24: =IFERROR(((SUMIFS(UA_HUB_SQL_7!$G:$G,UA_HUB_SQL_7!$B:$B,PAGE_1_old!B24)/SUMIFS(UA_HUB_SQL_7!$F:$F,UA_HUB_SQL_7!$B:$B,PAGE_1_old!B24))-(SUMIFS(OA_SQL_2!$L:$L,OA_SQL_2!$A:$A,PAGE_1_old!B24,OA_SQL_2!$B:$B,"AA")/SUMIFS(OA_SQL_2!$J:$J,OA_SQL_2!$A:$A,PAGE_1_old!B24,OA_SQL_2!$B:$B,"AA")))*100,"-") | K24: =RANK!M25
B27: Cancel Detail
B28: Express Partner | C28: Scheduled Departures | D28: Weather & ATC | E28: Technical Operations | F28: Flight Operations | G28: Inflight Services | H28: Airport Operations | I28: Network Operations | J28: IT | K28: Catering Operations | L28: Other | M28: Total Cancels | N28: ES covered for this partner | O28: Net Cancel | P28: ES covered by this partner
B29: EV - ExpressJet | C29: =SUMIF(SCH_DEP_SQL_4!$A:$A,PAGE_1_old!R29,SCH_DEP_SQL_4!$E:$E) | D29: =IF(SUMIFS(CNXL_SQL_2!$F:$F,CNXL_SQL_2!$A:$A,PAGE_1_old!$R29,CNXL_SQL_2!$D:$D,PAGE_1_old!$S$29)=0,"",SUMIFS(CNXL_SQL_2!$F:$F,CNXL_SQL_2!$A:$A,PAGE_1_old!$R29,CNXL_SQL_2!$D:$D,PAGE_1_old!$S$29)) | E29: =IF(SUMIFS(CNXL_SQL_2!$F:$F,CNXL_SQL_2!$A:$A,PAGE_1_old!$R29,CNXL_SQL_2!$D:$D,PAGE_1_old!$S$30)=0,"",SUMIFS(CNXL_SQL_2!$F:$F,CNXL_SQL_2!$A:$A,PAGE_1_old!$R29,CNXL_SQL_2!$D:$D,PAGE_1_old!$S$30)) | F29: =IF(SUMIFS(CNXL_SQL_2!$F:$F,CNXL_SQL_2!$A:$A,PAGE_1_old!$R29,CNXL_SQL_2!$D:$D,PAGE_1_old!$S$31)=0,"",SUMIFS(CNXL_SQL_2!$F:$F,CNXL_SQL_2!$A:$A,PAGE_1_old!$R29,CNXL_SQL_2!$D:$D,PAGE_1_old!$S$31)) | G29: =IF(SUMIFS(CNXL_SQL_2!$F:$F,CNXL_SQL_2!$A:$A,PAGE_1_old!$R29,CNXL_SQL_2!$D:$D,PAGE_1_old!$S$32)=0,"",SUMIFS(CNXL_SQL_2!$F:$F,CNXL_SQL_2!$A:$A,PAGE_1_old!$R29,CNXL_SQL_2!$D:$D,PAGE_1_old!$S$32)) | H29: =IF(SUMIFS(CNXL_SQL_2!$F:$F,CNXL_SQL_2!$A:$A,PAGE_1_old!$R29,CNXL_SQL_2!$D:$D,PAGE_1_old!$S$33)=0,"",SUMIFS(CNXL_SQL_2!$F:$F,CNXL_SQL_2!$A:$A,PAGE_1_old!$R29,CNXL_SQL_2!$D:$D,PAGE_1_old!$S$33)) | I29: =IF(SUMIFS(CNXL_SQL_2!$F:$F,CNXL_SQL_2!$A:$A,PAGE_1_old!$R29,CNXL_SQL_2!$D:$D,PAGE_1_old!$S$34)=0,"",SUMIFS(CNXL_SQL_2!$F:$F,CNXL_SQL_2!$A:$A,PAGE_1_old!$R29,CNXL_SQL_2!$D:$D,PAGE_1_old!$S$34)) | J29: =IF(SUMIFS(CNXL_SQL_2!$F:$F,CNXL_SQL_2!$A:$A,PAGE_1_old!$R29,CNXL_SQL_2!$D:$D,PAGE_1_old!$S$35)=0,"",SUMIFS(CNXL_SQL_2!$F:$F,CNXL_SQL_2!$A:$A,PAGE_1_old!$R29,CNXL_SQL_2!$D:$D,PAGE_1_old!$S$35)) | K29: =IF(SUMIFS(CNXL_SQL_2!$F:$F,CNXL_SQL_2!$A:$A,PAGE_1_old!$R29,CNXL_SQL_2!$D:$D,PAGE_1_old!$S$36)=0,"",SUMIFS(CNXL_SQL_2!$F:$F,CNXL_SQL_2!$A:$A,PAGE_1_old!$R29,CNXL_SQL_2!$D:$D,PAGE_1_old!$S$36)) | L29: =IF(SUMIFS(CNXL_SQL_2!$F:$F,CNXL_SQL_2!$A:$A,PAGE_1_old!$R29,CNXL_SQL_2!$D:$D,PAGE_1_old!$S$37)=0,"",SUMIFS(CNXL_SQL_2!$F:$F,CNXL_SQL_2!$A:$A,PAGE_1_old!$R29,CNXL_SQL_2!$D:$D,PAGE_1_old!$S$37)) | M29: =IF(SUM(D29:L29)=0,"",SUM(D29:L29)) | N29: =ES_MATRIX!K3 | O29: =IFERROR(M29-ES_MATRIX!L3,"") | P29: =IF(SUMIF(CNXL_SQL_2!$E:$E,PAGE_1_old!R29,CNXL_SQL_2!$F:$F)=0,"",SUMIF(CNXL_SQL_2!$E:$E,PAGE_1_old!R29,CNXL_SQL_2!$F:$F)) | R29: EV | S29: WEATHER/ATC
B30: OO - SkyWest | C30: =SUMIF(SCH_DEP_SQL_4!$A:$A,PAGE_1_old!R30,SCH_DEP_SQL_4!$E:$E) | D30: =IF(SUMIFS(CNXL_SQL_2!$F:$F,CNXL_SQL_2!$A:$A,PAGE_1_old!$R30,CNXL_SQL_2!$D:$D,PAGE_1_old!$S$29)=0,"",SUMIFS(CNXL_SQL_2!$F:$F,CNXL_SQL_2!$A:$A,PAGE_1_old!$R30,CNXL_SQL_2!$D:$D,PAGE_1_old!$S$29)) | E30: =IF(SUMIFS(CNXL_SQL_2!$F:$F,CNXL_SQL_2!$A:$A,PAGE_1_old!$R30,CNXL_SQL_2!$D:$D,PAGE_1_old!$S$30)=0,"",SUMIFS(CNXL_SQL_2!$F:$F,CNXL_SQL_2!$A:$A,PAGE_1_old!$R30,CNXL_SQL_2!$D:$D,PAGE_1_old!$S$30)) | F30: =IF(SUMIFS(CNXL_SQL_2!$F:$F,CNXL_SQL_2!$A:$A,PAGE_1_old!$R30,CNXL_SQL_2!$D:$D,PAGE_1_old!$S$31)=0,"",SUMIFS(CNXL_SQL_2!$F:$F,CNXL_SQL_2!$A:$A,PAGE_1_old!$R30,CNXL_SQL_2!$D:$D,PAGE_1_old!$S$31)) | G30: =IF(SUMIFS(CNXL_SQL_2!$F:$F,CNXL_SQL_2!$A:$A,PAGE_1_old!$R30,CNXL_SQL_2!$D:$D,PAGE_1_old!$S$32)=0,"",SUMIFS(CNXL_SQL_2!$F:$F,CNXL_SQL_2!$A:$A,PAGE_1_old!$R30,CNXL_SQL_2!$D:$D,PAGE_1_old!$S$32)) | H30: =IF(SUMIFS(CNXL_SQL_2!$F:$F,CNXL_SQL_2!$A:$A,PAGE_1_old!$R30,CNXL_SQL_2!$D:$D,PAGE_1_old!$S$33)=0,"",SUMIFS(CNXL_SQL_2!$F:$F,CNXL_SQL_2!$A:$A,PAGE_1_old!$R30,CNXL_SQL_2!$D:$D,PAGE_1_old!$S$33)) | I30: =IF(SUMIFS(CNXL_SQL_2!$F:$F,CNXL_SQL_2!$A:$A,PAGE_1_old!$R30,CNXL_SQL_2!$D:$D,PAGE_1_old!$S$34)=0,"",SUMIFS(CNXL_SQL_2!$F:$F,CNXL_SQL_2!$A:$A,PAGE_1_old!$R30,CNXL_SQL_2!$D:$D,PAGE_1_old!$S$34)) | J30: =IF(SUMIFS(CNXL_SQL_2!$F:$F,CNXL_SQL_2!$A:$A,PAGE_1_old!$R30,CNXL_SQL_2!$D:$D,PAGE_1_old!$S$35)=0,"",SUMIFS(CNXL_SQL_2!$F:$F,CNXL_SQL_2!$A:$A,PAGE_1_old!$R30,CNXL_SQL_2!$D:$D,PAGE_1_old!$S$35)) | K30: =IF(SUMIFS(CNXL_SQL_2!$F:$F,CNXL_SQL_2!$A:$A,PAGE_1_old!$R30,CNXL_SQL_2!$D:$D,PAGE_1_old!$S$36)=0,"",SUMIFS(CNXL_SQL_2!$F:$F,CNXL_SQL_2!$A:$A,PAGE_1_old!$R30,CNXL_SQL_2!$D:$D,PAGE_1_old!$S$36)) | L30: =IF(SUMIFS(CNXL_SQL_2!$F:$F,CNXL_SQL_2!$A:$A,PAGE_1_old!$R30,CNXL_SQL_2!$D:$D,PAGE_1_old!$S$37)=0,"",SUMIFS(CNXL_SQL_2!$F:$F,CNXL_SQL_2!$A:$A,PAGE_1_old!$R30,CNXL_SQL_2!$D:$D,PAGE_1_old!$S$37)) | M30: =IF(SUM(D30:L30)=0,"",SUM(D30:L30)) | N30: =ES_MATRIX!K4 | O30: =IFERROR(M30-ES_MATRIX!L4,"") | P30: =IF(SUMIF(CNXL_SQL_2!$E:$E,PAGE_1_old!R30,CNXL_SQL_2!$F:$F)=0,"",SUMIF(CNXL_SQL_2!$E:$E,PAGE_1_old!R30,CNXL_SQL_2!$F:$F)) | R30: OO | S30: TECHNICAL OPERATIONS-AIRCRAFT
B31: AX - Trans States | C31: =SUMIF(SCH_DEP_SQL_4!$A:$A,PAGE_1_old!R31,SCH_DEP_SQL_4!$E:$E) | D31: =IF(SUMIFS(CNXL_SQL_2!$F:$F,CNXL_SQL_2!$A:$A,PAGE_1_old!$R31,CNXL_SQL_2!$D:$D,PAGE_1_old!$S$29)=0,"",SUMIFS(CNXL_SQL_2!$F:$F,CNXL_SQL_2!$A:$A,PAGE_1_old!$R31,CNXL_SQL_2!$D:$D,PAGE_1_old!$S$29)) | E31: =IF(SUMIFS(CNXL_SQL_2!$F:$F,CNXL_SQL_2!$A:$A,PAGE_1_old!$R31,CNXL_SQL_2!$D:$D,PAGE_1_old!$S$30)=0,"",SUMIFS(CNXL_SQL_2!$F:$F,CNXL_SQL_2!$A:$A,PAGE_1_old!$R31,CNXL_SQL_2!$D:$D,PAGE_1_old!$S$30)) | F31: =IF(SUMIFS(CNXL_SQL_2!$F:$F,CNXL_SQL_2!$A:$A,PAGE_1_old!$R31,CNXL_SQL_2!$D:$D,PAGE_1_old!$S$31)=0,"",SUMIFS(CNXL_SQL_2!$F:$F,CNXL_SQL_2!$A:$A,PAGE_1_old!$R31,CNXL_SQL_2!$D:$D,PAGE_1_old!$S$31)) | G31: =IF(SUMIFS(CNXL_SQL_2!$F:$F,CNXL_SQL_2!$A:$A,PAGE_1_old!$R31,CNXL_SQL_2!$D:$D,PAGE_1_old!$S$32)=0,"",SUMIFS(CNXL_SQL_2!$F:$F,CNXL_SQL_2!$A:$A,PAGE_1_old!$R31,CNXL_SQL_2!$D:$D,PAGE_1_old!$S$32)) | H31: =IF(SUMIFS(CNXL_SQL_2!$F:$F,CNXL_SQL_2!$A:$A,PAGE_1_old!$R31,CNXL_SQL_2!$D:$D,PAGE_1_old!$S$33)=0,"",SUMIFS(CNXL_SQL_2!$F:$F,CNXL_SQL_2!$A:$A,PAGE_1_old!$R31,CNXL_SQL_2!$D:$D,PAGE_1_old!$S$33)) | I31: =IF(SUMIFS(CNXL_SQL_2!$F:$F,CNXL_SQL_2!$A:$A,PAGE_1_old!$R31,CNXL_SQL_2!$D:$D,PAGE_1_old!$S$34)=0,"",SUMIFS(CNXL_SQL_2!$F:$F,CNXL_SQL_2!$A:$A,PAGE_1_old!$R31,CNXL_SQL_2!$D:$D,PAGE_1_old!$S$34)) | J31: =IF(SUMIFS(CNXL_SQL_2!$F:$F,CNXL_SQL_2!$A:$A,PAGE_1_old!$R31,CNXL_SQL_2!$D:$D,PAGE_1_old!$S$35)=0,"",SUMIFS(CNXL_SQL_2!$F:$F,CNXL_SQL_2!$A:$A,PAGE_1_old!$R31,CNXL_SQL_2!$D:$D,PAGE_1_old!$S$35)) | K31: =IF(SUMIFS(CNXL_SQL_2!$F:$F,CNXL_SQL_2!$A:$A,PAGE_1_old!$R31,CNXL_SQL_2!$D:$D,PAGE_1_old!$S$36)=0,"",SUMIFS(CNXL_SQL_2!$F:$F,CNXL_SQL_2!$A:$A,PAGE_1_old!$R31,CNXL_SQL_2!$D:$D,PAGE_1_old!$S$36)) | L31: =IF(SUMIFS(CNXL_SQL_2!$F:$F,CNXL_SQL_2!$A:$A,PAGE_1_old!$R31,CNXL_SQL_2!$D:$D,PAGE_1_old!$S$37)=0,"",SUMIFS(CNXL_SQL_2!$F:$F,CNXL_SQL_2!$A:$A,PAGE_1_old!$R31,CNXL_SQL_2!$D:$D,PAGE_1_old!$S$37)) | M31: =IF(SUM(D31:L31)=0,"",SUM(D31:L31)) | N31: =ES_MATRIX!K5 | O31: =IFERROR(M31-ES_MATRIX!L5,"") | P31: =IF(SUMIF(CNXL_SQL_2!$E:$E,PAGE_1_old!R31,CNXL_SQL_2!$F:$F)=0,"",SUMIF(CNXL_SQL_2!$E:$E,PAGE_1_old!R31,CNXL_SQL_2!$F:$F)) | R31: AX | S31: FLIGHT OPERATIONS
B32: YX - Republic | C32: =SUMIF(SCH_DEP_SQL_4!$A:$A,PAGE_1_old!R32,SCH_DEP_SQL_4!$E:$E) | D32: =IF(SUMIFS(CNXL_SQL_2!$F:$F,CNXL_SQL_2!$A:$A,PAGE_1_old!$R32,CNXL_SQL_2!$D:$D,PAGE_1_old!$S$29)=0,"",SUMIFS(CNXL_SQL_2!$F:$F,CNXL_SQL_2!$A:$A,PAGE_1_old!$R32,CNXL_SQL_2!$D:$D,PAGE_1_old!$S$29)) | E32: =IF(SUMIFS(CNXL_SQL_2!$F:$F,CNXL_SQL_2!$A:$A,PAGE_1_old!$R32,CNXL_SQL_2!$D:$D,PAGE_1_old!$S$30)=0,"",SUMIFS(CNXL_SQL_2!$F:$F,CNXL_SQL_2!$A:$A,PAGE_1_old!$R32,CNXL_SQL_2!$D:$D,PAGE_1_old!$S$30)) | F32: =IF(SUMIFS(CNXL_SQL_2!$F:$F,CNXL_SQL_2!$A:$A,PAGE_1_old!$R32,CNXL_SQL_2!$D:$D,PAGE_1_old!$S$31)=0,"",SUMIFS(CNXL_SQL_2!$F:$F,CNXL_SQL_2!$A:$A,PAGE_1_old!$R32,CNXL_SQL_2!$D:$D,PAGE_1_old!$S$31)) | G32: =IF(SUMIFS(CNXL_SQL_2!$F:$F,CNXL_SQL_2!$A:$A,PAGE_1_old!$R32,CNXL_SQL_2!$D:$D,PAGE_1_old!$S$32)=0,"",SUMIFS(CNXL_SQL_2!$F:$F,CNXL_SQL_2!$A:$A,PAGE_1_old!$R32,CNXL_SQL_2!$D:$D,PAGE_1_old!$S$32)) | H32: =IF(SUMIFS(CNXL_SQL_2!$F:$F,CNXL_SQL_2!$A:$A,PAGE_1_old!$R32,CNXL_SQL_2!$D:$D,PAGE_1_old!$S$33)=0,"",SUMIFS(CNXL_SQL_2!$F:$F,CNXL_SQL_2!$A:$A,PAGE_1_old!$R32,CNXL_SQL_2!$D:$D,PAGE_1_old!$S$33)) | I32: =IF(SUMIFS(CNXL_SQL_2!$F:$F,CNXL_SQL_2!$A:$A,PAGE_1_old!$R32,CNXL_SQL_2!$D:$D,PAGE_1_old!$S$34)=0,"",SUMIFS(CNXL_SQL_2!$F:$F,CNXL_SQL_2!$A:$A,PAGE_1_old!$R32,CNXL_SQL_2!$D:$D,PAGE_1_old!$S$34)) | J32: =IF(SUMIFS(CNXL_SQL_2!$F:$F,CNXL_SQL_2!$A:$A,PAGE_1_old!$R32,CNXL_SQL_2!$D:$D,PAGE_1_old!$S$35)=0,"",SUMIFS(CNXL_SQL_2!$F:$F,CNXL_SQL_2!$A:$A,PAGE_1_old!$R32,CNXL_SQL_2!$D:$D,PAGE_1_old!$S$35)) | K32: =IF(SUMIFS(CNXL_SQL_2!$F:$F,CNXL_SQL_2!$A:$A,PAGE_1_old!$R32,CNXL_SQL_2!$D:$D,PAGE_1_old!$S$36)=0,"",SUMIFS(CNXL_SQL_2!$F:$F,CNXL_SQL_2!$A:$A,PAGE_1_old!$R32,CNXL_SQL_2!$D:$D,PAGE_1_old!$S$36)) | L32: =IF(SUMIFS(CNXL_SQL_2!$F:$F,CNXL_SQL_2!$A:$A,PAGE_1_old!$R32,CNXL_SQL_2!$D:$D,PAGE_1_old!$S$37)=0,"",SUMIFS(CNXL_SQL_2!$F:$F,CNXL_SQL_2!$A:$A,PAGE_1_old!$R32,CNXL_SQL_2!$D:$D,PAGE_1_old!$S$37)) | M32: =IF(SUM(D32:L32)=0,"",SUM(D32:L32)) | N32: =ES_MATRIX!K6 | O32: =IFERROR(M32-ES_MATRIX!L6,"") | P32: =IF(SUMIF(CNXL_SQL_2!$E:$E,PAGE_1_old!R32,CNXL_SQL_2!$F:$F)=0,"",SUMIF(CNXL_SQL_2!$E:$E,PAGE_1_old!R32,CNXL_SQL_2!$F:$F)) | R32: YX | S32: INFLIGHT SERVICES
B33: G7 - Go Jet | C33: =SUMIF(SCH_DEP_SQL_4!$A:$A,PAGE_1_old!R33,SCH_DEP_SQL_4!$E:$E) | D33: =IF(SUMIFS(CNXL_SQL_2!$F:$F,CNXL_SQL_2!$A:$A,PAGE_1_old!$R33,CNXL_SQL_2!$D:$D,PAGE_1_old!$S$29)=0,"",SUMIFS(CNXL_SQL_2!$F:$F,CNXL_SQL_2!$A:$A,PAGE_1_old!$R33,CNXL_SQL_2!$D:$D,PAGE_1_old!$S$29)) | E33: =IF(SUMIFS(CNXL_SQL_2!$F:$F,CNXL_SQL_2!$A:$A,PAGE_1_old!$R33,CNXL_SQL_2!$D:$D,PAGE_1_old!$S$30)=0,"",SUMIFS(CNXL_SQL_2!$F:$F,CNXL_SQL_2!$A:$A,PAGE_1_old!$R33,CNXL_SQL_2!$D:$D,PAGE_1_old!$S$30)) | F33: =IF(SUMIFS(CNXL_SQL_2!$F:$F,CNXL_SQL_2!$A:$A,PAGE_1_old!$R33,CNXL_SQL_2!$D:$D,PAGE_1_old!$S$31)=0,"",SUMIFS(CNXL_SQL_2!$F:$F,CNXL_SQL_2!$A:$A,PAGE_1_old!$R33,CNXL_SQL_2!$D:$D,PAGE_1_old!$S$31)) | G33: =IF(SUMIFS(CNXL_SQL_2!$F:$F,CNXL_SQL_2!$A:$A,PAGE_1_old!$R33,CNXL_SQL_2!$D:$D,PAGE_1_old!$S$32)=0,"",SUMIFS(CNXL_SQL_2!$F:$F,CNXL_SQL_2!$A:$A,PAGE_1_old!$R33,CNXL_SQL_2!$D:$D,PAGE_1_old!$S$32)) | H33: =IF(SUMIFS(CNXL_SQL_2!$F:$F,CNXL_SQL_2!$A:$A,PAGE_1_old!$R33,CNXL_SQL_2!$D:$D,PAGE_1_old!$S$33)=0,"",SUMIFS(CNXL_SQL_2!$F:$F,CNXL_SQL_2!$A:$A,PAGE_1_old!$R33,CNXL_SQL_2!$D:$D,PAGE_1_old!$S$33)) | I33: =IF(SUMIFS(CNXL_SQL_2!$F:$F,CNXL_SQL_2!$A:$A,PAGE_1_old!$R33,CNXL_SQL_2!$D:$D,PAGE_1_old!$S$34)=0,"",SUMIFS(CNXL_SQL_2!$F:$F,CNXL_SQL_2!$A:$A,PAGE_1_old!$R33,CNXL_SQL_2!$D:$D,PAGE_1_old!$S$34)) | J33: =IF(SUMIFS(CNXL_SQL_2!$F:$F,CNXL_SQL_2!$A:$A,PAGE_1_old!$R33,CNXL_SQL_2!$D:$D,PAGE_1_old!$S$35)=0,"",SUMIFS(CNXL_SQL_2!$F:$F,CNXL_SQL_2!$A:$A,PAGE_1_old!$R33,CNXL_SQL_2!$D:$D,PAGE_1_old!$S$35)) | K33: =IF(SUMIFS(CNXL_SQL_2!$F:$F,CNXL_SQL_2!$A:$A,PAGE_1_old!$R33,CNXL_SQL_2!$D:$D,PAGE_1_old!$S$36)=0,"",SUMIFS(CNXL_SQL_2!$F:$F,CNXL_SQL_2!$A:$A,PAGE_1_old!$R33,CNXL_SQL_2!$D:$D,PAGE_1_old!$S$36)) | L33: =IF(SUMIFS(CNXL_SQL_2!$F:$F,CNXL_SQL_2!$A:$A,PAGE_1_old!$R33,CNXL_SQL_2!$D:$D,PAGE_1_old!$S$37)=0,"",SUMIFS(CNXL_SQL_2!$F:$F,CNXL_SQL_2!$A:$A,PAGE_1_old!$R33,CNXL_SQL_2!$D:$D,PAGE_1_old!$S$37)) | M33: =IF(SUM(D33:L33)=0,"",SUM(D33:L33)) | N33: =ES_MATRIX!K7 | O33: =IFERROR(M33-ES_MATRIX!L7,"") | P33: =IF(SUMIF(CNXL_SQL_2!$E:$E,PAGE_1_old!R33,CNXL_SQL_2!$F:$F)=0,"",SUMIF(CNXL_SQL_2!$E:$E,PAGE_1_old!R33,CNXL_SQL_2!$F:$F)) | R33: G7 | S33: AIRPORT OPERATIONS
B34: C5 - CommutAir | C34: =SUMIF(SCH_DEP_SQL_4!$A:$A,PAGE_1_old!R34,SCH_DEP_SQL_4!$E:$E) | D34: =IF(SUMIFS(CNXL_SQL_2!$F:$F,CNXL_SQL_2!$A:$A,PAGE_1_old!$R34,CNXL_SQL_2!$D:$D,PAGE_1_old!$S$29)=0,"",SUMIFS(CNXL_SQL_2!$F:$F,CNXL_SQL_2!$A:$A,PAGE_1_old!$R34,CNXL_SQL_2!$D:$D,PAGE_1_old!$S$29)) | E34: =IF(SUMIFS(CNXL_SQL_2!$F:$F,CNXL_SQL_2!$A:$A,PAGE_1_old!$R34,CNXL_SQL_2!$D:$D,PAGE_1_old!$S$30)=0,"",SUMIFS(CNXL_SQL_2!$F:$F,CNXL_SQL_2!$A:$A,PAGE_1_old!$R34,CNXL_SQL_2!$D:$D,PAGE_1_old!$S$30)) | F34: =IF(SUMIFS(CNXL_SQL_2!$F:$F,CNXL_SQL_2!$A:$A,PAGE_1_old!$R34,CNXL_SQL_2!$D:$D,PAGE_1_old!$S$31)=0,"",SUMIFS(CNXL_SQL_2!$F:$F,CNXL_SQL_2!$A:$A,PAGE_1_old!$R34,CNXL_SQL_2!$D:$D,PAGE_1_old!$S$31)) | G34: =IF(SUMIFS(CNXL_SQL_2!$F:$F,CNXL_SQL_2!$A:$A,PAGE_1_old!$R34,CNXL_SQL_2!$D:$D,PAGE_1_old!$S$32)=0,"",SUMIFS(CNXL_SQL_2!$F:$F,CNXL_SQL_2!$A:$A,PAGE_1_old!$R34,CNXL_SQL_2!$D:$D,PAGE_1_old!$S$32)) | H34: =IF(SUMIFS(CNXL_SQL_2!$F:$F,CNXL_SQL_2!$A:$A,PAGE_1_old!$R34,CNXL_SQL_2!$D:$D,PAGE_1_old!$S$33)=0,"",SUMIFS(CNXL_SQL_2!$F:$F,CNXL_SQL_2!$A:$A,PAGE_1_old!$R34,CNXL_SQL_2!$D:$D,PAGE_1_old!$S$33)) | I34: =IF(SUMIFS(CNXL_SQL_2!$F:$F,CNXL_SQL_2!$A:$A,PAGE_1_old!$R34,CNXL_SQL_2!$D:$D,PAGE_1_old!$S$34)=0,"",SUMIFS(CNXL_SQL_2!$F:$F,CNXL_SQL_2!$A:$A,PAGE_1_old!$R34,CNXL_SQL_2!$D:$D,PAGE_1_old!$S$34)) | J34: =IF(SUMIFS(CNXL_SQL_2!$F:$F,CNXL_SQL_2!$A:$A,PAGE_1_old!$R34,CNXL_SQL_2!$D:$D,PAGE_1_old!$S$35)=0,"",SUMIFS(CNXL_SQL_2!$F:$F,CNXL_SQL_2!$A:$A,PAGE_1_old!$R34,CNXL_SQL_2!$D:$D,PAGE_1_old!$S$35)) | K34: =IF(SUMIFS(CNXL_SQL_2!$F:$F,CNXL_SQL_2!$A:$A,PAGE_1_old!$R34,CNXL_SQL_2!$D:$D,PAGE_1_old!$S$36)=0,"",SUMIFS(CNXL_SQL_2!$F:$F,CNXL_SQL_2!$A:$A,PAGE_1_old!$R34,CNXL_SQL_2!$D:$D,PAGE_1_old!$S$36)) | L34: =IF(SUMIFS(CNXL_SQL_2!$F:$F,CNXL_SQL_2!$A:$A,PAGE_1_old!$R34,CNXL_SQL_2!$D:$D,PAGE_1_old!$S$37)=0,"",SUMIFS(CNXL_SQL_2!$F:$F,CNXL_SQL_2!$A:$A,PAGE_1_old!$R34,CNXL_SQL_2!$D:$D,PAGE_1_old!$S$37)) | M34: =IF(SUM(D34:L34)=0,"",SUM(D34:L34)) | N34: =ES_MATRIX!K8 | O34: =IFERROR(M34-ES_MATRIX!L8,"") | P34: =IF(SUMIF(CNXL_SQL_2!$E:$E,PAGE_1_old!R34,CNXL_SQL_2!$F:$F)=0,"",SUMIF(CNXL_SQL_2!$E:$E,PAGE_1_old!R34,CNXL_SQL_2!$F:$F)) | R34: C5 | S34: NETWORK OPERATIONS CENTER
B35: YV - Mesa | C35: =SUMIF(SCH_DEP_SQL_4!$A:$A,PAGE_1_old!R35,SCH_DEP_SQL_4!$E:$E) | D35: =IF(SUMIFS(CNXL_SQL_2!$F:$F,CNXL_SQL_2!$A:$A,PAGE_1_old!$R35,CNXL_SQL_2!$D:$D,PAGE_1_old!$S$29)=0,"",SUMIFS(CNXL_SQL_2!$F:$F,CNXL_SQL_2!$A:$A,PAGE_1_old!$R35,CNXL_SQL_2!$D:$D,PAGE_1_old!$S$29)) | E35: =IF(SUMIFS(CNXL_SQL_2!$F:$F,CNXL_SQL_2!$A:$A,PAGE_1_old!$R35,CNXL_SQL_2!$D:$D,PAGE_1_old!$S$30)=0,"",SUMIFS(CNXL_SQL_2!$F:$F,CNXL_SQL_2!$A:$A,PAGE_1_old!$R35,CNXL_SQL_2!$D:$D,PAGE_1_old!$S$30)) | F35: =IF(SUMIFS(CNXL_SQL_2!$F:$F,CNXL_SQL_2!$A:$A,PAGE_1_old!$R35,CNXL_SQL_2!$D:$D,PAGE_1_old!$S$31)=0,"",SUMIFS(CNXL_SQL_2!$F:$F,CNXL_SQL_2!$A:$A,PAGE_1_old!$R35,CNXL_SQL_2!$D:$D,PAGE_1_old!$S$31)) | G35: =IF(SUMIFS(CNXL_SQL_2!$F:$F,CNXL_SQL_2!$A:$A,PAGE_1_old!$R35,CNXL_SQL_2!$D:$D,PAGE_1_old!$S$32)=0,"",SUMIFS(CNXL_SQL_2!$F:$F,CNXL_SQL_2!$A:$A,PAGE_1_old!$R35,CNXL_SQL_2!$D:$D,PAGE_1_old!$S$32)) | H35: =IF(SUMIFS(CNXL_SQL_2!$F:$F,CNXL_SQL_2!$A:$A,PAGE_1_old!$R35,CNXL_SQL_2!$D:$D,PAGE_1_old!$S$33)=0,"",SUMIFS(CNXL_SQL_2!$F:$F,CNXL_SQL_2!$A:$A,PAGE_1_old!$R35,CNXL_SQL_2!$D:$D,PAGE_1_old!$S$33)) | I35: =IF(SUMIFS(CNXL_SQL_2!$F:$F,CNXL_SQL_2!$A:$A,PAGE_1_old!$R35,CNXL_SQL_2!$D:$D,PAGE_1_old!$S$34)=0,"",SUMIFS(CNXL_SQL_2!$F:$F,CNXL_SQL_2!$A:$A,PAGE_1_old!$R35,CNXL_SQL_2!$D:$D,PAGE_1_old!$S$34)) | J35: =IF(SUMIFS(CNXL_SQL_2!$F:$F,CNXL_SQL_2!$A:$A,PAGE_1_old!$R35,CNXL_SQL_2!$D:$D,PAGE_1_old!$S$35)=0,"",SUMIFS(CNXL_SQL_2!$F:$F,CNXL_SQL_2!$A:$A,PAGE_1_old!$R35,CNXL_SQL_2!$D:$D,PAGE_1_old!$S$35)) | K35: =IF(SUMIFS(CNXL_SQL_2!$F:$F,CNXL_SQL_2!$A:$A,PAGE_1_old!$R35,CNXL_SQL_2!$D:$D,PAGE_1_old!$S$36)=0,"",SUMIFS(CNXL_SQL_2!$F:$F,CNXL_SQL_2!$A:$A,PAGE_1_old!$R35,CNXL_SQL_2!$D:$D,PAGE_1_old!$S$36)) | L35: =IF(SUMIFS(CNXL_SQL_2!$F:$F,CNXL_SQL_2!$A:$A,PAGE_1_old!$R35,CNXL_SQL_2!$D:$D,PAGE_1_old!$S$37)=0,"",SUMIFS(CNXL_SQL_2!$F:$F,CNXL_SQL_2!$A:$A,PAGE_1_old!$R35,CNXL_SQL_2!$D:$D,PAGE_1_old!$S$37)) | M35: =IF(SUM(D35:L35)=0,"",SUM(D35:L35)) | N35: =ES_MATRIX!K9 | O35: =IFERROR(M35-ES_MATRIX!L9,"") | P35: =IF(SUMIF(CNXL_SQL_2!$E:$E,PAGE_1_old!R35,CNXL_SQL_2!$F:$F)=0,"",SUMIF(CNXL_SQL_2!$E:$E,PAGE_1_old!R35,CNXL_SQL_2!$F:$F)) | R35: YV | S35: TECHNOLOGY
B36: ZW - Air Wisconsin | C36: =SUMIF(SCH_DEP_SQL_4!$A:$A,PAGE_1_old!R36,SCH_DEP_SQL_4!$E:$E) | D36: =IF(SUMIFS(CNXL_SQL_2!$F:$F,CNXL_SQL_2!$A:$A,PAGE_1_old!$R36,CNXL_SQL_2!$D:$D,PAGE_1_old!$S$29)=0,"",SUMIFS(CNXL_SQL_2!$F:$F,CNXL_SQL_2!$A:$A,PAGE_1_old!$R36,CNXL_SQL_2!$D:$D,PAGE_1_old!$S$29)) | E36: =IF(SUMIFS(CNXL_SQL_2!$F:$F,CNXL_SQL_2!$A:$A,PAGE_1_old!$R36,CNXL_SQL_2!$D:$D,PAGE_1_old!$S$30)=0,"",SUMIFS(CNXL_SQL_2!$F:$F,CNXL_SQL_2!$A:$A,PAGE_1_old!$R36,CNXL_SQL_2!$D:$D,PAGE_1_old!$S$30)) | F36: =IF(SUMIFS(CNXL_SQL_2!$F:$F,CNXL_SQL_2!$A:$A,PAGE_1_old!$R36,CNXL_SQL_2!$D:$D,PAGE_1_old!$S$31)=0,"",SUMIFS(CNXL_SQL_2!$F:$F,CNXL_SQL_2!$A:$A,PAGE_1_old!$R36,CNXL_SQL_2!$D:$D,PAGE_1_old!$S$31)) | G36: =IF(SUMIFS(CNXL_SQL_2!$F:$F,CNXL_SQL_2!$A:$A,PAGE_1_old!$R36,CNXL_SQL_2!$D:$D,PAGE_1_old!$S$32)=0,"",SUMIFS(CNXL_SQL_2!$F:$F,CNXL_SQL_2!$A:$A,PAGE_1_old!$R36,CNXL_SQL_2!$D:$D,PAGE_1_old!$S$32)) | H36: =IF(SUMIFS(CNXL_SQL_2!$F:$F,CNXL_SQL_2!$A:$A,PAGE_1_old!$R36,CNXL_SQL_2!$D:$D,PAGE_1_old!$S$33)=0,"",SUMIFS(CNXL_SQL_2!$F:$F,CNXL_SQL_2!$A:$A,PAGE_1_old!$R36,CNXL_SQL_2!$D:$D,PAGE_1_old!$S$33)) | I36: =IF(SUMIFS(CNXL_SQL_2!$F:$F,CNXL_SQL_2!$A:$A,PAGE_1_old!$R36,CNXL_SQL_2!$D:$D,PAGE_1_old!$S$34)=0,"",SUMIFS(CNXL_SQL_2!$F:$F,CNXL_SQL_2!$A:$A,PAGE_1_old!$R36,CNXL_SQL_2!$D:$D,PAGE_1_old!$S$34)) | J36: =IF(SUMIFS(CNXL_SQL_2!$F:$F,CNXL_SQL_2!$A:$A,PAGE_1_old!$R36,CNXL_SQL_2!$D:$D,PAGE_1_old!$S$35)=0,"",SUMIFS(CNXL_SQL_2!$F:$F,CNXL_SQL_2!$A:$A,PAGE_1_old!$R36,CNXL_SQL_2!$D:$D,PAGE_1_old!$S$35)) | K36: =IF(SUMIFS(CNXL_SQL_2!$F:$F,CNXL_SQL_2!$A:$A,PAGE_1_old!$R36,CNXL_SQL_2!$D:$D,PAGE_1_old!$S$36)=0,"",SUMIFS(CNXL_SQL_2!$F:$F,CNXL_SQL_2!$A:$A,PAGE_1_old!$R36,CNXL_SQL_2!$D:$D,PAGE_1_old!$S$36)) | L36: =IF(SUMIFS(CNXL_SQL_2!$F:$F,CNXL_SQL_2!$A:$A,PAGE_1_old!$R36,CNXL_SQL_2!$D:$D,PAGE_1_old!$S$37)=0,"",SUMIFS(CNXL_SQL_2!$F:$F,CNXL_SQL_2!$A:$A,PAGE_1_old!$R36,CNXL_SQL_2!$D:$D,PAGE_1_old!$S$37)) | M36: =IF(SUM(D36:L36)=0,"",SUM(D36:L36)) | N36: =ES_MATRIX!K10 | O36: =IFERROR(M36-ES_MATRIX!L10,"") | P36: =IF(SUMIF(CNXL_SQL_2!$E:$E,PAGE_1_old!R36,CNXL_SQL_2!$F:$F)=0,"",SUMIF(CNXL_SQL_2!$E:$E,PAGE_1_old!R36,CNXL_SQL_2!$F:$F)) | R36: ZW | S36: CATERING OPERATIONS
B37: Total: | C37: =SUM(C29:C36) | D37: =IF(SUM(D29:D36)=0,"",SUM(D29:D36)) | E37: =IF(SUM(E29:E36)=0,"",SUM(E29:E36)) | F37: =IF(SUM(F29:F36)=0,"",SUM(F29:F36)) | G37: =IF(SUM(G29:G36)=0,"",SUM(G29:G36)) | H37: =IF(SUM(H29:H36)=0,"",SUM(H29:H36)) | I37: =IF(SUM(I29:I36)=0,"",SUM(I29:I36)) | J37: =IF(SUM(J29:J36)=0,"",SUM(J29:J36)) | K37: =IF(SUM(K29:K36)=0,"",SUM(K29:K36)) | L37: =IF(SUM(L29:L36)=0,"",SUM(L29:L36)) | M37: =SUM(M29:M36) | O37: =SUM(O29:O36) | P37: =SUM(P29:P36) | S37: OTHER
B41: Residual Cancel Detail
B42: Express Partner | C42: Scheduled Departures | D42: Weather & ATC | E42: Technical Operations | F42: Flight Operations | G42: Inflight Services | H42: Airport Operations | I42: Network Operations | J42: IT | K42: Catering Operations | L42: Other | M42: Total Cancels | N42: ES covered for this partner | O42: Net Cancel | P42: ES covered by this partner
B43: EV - ExpressJet | C43: =SUMIF(SCH_DEP_SQL_4!$A:$A,PAGE_1_old!R29,SCH_DEP_SQL_4!$E:$E) | D43: =IF(SUMIFS(RES_CNXL_SQL_3!$F:$F,RES_CNXL_SQL_3!$A:$A,PAGE_1_old!$R29,RES_CNXL_SQL_3!$D:$D,PAGE_1_old!$S$29)=0,"",SUMIFS(RES_CNXL_SQL_3!$F:$F,RES_CNXL_SQL_3!$A:$A,PAGE_1_old!$R29,RES_CNXL_SQL_3!$D:$D,PAGE_1_old!$S$29)) | E43: =IF(SUMIFS(RES_CNXL_SQL_3!$F:$F,RES_CNXL_SQL_3!$A:$A,PAGE_1_old!$R29,RES_CNXL_SQL_3!$D:$D,PAGE_1_old!$S$30)=0,"",SUMIFS(RES_CNXL_SQL_3!$F:$F,RES_CNXL_SQL_3!$A:$A,PAGE_1_old!$R29,RES_CNXL_SQL_3!$D:$D,PAGE_1_old!$S$30)) | F43: =IF(SUMIFS(RES_CNXL_SQL_3!$F:$F,RES_CNXL_SQL_3!$A:$A,PAGE_1_old!$R29,RES_CNXL_SQL_3!$D:$D,PAGE_1_old!$S$31)=0,"",SUMIFS(RES_CNXL_SQL_3!$F:$F,RES_CNXL_SQL_3!$A:$A,PAGE_1_old!$R29,RES_CNXL_SQL_3!$D:$D,PAGE_1_old!$S$31)) | G43: =IF(SUMIFS(RES_CNXL_SQL_3!$F:$F,RES_CNXL_SQL_3!$A:$A,PAGE_1_old!$R29,RES_CNXL_SQL_3!$D:$D,PAGE_1_old!$S$32)=0,"",SUMIFS(RES_CNXL_SQL_3!$F:$F,RES_CNXL_SQL_3!$A:$A,PAGE_1_old!$R29,RES_CNXL_SQL_3!$D:$D,PAGE_1_old!$S$32)) | H43: =IF(SUMIFS(RES_CNXL_SQL_3!$F:$F,RES_CNXL_SQL_3!$A:$A,PAGE_1_old!$R29,RES_CNXL_SQL_3!$D:$D,PAGE_1_old!$S$33)=0,"",SUMIFS(RES_CNXL_SQL_3!$F:$F,RES_CNXL_SQL_3!$A:$A,PAGE_1_old!$R29,RES_CNXL_SQL_3!$D:$D,PAGE_1_old!$S$33)) | I43: =IF(SUMIFS(RES_CNXL_SQL_3!$F:$F,RES_CNXL_SQL_3!$A:$A,PAGE_1_old!$R29,RES_CNXL_SQL_3!$D:$D,PAGE_1_old!$S$34)=0,"",SUMIFS(RES_CNXL_SQL_3!$F:$F,RES_CNXL_SQL_3!$A:$A,PAGE_1_old!$R29,RES_CNXL_SQL_3!$D:$D,PAGE_1_old!$S$34)) | J43: =IF(SUMIFS(RES_CNXL_SQL_3!$F:$F,RES_CNXL_SQL_3!$A:$A,PAGE_1_old!$R29,RES_CNXL_SQL_3!$D:$D,PAGE_1_old!$S$35)=0,"",SUMIFS(RES_CNXL_SQL_3!$F:$F,RES_CNXL_SQL_3!$A:$A,PAGE_1_old!$R29,RES_CNXL_SQL_3!$D:$D,PAGE_1_old!$S$35)) | K43: =IF(SUMIFS(RES_CNXL_SQL_3!$F:$F,RES_CNXL_SQL_3!$A:$A,PAGE_1_old!$R29,RES_CNXL_SQL_3!$D:$D,PAGE_1_old!$S$36)=0,"",SUMIFS(RES_CNXL_SQL_3!$F:$F,RES_CNXL_SQL_3!$A:$A,PAGE_1_old!$R29,RES_CNXL_SQL_3!$D:$D,PAGE_1_old!$S$36)) | L43: =IF(SUMIFS(RES_CNXL_SQL_3!$F:$F,RES_CNXL_SQL_3!$A:$A,PAGE_1_old!$R29,RES_CNXL_SQL_3!$D:$D,PAGE_1_old!$S$37)=0,"",SUMIFS(RES_CNXL_SQL_3!$F:$F,RES_CNXL_SQL_3!$A:$A,PAGE_1_old!$R29,RES_CNXL_SQL_3!$D:$D,PAGE_1_old!$S$37)) | M43: =IF(SUM(D43:L43)=0,"",SUM(D43:L43)) | N43: =ES_MATRIX!K14 | O43: =IFERROR(M43-ES_MATRIX!L14,"") | P43: =IF(SUMIF(RES_CNXL_SQL_3!$E:$E,PAGE_1_old!R29,RES_CNXL_SQL_3!$F:$F)=0,"",SUMIF(RES_CNXL_SQL_3!$E:$E,PAGE_1_old!R29,RES_CNXL_SQL_3!$F:$F))
B44: OO - SkyWest | C44: =SUMIF(SCH_DEP_SQL_4!$A:$A,PAGE_1_old!R30,SCH_DEP_SQL_4!$E:$E) | D44: =IF(SUMIFS(RES_CNXL_SQL_3!$F:$F,RES_CNXL_SQL_3!$A:$A,PAGE_1_old!$R30,RES_CNXL_SQL_3!$D:$D,PAGE_1_old!$S$29)=0,"",SUMIFS(RES_CNXL_SQL_3!$F:$F,RES_CNXL_SQL_3!$A:$A,PAGE_1_old!$R30,RES_CNXL_SQL_3!$D:$D,PAGE_1_old!$S$29)) | E44: =IF(SUMIFS(RES_CNXL_SQL_3!$F:$F,RES_CNXL_SQL_3!$A:$A,PAGE_1_old!$R30,RES_CNXL_SQL_3!$D:$D,PAGE_1_old!$S$30)=0,"",SUMIFS(RES_CNXL_SQL_3!$F:$F,RES_CNXL_SQL_3!$A:$A,PAGE_1_old!$R30,RES_CNXL_SQL_3!$D:$D,PAGE_1_old!$S$30)) | F44: =IF(SUMIFS(RES_CNXL_SQL_3!$F:$F,RES_CNXL_SQL_3!$A:$A,PAGE_1_old!$R30,RES_CNXL_SQL_3!$D:$D,PAGE_1_old!$S$31)=0,"",SUMIFS(RES_CNXL_SQL_3!$F:$F,RES_CNXL_SQL_3!$A:$A,PAGE_1_old!$R30,RES_CNXL_SQL_3!$D:$D,PAGE_1_old!$S$31)) | G44: =IF(SUMIFS(RES_CNXL_SQL_3!$F:$F,RES_CNXL_SQL_3!$A:$A,PAGE_1_old!$R30,RES_CNXL_SQL_3!$D:$D,PAGE_1_old!$S$32)=0,"",SUMIFS(RES_CNXL_SQL_3!$F:$F,RES_CNXL_SQL_3!$A:$A,PAGE_1_old!$R30,RES_CNXL_SQL_3!$D:$D,PAGE_1_old!$S$32)) | H44: =IF(SUMIFS(RES_CNXL_SQL_3!$F:$F,RES_CNXL_SQL_3!$A:$A,PAGE_1_old!$R30,RES_CNXL_SQL_3!$D:$D,PAGE_1_old!$S$33)=0,"",SUMIFS(RES_CNXL_SQL_3!$F:$F,RES_CNXL_SQL_3!$A:$A,PAGE_1_old!$R30,RES_CNXL_SQL_3!$D:$D,PAGE_1_old!$S$33)) | I44: =IF(SUMIFS(RES_CNXL_SQL_3!$F:$F,RES_CNXL_SQL_3!$A:$A,PAGE_1_old!$R30,RES_CNXL_SQL_3!$D:$D,PAGE_1_old!$S$34)=0,"",SUMIFS(RES_CNXL_SQL_3!$F:$F,RES_CNXL_SQL_3!$A:$A,PAGE_1_old!$R30,RES_CNXL_SQL_3!$D:$D,PAGE_1_old!$S$34)) | J44: =IF(SUMIFS(RES_CNXL_SQL_3!$F:$F,RES_CNXL_SQL_3!$A:$A,PAGE_1_old!$R30,RES_CNXL_SQL_3!$D:$D,PAGE_1_old!$S$35)=0,"",SUMIFS(RES_CNXL_SQL_3!$F:$F,RES_CNXL_SQL_3!$A:$A,PAGE_1_old!$R30,RES_CNXL_SQL_3!$D:$D,PAGE_1_old!$S$35)) | K44: =IF(SUMIFS(RES_CNXL_SQL_3!$F:$F,RES_CNXL_SQL_3!$A:$A,PAGE_1_old!$R30,RES_CNXL_SQL_3!$D:$D,PAGE_1_old!$S$36)=0,"",SUMIFS(RES_CNXL_SQL_3!$F:$F,RES_CNXL_SQL_3!$A:$A,PAGE_1_old!$R30,RES_CNXL_SQL_3!$D:$D,PAGE_1_old!$S$36)) | L44: =IF(SUMIFS(RES_CNXL_SQL_3!$F:$F,RES_CNXL_SQL_3!$A:$A,PAGE_1_old!$R30,RES_CNXL_SQL_3!$D:$D,PAGE_1_old!$S$37)=0,"",SUMIFS(RES_CNXL_SQL_3!$F:$F,RES_CNXL_SQL_3!$A:$A,PAGE_1_old!$R30,RES_CNXL_SQL_3!$D:$D,PAGE_1_old!$S$37)) | M44: =IF(SUM(D44:L44)=0,"",SUM(D44:L44)) | N44: =ES_MATRIX!K15 | O44: =IFERROR(M44-ES_MATRIX!L15,"") | P44: =IF(SUMIF(RES_CNXL_SQL_3!$E:$E,PAGE_1_old!R30,RES_CNXL_SQL_3!$F:$F)=0,"",SUMIF(RES_CNXL_SQL_3!$E:$E,PAGE_1_old!R30,RES_CNXL_SQL_3!$F:$F))
B45: AX - Trans States | C45: =SUMIF(SCH_DEP_SQL_4!$A:$A,PAGE_1_old!R31,SCH_DEP_SQL_4!$E:$E) | D45: =IF(SUMIFS(RES_CNXL_SQL_3!$F:$F,RES_CNXL_SQL_3!$A:$A,PAGE_1_old!$R31,RES_CNXL_SQL_3!$D:$D,PAGE_1_old!$S$29)=0,"",SUMIFS(RES_CNXL_SQL_3!$F:$F,RES_CNXL_SQL_3!$A:$A,PAGE_1_old!$R31,RES_CNXL_SQL_3!$D:$D,PAGE_1_old!$S$29)) | E45: =IF(SUMIFS(RES_CNXL_SQL_3!$F:$F,RES_CNXL_SQL_3!$A:$A,PAGE_1_old!$R31,RES_CNXL_SQL_3!$D:$D,PAGE_1_old!$S$30)=0,"",SUMIFS(RES_CNXL_SQL_3!$F:$F,RES_CNXL_SQL_3!$A:$A,PAGE_1_old!$R31,RES_CNXL_SQL_3!$D:$D,PAGE_1_old!$S$30)) | F45: =IF(SUMIFS(RES_CNXL_SQL_3!$F:$F,RES_CNXL_SQL_3!$A:$A,PAGE_1_old!$R31,RES_CNXL_SQL_3!$D:$D,PAGE_1_old!$S$31)=0,"",SUMIFS(RES_CNXL_SQL_3!$F:$F,RES_CNXL_SQL_3!$A:$A,PAGE_1_old!$R31,RES_CNXL_SQL_3!$D:$D,PAGE_1_old!$S$31)) | G45: =IF(SUMIFS(RES_CNXL_SQL_3!$F:$F,RES_CNXL_SQL_3!$A:$A,PAGE_1_old!$R31,RES_CNXL_SQL_3!$D:$D,PAGE_1_old!$S$32)=0,"",SUMIFS(RES_CNXL_SQL_3!$F:$F,RES_CNXL_SQL_3!$A:$A,PAGE_1_old!$R31,RES_CNXL_SQL_3!$D:$D,PAGE_1_old!$S$32)) | H45: =IF(SUMIFS(RES_CNXL_SQL_3!$F:$F,RES_CNXL_SQL_3!$A:$A,PAGE_1_old!$R31,RES_CNXL_SQL_3!$D:$D,PAGE_1_old!$S$33)=0,"",SUMIFS(RES_CNXL_SQL_3!$F:$F,RES_CNXL_SQL_3!$A:$A,PAGE_1_old!$R31,RES_CNXL_SQL_3!$D:$D,PAGE_1_old!$S$33)) | I45: =IF(SUMIFS(RES_CNXL_SQL_3!$F:$F,RES_CNXL_SQL_3!$A:$A,PAGE_1_old!$R31,RES_CNXL_SQL_3!$D:$D,PAGE_1_old!$S$34)=0,"",SUMIFS(RES_CNXL_SQL_3!$F:$F,RES_CNXL_SQL_3!$A:$A,PAGE_1_old!$R31,RES_CNXL_SQL_3!$D:$D,PAGE_1_old!$S$34)) | J45: =IF(SUMIFS(RES_CNXL_SQL_3!$F:$F,RES_CNXL_SQL_3!$A:$A,PAGE_1_old!$R31,RES_CNXL_SQL_3!$D:$D,PAGE_1_old!$S$35)=0,"",SUMIFS(RES_CNXL_SQL_3!$F:$F,RES_CNXL_SQL_3!$A:$A,PAGE_1_old!$R31,RES_CNXL_SQL_3!$D:$D,PAGE_1_old!$S$35)) | K45: =IF(SUMIFS(RES_CNXL_SQL_3!$F:$F,RES_CNXL_SQL_3!$A:$A,PAGE_1_old!$R31,RES_CNXL_SQL_3!$D:$D,PAGE_1_old!$S$36)=0,"",SUMIFS(RES_CNXL_SQL_3!$F:$F,RES_CNXL_SQL_3!$A:$A,PAGE_1_old!$R31,RES_CNXL_SQL_3!$D:$D,PAGE_1_old!$S$36)) | L45: =IF(SUMIFS(RES_CNXL_SQL_3!$F:$F,RES_CNXL_SQL_3!$A:$A,PAGE_1_old!$R31,RES_CNXL_SQL_3!$D:$D,PAGE_1_old!$S$37)=0,"",SUMIFS(RES_CNXL_SQL_3!$F:$F,RES_CNXL_SQL_3!$A:$A,PAGE_1_old!$R31,RES_CNXL_SQL_3!$D:$D,PAGE_1_old!$S$37)) | M45: =IF(SUM(D45:L45)=0,"",SUM(D45:L45)) | N45: =ES_MATRIX!K16 | O45: =IFERROR(M45-ES_MATRIX!L16,"") | P45: =IF(SUMIF(RES_CNXL_SQL_3!$E:$E,PAGE_1_old!R31,RES_CNXL_SQL_3!$F:$F)=0,"",SUMIF(RES_CNXL_SQL_3!$E:$E,PAGE_1_old!R31,RES_CNXL_SQL_3!$F:$F))
B46: YX - Republic | C46: =SUMIF(SCH_DEP_SQL_4!$A:$A,PAGE_1_old!R32,SCH_DEP_SQL_4!$E:$E) | D46: =IF(SUMIFS(RES_CNXL_SQL_3!$F:$F,RES_CNXL_SQL_3!$A:$A,PAGE_1_old!$R32,RES_CNXL_SQL_3!$D:$D,PAGE_1_old!$S$29)=0,"",SUMIFS(RES_CNXL_SQL_3!$F:$F,RES_CNXL_SQL_3!$A:$A,PAGE_1_old!$R32,RES_CNXL_SQL_3!$D:$D,PAGE_1_old!$S$29)) | E46: =IF(SUMIFS(RES_CNXL_SQL_3!$F:$F,RES_CNXL_SQL_3!$A:$A,PAGE_1_old!$R32,RES_CNXL_SQL_3!$D:$D,PAGE_1_old!$S$30)=0,"",SUMIFS(RES_CNXL_SQL_3!$F:$F,RES_CNXL_SQL_3!$A:$A,PAGE_1_old!$R32,RES_CNXL_SQL_3!$D:$D,PAGE_1_old!$S$30)) | F46: =IF(SUMIFS(RES_CNXL_SQL_3!$F:$F,RES_CNXL_SQL_3!$A:$A,PAGE_1_old!$R32,RES_CNXL_SQL_3!$D:$D,PAGE_1_old!$S$31)=0,"",SUMIFS(RES_CNXL_SQL_3!$F:$F,RES_CNXL_SQL_3!$A:$A,PAGE_1_old!$R32,RES_CNXL_SQL_3!$D:$D,PAGE_1_old!$S$31)) | G46: =IF(SUMIFS(RES_CNXL_SQL_3!$F:$F,RES_CNXL_SQL_3!$A:$A,PAGE_1_old!$R32,RES_CNXL_SQL_3!$D:$D,PAGE_1_old!$S$32)=0,"",SUMIFS(RES_CNXL_SQL_3!$F:$F,RES_CNXL_SQL_3!$A:$A,PAGE_1_old!$R32,RES_CNXL_SQL_3!$D:$D,PAGE_1_old!$S$32)) | H46: =IF(SUMIFS(RES_CNXL_SQL_3!$F:$F,RES_CNXL_SQL_3!$A:$A,PAGE_1_old!$R32,RES_CNXL_SQL_3!$D:$D,PAGE_1_old!$S$33)=0,"",SUMIFS(RES_CNXL_SQL_3!$F:$F,RES_CNXL_SQL_3!$A:$A,PAGE_1_old!$R32,RES_CNXL_SQL_3!$D:$D,PAGE_1_old!$S$33)) | I46: =IF(SUMIFS(RES_CNXL_SQL_3!$F:$F,RES_CNXL_SQL_3!$A:$A,PAGE_1_old!$R32,RES_CNXL_SQL_3!$D:$D,PAGE_1_old!$S$34)=0,"",SUMIFS(RES_CNXL_SQL_3!$F:$F,RES_CNXL_SQL_3!$A:$A,PAGE_1_old!$R32,RES_CNXL_SQL_3!$D:$D,PAGE_1_old!$S$34)) | J46: =IF(SUMIFS(RES_CNXL_SQL_3!$F:$F,RES_CNXL_SQL_3!$A:$A,PAGE_1_old!$R32,RES_CNXL_SQL_3!$D:$D,PAGE_1_old!$S$35)=0,"",SUMIFS(RES_CNXL_SQL_3!$F:$F,RES_CNXL_SQL_3!$A:$A,PAGE_1_old!$R32,RES_CNXL_SQL_3!$D:$D,PAGE_1_old!$S$35)) | K46: =IF(SUMIFS(RES_CNXL_SQL_3!$F:$F,RES_CNXL_SQL_3!$A:$A,PAGE_1_old!$R32,RES_CNXL_SQL_3!$D:$D,PAGE_1_old!$S$36)=0,"",SUMIFS(RES_CNXL_SQL_3!$F:$F,RES_CNXL_SQL_3!$A:$A,PAGE_1_old!$R32,RES_CNXL_SQL_3!$D:$D,PAGE_1_old!$S$36)) | L46: =IF(SUMIFS(RES_CNXL_SQL_3!$F:$F,RES_CNXL_SQL_3!$A:$A,PAGE_1_old!$R32,RES_CNXL_SQL_3!$D:$D,PAGE_1_old!$S$37)=0,"",SUMIFS(RES_CNXL_SQL_3!$F:$F,RES_CNXL_SQL_3!$A:$A,PAGE_1_old!$R32,RES_CNXL_SQL_3!$D:$D,PAGE_1_old!$S$37)) | M46: =IF(SUM(D46:L46)=0,"",SUM(D46:L46)) | N46: =ES_MATRIX!K17 | O46: =IFERROR(M46-ES_MATRIX!L17,"") | P46: =IF(SUMIF(RES_CNXL_SQL_3!$E:$E,PAGE_1_old!R32,RES_CNXL_SQL_3!$F:$F)=0,"",SUMIF(RES_CNXL_SQL_3!$E:$E,PAGE_1_old!R32,RES_CNXL_SQL_3!$F:$F))
B47: G7 - Go Jet | C47: =SUMIF(SCH_DEP_SQL_4!$A:$A,PAGE_1_old!R33,SCH_DEP_SQL_4!$E:$E) | D47: =IF(SUMIFS(RES_CNXL_SQL_3!$F:$F,RES_CNXL_SQL_3!$A:$A,PAGE_1_old!$R33,RES_CNXL_SQL_3!$D:$D,PAGE_1_old!$S$29)=0,"",SUMIFS(RES_CNXL_SQL_3!$F:$F,RES_CNXL_SQL_3!$A:$A,PAGE_1_old!$R33,RES_CNXL_SQL_3!$D:$D,PAGE_1_old!$S$29)) | E47: =IF(SUMIFS(RES_CNXL_SQL_3!$F:$F,RES_CNXL_SQL_3!$A:$A,PAGE_1_old!$R33,RES_CNXL_SQL_3!$D:$D,PAGE_1_old!$S$30)=0,"",SUMIFS(RES_CNXL_SQL_3!$F:$F,RES_CNXL_SQL_3!$A:$A,PAGE_1_old!$R33,RES_CNXL_SQL_3!$D:$D,PAGE_1_old!$S$30)) | F47: =IF(SUMIFS(RES_CNXL_SQL_3!$F:$F,RES_CNXL_SQL_3!$A:$A,PAGE_1_old!$R33,RES_CNXL_SQL_3!$D:$D,PAGE_1_old!$S$31)=0,"",SUMIFS(RES_CNXL_SQL_3!$F:$F,RES_CNXL_SQL_3!$A:$A,PAGE_1_old!$R33,RES_CNXL_SQL_3!$D:$D,PAGE_1_old!$S$31)) | G47: =IF(SUMIFS(RES_CNXL_SQL_3!$F:$F,RES_CNXL_SQL_3!$A:$A,PAGE_1_old!$R33,RES_CNXL_SQL_3!$D:$D,PAGE_1_old!$S$32)=0,"",SUMIFS(RES_CNXL_SQL_3!$F:$F,RES_CNXL_SQL_3!$A:$A,PAGE_1_old!$R33,RES_CNXL_SQL_3!$D:$D,PAGE_1_old!$S$32)) | H47: =IF(SUMIFS(RES_CNXL_SQL_3!$F:$F,RES_CNXL_SQL_3!$A:$A,PAGE_1_old!$R33,RES_CNXL_SQL_3!$D:$D,PAGE_1_old!$S$33)=0,"",SUMIFS(RES_CNXL_SQL_3!$F:$F,RES_CNXL_SQL_3!$A:$A,PAGE_1_old!$R33,RES_CNXL_SQL_3!$D:$D,PAGE_1_old!$S$33)) | I47: =IF(SUMIFS(RES_CNXL_SQL_3!$F:$F,RES_CNXL_SQL_3!$A:$A,PAGE_1_old!$R33,RES_CNXL_SQL_3!$D:$D,PAGE_1_old!$S$34)=0,"",SUMIFS(RES_CNXL_SQL_3!$F:$F,RES_CNXL_SQL_3!$A:$A,PAGE_1_old!$R33,RES_CNXL_SQL_3!$D:$D,PAGE_1_old!$S$34)) | J47: =IF(SUMIFS(RES_CNXL_SQL_3!$F:$F,RES_CNXL_SQL_3!$A:$A,PAGE_1_old!$R33,RES_CNXL_SQL_3!$D:$D,PAGE_1_old!$S$35)=0,"",SUMIFS(RES_CNXL_SQL_3!$F:$F,RES_CNXL_SQL_3!$A:$A,PAGE_1_old!$R33,RES_CNXL_SQL_3!$D:$D,PAGE_1_old!$S$35)) | K47: =IF(SUMIFS(RES_CNXL_SQL_3!$F:$F,RES_CNXL_SQL_3!$A:$A,PAGE_1_old!$R33,RES_CNXL_SQL_3!$D:$D,PAGE_1_old!$S$36)=0,"",SUMIFS(RES_CNXL_SQL_3!$F:$F,RES_CNXL_SQL_3!$A:$A,PAGE_1_old!$R33,RES_CNXL_SQL_3!$D:$D,PAGE_1_old!$S$36)) | L47: =IF(SUMIFS(RES_CNXL_SQL_3!$F:$F,RES_CNXL_SQL_3!$A:$A,PAGE_1_old!$R33,RES_CNXL_SQL_3!$D:$D,PAGE_1_old!$S$37)=0,"",SUMIFS(RES_CNXL_SQL_3!$F:$F,RES_CNXL_SQL_3!$A:$A,PAGE_1_old!$R33,RES_CNXL_SQL_3!$D:$D,PAGE_1_old!$S$37)) | M47: =IF(SUM(D47:L47)=0,"",SUM(D47:L47)) | N47: =ES_MATRIX!K18 | O47: =IFERROR(M47-ES_MATRIX!L18,"") | P47: =IF(SUMIF(RES_CNXL_SQL_3!$E:$E,PAGE_1_old!R33,RES_CNXL_SQL_3!$F:$F)=0,"",SUMIF(RES_CNXL_SQL_3!$E:$E,PAGE_1_old!R33,RES_CNXL_SQL_3!$F:$F))
B48: C5 - CommutAir | C48: =SUMIF(SCH_DEP_SQL_4!$A:$A,PAGE_1_old!R34,SCH_DEP_SQL_4!$E:$E) | D48: =IF(SUMIFS(RES_CNXL_SQL_3!$F:$F,RES_CNXL_SQL_3!$A:$A,PAGE_1_old!$R34,RES_CNXL_SQL_3!$D:$D,PAGE_1_old!$S$29)=0,"",SUMIFS(RES_CNXL_SQL_3!$F:$F,RES_CNXL_SQL_3!$A:$A,PAGE_1_old!$R34,RES_CNXL_SQL_3!$D:$D,PAGE_1_old!$S$29)) | E48: =IF(SUMIFS(RES_CNXL_SQL_3!$F:$F,RES_CNXL_SQL_3!$A:$A,PAGE_1_old!$R34,RES_CNXL_SQL_3!$D:$D,PAGE_1_old!$S$30)=0,"",SUMIFS(RES_CNXL_SQL_3!$F:$F,RES_CNXL_SQL_3!$A:$A,PAGE_1_old!$R34,RES_CNXL_SQL_3!$D:$D,PAGE_1_old!$S$30)) | F48: =IF(SUMIFS(RES_CNXL_SQL_3!$F:$F,RES_CNXL_SQL_3!$A:$A,PAGE_1_old!$R34,RES_CNXL_SQL_3!$D:$D,PAGE_1_old!$S$31)=0,"",SUMIFS(RES_CNXL_SQL_3!$F:$F,RES_CNXL_SQL_3!$A:$A,PAGE_1_old!$R34,RES_CNXL_SQL_3!$D:$D,PAGE_1_old!$S$31)) | G48: =IF(SUMIFS(RES_CNXL_SQL_3!$F:$F,RES_CNXL_SQL_3!$A:$A,PAGE_1_old!$R34,RES_CNXL_SQL_3!$D:$D,PAGE_1_old!$S$32)=0,"",SUMIFS(RES_CNXL_SQL_3!$F:$F,RES_CNXL_SQL_3!$A:$A,PAGE_1_old!$R34,RES_CNXL_SQL_3!$D:$D,PAGE_1_old!$S$32)) | H48: =IF(SUMIFS(RES_CNXL_SQL_3!$F:$F,RES_CNXL_SQL_3!$A:$A,PAGE_1_old!$R34,RES_CNXL_SQL_3!$D:$D,PAGE_1_old!$S$33)=0,"",SUMIFS(RES_CNXL_SQL_3!$F:$F,RES_CNXL_SQL_3!$A:$A,PAGE_1_old!$R34,RES_CNXL_SQL_3!$D:$D,PAGE_1_old!$S$33)) | I48: =IF(SUMIFS(RES_CNXL_SQL_3!$F:$F,RES_CNXL_SQL_3!$A:$A,PAGE_1_old!$R34,RES_CNXL_SQL_3!$D:$D,PAGE_1_old!$S$34)=0,"",SUMIFS(RES_CNXL_SQL_3!$F:$F,RES_CNXL_SQL_3!$A:$A,PAGE_1_old!$R34,RES_CNXL_SQL_3!$D:$D,PAGE_1_old!$S$34)) | J48: =IF(SUMIFS(RES_CNXL_SQL_3!$F:$F,RES_CNXL_SQL_3!$A:$A,PAGE_1_old!$R34,RES_CNXL_SQL_3!$D:$D,PAGE_1_old!$S$35)=0,"",SUMIFS(RES_CNXL_SQL_3!$F:$F,RES_CNXL_SQL_3!$A:$A,PAGE_1_old!$R34,RES_CNXL_SQL_3!$D:$D,PAGE_1_old!$S$35)) | K48: =IF(SUMIFS(RES_CNXL_SQL_3!$F:$F,RES_CNXL_SQL_3!$A:$A,PAGE_1_old!$R34,RES_CNXL_SQL_3!$D:$D,PAGE_1_old!$S$36)=0,"",SUMIFS(RES_CNXL_SQL_3!$F:$F,RES_CNXL_SQL_3!$A:$A,PAGE_1_old!$R34,RES_CNXL_SQL_3!$D:$D,PAGE_1_old!$S$36)) | L48: =IF(SUMIFS(RES_CNXL_SQL_3!$F:$F,RES_CNXL_SQL_3!$A:$A,PAGE_1_old!$R34,RES_CNXL_SQL_3!$D:$D,PAGE_1_old!$S$37)=0,"",SUMIFS(RES_CNXL_SQL_3!$F:$F,RES_CNXL_SQL_3!$A:$A,PAGE_1_old!$R34,RES_CNXL_SQL_3!$D:$D,PAGE_1_old!$S$37)) | M48: =IF(SUM(D48:L48)=0,"",SUM(D48:L48)) | N48: =ES_MATRIX!K19 | O48: =IFERROR(M48-ES_MATRIX!L19,"") | P48: =IF(SUMIF(RES_CNXL_SQL_3!$E:$E,PAGE_1_old!R34,RES_CNXL_SQL_3!$F:$F)=0,"",SUMIF(RES_CNXL_SQL_3!$E:$E,PAGE_1_old!R34,RES_CNXL_SQL_3!$F:$F))
B49: YV - Mesa | C49: =SUMIF(SCH_DEP_SQL_4!$A:$A,PAGE_1_old!R35,SCH_DEP_SQL_4!$E:$E) | D49: =IF(SUMIFS(RES_CNXL_SQL_3!$F:$F,RES_CNXL_SQL_3!$A:$A,PAGE_1_old!$R35,RES_CNXL_SQL_3!$D:$D,PAGE_1_old!$S$29)=0,"",SUMIFS(RES_CNXL_SQL_3!$F:$F,RES_CNXL_SQL_3!$A:$A,PAGE_1_old!$R35,RES_CNXL_SQL_3!$D:$D,PAGE_1_old!$S$29)) | E49: =IF(SUMIFS(RES_CNXL_SQL_3!$F:$F,RES_CNXL_SQL_3!$A:$A,PAGE_1_old!$R35,RES_CNXL_SQL_3!$D:$D,PAGE_1_old!$S$30)=0,"",SUMIFS(RES_CNXL_SQL_3!$F:$F,RES_CNXL_SQL_3!$A:$A,PAGE_1_old!$R35,RES_CNXL_SQL_3!$D:$D,PAGE_1_old!$S$30)) | F49: =IF(SUMIFS(RES_CNXL_SQL_3!$F:$F,RES_CNXL_SQL_3!$A:$A,PAGE_1_old!$R35,RES_CNXL_SQL_3!$D:$D,PAGE_1_old!$S$31)=0,"",SUMIFS(RES_CNXL_SQL_3!$F:$F,RES_CNXL_SQL_3!$A:$A,PAGE_1_old!$R35,RES_CNXL_SQL_3!$D:$D,PAGE_1_old!$S$31)) | G49: =IF(SUMIFS(RES_CNXL_SQL_3!$F:$F,RES_CNXL_SQL_3!$A:$A,PAGE_1_old!$R35,RES_CNXL_SQL_3!$D:$D,PAGE_1_old!$S$32)=0,"",SUMIFS(RES_CNXL_SQL_3!$F:$F,RES_CNXL_SQL_3!$A:$A,PAGE_1_old!$R35,RES_CNXL_SQL_3!$D:$D,PAGE_1_old!$S$32)) | H49: =IF(SUMIFS(RES_CNXL_SQL_3!$F:$F,RES_CNXL_SQL_3!$A:$A,PAGE_1_old!$R35,RES_CNXL_SQL_3!$D:$D,PAGE_1_old!$S$33)=0,"",SUMIFS(RES_CNXL_SQL_3!$F:$F,RES_CNXL_SQL_3!$A:$A,PAGE_1_old!$R35,RES_CNXL_SQL_3!$D:$D,PAGE_1_old!$S$33)) | I49: =IF(SUMIFS(RES_CNXL_SQL_3!$F:$F,RES_CNXL_SQL_3!$A:$A,PAGE_1_old!$R35,RES_CNXL_SQL_3!$D:$D,PAGE_1_old!$S$34)=0,"",SUMIFS(RES_CNXL_SQL_3!$F:$F,RES_CNXL_SQL_3!$A:$A,PAGE_1_old!$R35,RES_CNXL_SQL_3!$D:$D,PAGE_1_old!$S$34)) | J49: =IF(SUMIFS(RES_CNXL_SQL_3!$F:$F,RES_CNXL_SQL_3!$A:$A,PAGE_1_old!$R35,RES_CNXL_SQL_3!$D:$D,PAGE_1_old!$S$35)=0,"",SUMIFS(RES_CNXL_SQL_3!$F:$F,RES_CNXL_SQL_3!$A:$A,PAGE_1_old!$R35,RES_CNXL_SQL_3!$D:$D,PAGE_1_old!$S$35)) | K49: =IF(SUMIFS(RES_CNXL_SQL_3!$F:$F,RES_CNXL_SQL_3!$A:$A,PAGE_1_old!$R35,RES_CNXL_SQL_3!$D:$D,PAGE_1_old!$S$36)=0,"",SUMIFS(RES_CNXL_SQL_3!$F:$F,RES_CNXL_SQL_3!$A:$A,PAGE_1_old!$R35,RES_CNXL_SQL_3!$D:$D,PAGE_1_old!$S$36)) | L49: =IF(SUMIFS(RES_CNXL_SQL_3!$F:$F,RES_CNXL_SQL_3!$A:$A,PAGE_1_old!$R35,RES_CNXL_SQL_3!$D:$D,PAGE_1_old!$S$37)=0,"",SUMIFS(RES_CNXL_SQL_3!$F:$F,RES_CNXL_SQL_3!$A:$A,PAGE_1_old!$R35,RES_CNXL_SQL_3!$D:$D,PAGE_1_old!$S$37)) | M49: =IF(SUM(D49:L49)=0,"",SUM(D49:L49)) | N49: =ES_MATRIX!K20 | O49: =IFERROR(M49-ES_MATRIX!L20,"") | P49: =IF(SUMIF(RES_CNXL_SQL_3!$E:$E,PAGE_1_old!R35,RES_CNXL_SQL_3!$F:$F)=0,"",SUMIF(RES_CNXL_SQL_3!$E:$E,PAGE_1_old!R35,RES_CNXL_SQL_3!$F:$F))
B50: ZW - Air Wisconsin | C50: =SUMIF(SCH_DEP_SQL_4!$A:$A,PAGE_1_old!R36,SCH_DEP_SQL_4!$E:$E) | D50: =IF(SUMIFS(RES_CNXL_SQL_3!$F:$F,RES_CNXL_SQL_3!$A:$A,PAGE_1_old!$R36,RES_CNXL_SQL_3!$D:$D,PAGE_1_old!$S$29)=0,"",SUMIFS(RES_CNXL_SQL_3!$F:$F,RES_CNXL_SQL_3!$A:$A,PAGE_1_old!$R36,RES_CNXL_SQL_3!$D:$D,PAGE_1_old!$S$29)) | E50: =IF(SUMIFS(RES_CNXL_SQL_3!$F:$F,RES_CNXL_SQL_3!$A:$A,PAGE_1_old!$R36,RES_CNXL_SQL_3!$D:$D,PAGE_1_old!$S$30)=0,"",SUMIFS(RES_CNXL_SQL_3!$F:$F,RES_CNXL_SQL_3!$A:$A,PAGE_1_old!$R36,RES_CNXL_SQL_3!$D:$D,PAGE_1_old!$S$30)) | F50: =IF(SUMIFS(RES_CNXL_SQL_3!$F:$F,RES_CNXL_SQL_3!$A:$A,PAGE_1_old!$R36,RES_CNXL_SQL_3!$D:$D,PAGE_1_old!$S$31)=0,"",SUMIFS(RES_CNXL_SQL_3!$F:$F,RES_CNXL_SQL_3!$A:$A,PAGE_1_old!$R36,RES_CNXL_SQL_3!$D:$D,PAGE_1_old!$S$31)) | G50: =IF(SUMIFS(RES_CNXL_SQL_3!$F:$F,RES_CNXL_SQL_3!$A:$A,PAGE_1_old!$R36,RES_CNXL_SQL_3!$D:$D,PAGE_1_old!$S$32)=0,"",SUMIFS(RES_CNXL_SQL_3!$F:$F,RES_CNXL_SQL_3!$A:$A,PAGE_1_old!$R36,RES_CNXL_SQL_3!$D:$D,PAGE_1_old!$S$32)) | H50: =IF(SUMIFS(RES_CNXL_SQL_3!$F:$F,RES_CNXL_SQL_3!$A:$A,PAGE_1_old!$R36,RES_CNXL_SQL_3!$D:$D,PAGE_1_old!$S$33)=0,"",SUMIFS(RES_CNXL_SQL_3!$F:$F,RES_CNXL_SQL_3!$A:$A,PAGE_1_old!$R36,RES_CNXL_SQL_3!$D:$D,PAGE_1_old!$S$33)) | I50: =IF(SUMIFS(RES_CNXL_SQL_3!$F:$F,RES_CNXL_SQL_3!$A:$A,PAGE_1_old!$R36,RES_CNXL_SQL_3!$D:$D,PAGE_1_old!$S$34)=0,"",SUMIFS(RES_CNXL_SQL_3!$F:$F,RES_CNXL_SQL_3!$A:$A,PAGE_1_old!$R36,RES_CNXL_SQL_3!$D:$D,PAGE_1_old!$S$34)) | J50: =IF(SUMIFS(RES_CNXL_SQL_3!$F:$F,RES_CNXL_SQL_3!$A:$A,PAGE_1_old!$R36,RES_CNXL_SQL_3!$D:$D,PAGE_1_old!$S$35)=0,"",SUMIFS(RES_CNXL_SQL_3!$F:$F,RES_CNXL_SQL_3!$A:$A,PAGE_1_old!$R36,RES_CNXL_SQL_3!$D:$D,PAGE_1_old!$S$35)) | K50: =IF(SUMIFS(RES_CNXL_SQL_3!$F:$F,RES_CNXL_SQL_3!$A:$A,PAGE_1_old!$R36,RES_CNXL_SQL_3!$D:$D,PAGE_1_old!$S$36)=0,"",SUMIFS(RES_CNXL_SQL_3!$F:$F,RES_CNXL_SQL_3!$A:$A,PAGE_1_old!$R36,RES_CNXL_SQL_3!$D:$D,PAGE_1_old!$S$36)) | L50: =IF(SUMIFS(RES_CNXL_SQL_3!$F:$F,RES_CNXL_SQL_3!$A:$A,PAGE_1_old!$R36,RES_CNXL_SQL_3!$D:$D,PAGE_1_old!$S$37)=0,"",SUMIFS(RES_CNXL_SQL_3!$F:$F,RES_CNXL_SQL_3!$A:$A,PAGE_1_old!$R36,RES_CNXL_SQL_3!$D:$D,PAGE_1_old!$S$37)) | M50: =IF(SUM(D50:L50)=0,"",SUM(D50:L50)) | N50: =ES_MATRIX!K21 | O50: =IFERROR(M50-ES_MATRIX!L21,"") | P50: =IF(SUMIF(RES_CNXL_SQL_3!$E:$E,PAGE_1_old!R36,RES_CNXL_SQL_3!$F:$F)=0,"",SUMIF(RES_CNXL_SQL_3!$E:$E,PAGE_1_old!R36,RES_CNXL_SQL_3!$F:$F))
B51: Total: | C51: =SUM(C43:C50) | D51: =IF(SUM(D43:D50)=0,"",SUM(D43:D50)) | E51: =IF(SUM(E43:E50)=0,"",SUM(E43:E50)) | F51: =IF(SUM(F43:F50)=0,"",SUM(F43:F50)) | G51: =IF(SUM(G43:G50)=0,"",SUM(G43:G50)) | H51: =IF(SUM(H43:H50)=0,"",SUM(H43:H50)) | I51: =IF(SUM(I43:I50)=0,"",SUM(I43:I50)) | J51: =IF(SUM(J43:J50)=0,"",SUM(J43:J50)) | K51: =IF(SUM(K43:K50)=0,"",SUM(K43:K50)) | L51: =IF(SUM(L43:L50)=0,"",SUM(L43:L50)) | M51: =SUM(M43:M50) | O51: =SUM(O43:O50) | P51: =SUM(P43:P50)

Sheet Pg1
B1: UAX Weekly Snapshot
O2: UA | P2: AA | Q2: DL
D3: Metrics | E3: Last Week | F3: DL Diff. | G3: AA Diff. | H3: Rank | M3: =TODAY() | O3: =#REF! | P3: =OA_SeatCnxl!C2 | Q3: =OA_SeatCnxl!C3 | R3: =RANK(O3,O3:Q3,1)
M4: =DAY(M3)
B5: Reliability Metrics | D5: Cancellation Rate | E5: =UA_SQL_1!$N$2/UA_SQL_1!$M$2 | F5: =(O11-P11) | G5: =(O11-Q11) | H5: =$R$11 | L5: =E7 | M5: =OA_SeatCnxl!B2 | N5: =L7 | O5: =RANK(L5,L5:N5,2)
D6: Controllable Cancellation Rate | E6: =UA_SQL_1!$T$2/UA_SQL_1!$M$2 | F6: ="-" | G6: ="-" | H6: ="-" | L6: =OA_SeatCnxl!B2
D7: Seat Cancellations | E7: =UA_Seat_cancels!$C$2 | F7: =O12-P12 | G7: =O12-Q12 | H7: =R12 | L7: =OA_SeatCnxl!B3
D8: A00 | E8: =(UA_SQL_1!$Q$2)/UA_SQL_1!$M$2 | F8: =(RANK!$P$3-RANK!Q3)*100 | G8: =(RANK!$P$3-RANK!R3)*100 | H8: =RANK!$T$3
D9: CD00 | E9: =(UA_SQL_1!$P$2)/UA_SQL_1!$M$2 | F9: =(RANK!$P$4-RANK!Q4)*100 | G9: =(RANK!$P$4-RANK!R4)*100 | H9: 2
D10: D00 | E10: =UA_SQL_1!$O$2/UA_SQL_1!$M$2 | O10: UA | P10: DL | Q10: AA | R10: Rank
D11: STAR D00 | E11: =UA_SQL_1!$S$2/UA_SQL_1!$R$2 | N11: CNXL | O11: =$E$5 | P11: =1-(OA_SQL_1!$K$3/OA_SQL_1!$I$3) | Q11: =1-(OA_SQL_1!$K$2/OA_SQL_1!$I$2) | R11: =RANK($O$11,$O$11:$Q$11,1)
N12: Seat | O12: =$E$7 | P12: =OA_SeatCnxl!$B$3 | Q12: =OA_SeatCnxl!$B$2 | R12: =RANK($O$12,$O$12:$Q$12,1)
B13: Delays | D13: 1-15 mins delays | E13: =IFERROR(VLOOKUP("L7D",Delays_info!$A:$R,15,0)/100,"-") | N13: A00 | O13: =$E$8 | P13: =OA_SQL_1!$L$3/OA_SQL_1!$I$3 | Q13: =OA_SQL_1!$L$2/OA_SQL_1!$I$2 | R13: =RANK($O$13,$O$13:$Q$13,0)
D14: >15 mins delays | E14: =IFERROR(VLOOKUP("L7D",Delays_info!$A$1:$R$5,16,0)/100,"-") | N14: D00 | O14: =$E$9 | P14: =OA_SQL_1!$J$3/OA_SQL_1!$I$3 | Q14: =OA_SQL_1!$J$2/OA_SQL_1!$I$2 | R14: =RANK($O$14,$O$14:$Q$14,0)
D15: Flight Ops delays | E15: =IFERROR(VLOOKUP("L7D",Delays_info!$A$1:$R$5,18,0)/100,"-")
D16: Crew Connections | E16: =IFERROR(VLOOKUP("L7D",Delays_info!$A$1:$R$5,7,0)/VLOOKUP("L7D",Delays_info!$A$1:$R$5,14,0),"-")
D17: Crew Availability | E17: =IFERROR(VLOOKUP("L7D",Delays_info!$A$1:$R$5,8,0)/VLOOKUP("L7D",Delays_info!$A$1:$R$5,14,0),"-")
D18: Ops Process | E18: =IFERROR(VLOOKUP("L7D",Delays_info!$A$1:$R$5,9,0)/VLOOKUP("L7D",Delays_info!$A$1:$R$5,14,0),"-")
D19: Inflight Delays | E19: =IFERROR(VLOOKUP("L7D",Delays_info!$A:$S,19,0)/100,"-")
D20: Crew Connections | E20: =IFERROR(VLOOKUP("L7D",Delays_info!$A$1:$R$5,10,0)/VLOOKUP("L7D",Delays_info!$A$1:$R$5,14,0),"-")
D21: Crew Availability | E21: =IFERROR(VLOOKUP("L7D",Delays_info!$A$1:$R$5,11,0)/VLOOKUP("L7D",Delays_info!$A$1:$R$5,14,0),"-")
D22: Ops Process | E22: =IFERROR(VLOOKUP("L7D",Delays_info!$A$1:$R$5,12,0)/VLOOKUP("L7D",Delays_info!$A$1:$R$5,14,0),"-")
D23: Tech Ops Delay | E23: =IFERROR(VLOOKUP("L7D",Delays_info!$A$1:$R$5,13,0)/VLOOKUP("L7D",Delays_info!$A$1:$R$5,14,0),"-")
B25: Diverts
D26: Total diverts | E26: =VLOOKUP("L7D",DIVERTS_SQL_5_2019!$A$1:$B$3,2,0)/7
D27: Diverts recovered | E27: =RECOVERED_DIVERTS_2019!$C$3/7
D28: Yet to depart
D29: Repositioned flights

Sheet Sheet1

Sheet Pg2
B2: Reliability Snapshot - Hubs Competitor Analysis
D4: D00 | E4: CD00 | F4: DL Diff. | G4: AA Diff. | H4: AS Diff. | I4: Rank | K4: Cancel Rate | L4: DL Diff. | M4: AA Diff. | N4: AS Diff. | O4: Rank
C5: Denver | D5: =SUMIFS(UA_HUB_SQL_7!$J:$J,UA_HUB_SQL_7!$B:$B,'Pg2'!$T6)/SUMIFS(UA_HUB_SQL_7!$F:$F,UA_HUB_SQL_7!$B:$B,'Pg2'!$T6) | E5: =SUMIFS(UA_HUB_SQL_7!$K:$K,UA_HUB_SQL_7!$B:$B,'Pg2'!$T6)/SUMIFS(UA_HUB_SQL_7!$F:$F,UA_HUB_SQL_7!$B:$B,'Pg2'!$T6) | F5: ="-" | G5: - | H5: - | I5: ="-" | K5: =SUMIFS(UA_HUB_SQL_7!$G:$G,UA_HUB_SQL_7!$B:$B,'Pg2'!$T6)/SUMIFS(UA_HUB_SQL_7!$F:$F,UA_HUB_SQL_7!$B:$B,'Pg2'!$T6) | L5: ="-" | M5: ="-" | N5: - | O5: 1
C6: New York | D6: =SUMIFS(UA_HUB_SQL_7!$J:$J,UA_HUB_SQL_7!$B:$B,'Pg2'!$T7)/SUMIFS(UA_HUB_SQL_7!$F:$F,UA_HUB_SQL_7!$B:$B,'Pg2'!$T7) | E6: =SUMIFS(UA_HUB_SQL_7!$K:$K,UA_HUB_SQL_7!$B:$B,'Pg2'!$T7)/SUMIFS(UA_HUB_SQL_7!$F:$F,UA_HUB_SQL_7!$B:$B,'Pg2'!$T7) | F6: ="-" | G6: =(RANK!B9-RANK!D9)*100 | H6: - | I6: 1 | K6: =SUMIFS(UA_HUB_SQL_7!$G:$G,UA_HUB_SQL_7!$B:$B,'Pg2'!$T7)/SUMIFS(UA_HUB_SQL_7!$F:$F,UA_HUB_SQL_7!$B:$B,'Pg2'!$T7) | L6: ="-" | M6: =IF(((RANK!B20-RANK!D20)*100)=0,"-",(RANK!B20-RANK!D20)*100) | N6: - | O6: 2 | T6: Denver
C7: Washington DC | D7: =SUMIFS(UA_HUB_SQL_7!$J:$J,UA_HUB_SQL_7!$B:$B,'Pg2'!$T8)/SUMIFS(UA_HUB_SQL_7!$F:$F,UA_HUB_SQL_7!$B:$B,'Pg2'!$T8) | E7: =SUMIFS(UA_HUB_SQL_7!$K:$K,UA_HUB_SQL_7!$B:$B,'Pg2'!$T8)/SUMIFS(UA_HUB_SQL_7!$F:$F,UA_HUB_SQL_7!$B:$B,'Pg2'!$T8) | F7: =(RANK!B10-RANK!C10)*100 | G7: =(RANK!B10-RANK!D10)*100 | H7: - | I7: =RANK!$F10 | K7: =SUMIFS(UA_HUB_SQL_7!$G:$G,UA_HUB_SQL_7!$B:$B,'Pg2'!$T8)/SUMIFS(UA_HUB_SQL_7!$F:$F,UA_HUB_SQL_7!$B:$B,'Pg2'!$T8) | L7: =IF(((RANK!B21-RANK!C21)*100)=0,"-",(RANK!B21-RANK!C21)*100) | M7: =IF(((RANK!B21-RANK!D21)*100)=0,"-",(RANK!B21-RANK!D21)*100) | N7: - | O7: =RANK!F21 | T7: New York
C8: Texas | D8: =SUMIFS(UA_HUB_SQL_7!$J:$J,UA_HUB_SQL_7!$B:$B,'Pg2'!$T9)/SUMIFS(UA_HUB_SQL_7!$F:$F,UA_HUB_SQL_7!$B:$B,'Pg2'!$T9) | E8: =SUMIFS(UA_HUB_SQL_7!$K:$K,UA_HUB_SQL_7!$B:$B,'Pg2'!$T9)/SUMIFS(UA_HUB_SQL_7!$F:$F,UA_HUB_SQL_7!$B:$B,'Pg2'!$T9) | F8: ="-" | G8: =(RANK!B11-RANK!D11)*100 | H8: - | I8: =RANK!$F11 | K8: =SUMIFS(UA_HUB_SQL_7!$G:$G,UA_HUB_SQL_7!$B:$B,'Pg2'!$T9)/SUMIFS(UA_HUB_SQL_7!$F:$F,UA_HUB_SQL_7!$B:$B,'Pg2'!$T9) | L8: =IFERROR((RANK!B22-RANK!C22)*100,"-") | M8: =IF(((RANK!B22-RANK!D22)*100)= 0,"-",(RANK!B22-RANK!D22)*100 ) | N8: - | O8: =RANK!F22 | T8: Washington DC
C9: Los Angeles | D9: =SUMIFS(UA_HUB_SQL_7!$J:$J,UA_HUB_SQL_7!$B:$B,'Pg2'!$T10)/SUMIFS(UA_HUB_SQL_7!$F:$F,UA_HUB_SQL_7!$B:$B,'Pg2'!$T10) | E9: =SUMIFS(UA_HUB_SQL_7!$K:$K,UA_HUB_SQL_7!$B:$B,'Pg2'!$T10)/SUMIFS(UA_HUB_SQL_7!$F:$F,UA_HUB_SQL_7!$B:$B,'Pg2'!$T10) | F9: =(RANK!B12-RANK!C12)*100 | G9: =(RANK!B12-RANK!D12)*100 | H9: - | I9: =RANK!$F12 | K9: =SUMIFS(UA_HUB_SQL_7!$G:$G,UA_HUB_SQL_7!$B:$B,'Pg2'!$T10)/SUMIFS(UA_HUB_SQL_7!$F:$F,UA_HUB_SQL_7!$B:$B,'Pg2'!$T10) | L9: =IF(((RANK!B23-RANK!C23)*100)=0,"-",(RANK!B23-RANK!C23)*100) | M9: =IF(((RANK!B23-RANK!D23)*100)=0,"-",(RANK!B23-RANK!D23)*100) | N9: - | O9: =RANK!F23 | T9: Texas
C10: Chicago | D10: =SUMIFS(UA_HUB_SQL_7!$J:$J,UA_HUB_SQL_7!$B:$B,'Pg2'!$T11)/SUMIFS(UA_HUB_SQL_7!$F:$F,UA_HUB_SQL_7!$B:$B,'Pg2'!$T11) | E10: =SUMIFS(UA_HUB_SQL_7!$K:$K,UA_HUB_SQL_7!$B:$B,'Pg2'!$T11)/SUMIFS(UA_HUB_SQL_7!$F:$F,UA_HUB_SQL_7!$B:$B,'Pg2'!$T11) | F10: - | G10: =(RANK!B13-RANK!D13)*100 | H10: - | I10: =RANK!$F13 | K10: =SUMIFS(UA_HUB_SQL_7!$G:$G,UA_HUB_SQL_7!$B:$B,'Pg2'!$T11)/SUMIFS(UA_HUB_SQL_7!$F:$F,UA_HUB_SQL_7!$B:$B,'Pg2'!$T11) | L10: ="-" | M10: =IF(((RANK!B24-RANK!D24)*100)=0,"-",(RANK!B24-RANK!D24)*100) | N10: - | O10: =RANK!F24 | T10: Los Angeles
C11: San Francisco | D11: =SUMIFS(UA_HUB_SQL_7!$J:$J,UA_HUB_SQL_7!$B:$B,'Pg2'!$T12)/SUMIFS(UA_HUB_SQL_7!$F:$F,UA_HUB_SQL_7!$B:$B,'Pg2'!$T12) | E11: =SUMIFS(UA_HUB_SQL_7!$K:$K,UA_HUB_SQL_7!$B:$B,'Pg2'!$T12)/SUMIFS(UA_HUB_SQL_7!$F:$F,UA_HUB_SQL_7!$B:$B,'Pg2'!$T12) | F11: - | G11: ="-" | H11: =IFERROR((RANK!B14-RANK!E14)*100,"-") | I11: =IFERROR(RANK!$F14,"1") | K11: =SUMIFS(UA_HUB_SQL_7!$G:$G,UA_HUB_SQL_7!$B:$B,'Pg2'!$T12)/SUMIFS(UA_HUB_SQL_7!$F:$F,UA_HUB_SQL_7!$B:$B,'Pg2'!$T12) | L11: ="-" | M11: ="-" | N11: =IFERROR(IF(((RANK!B25-RANK!E25)*100)=0,"",(RANK!B25-RANK!E25)*100),"-") | O11: =IFERROR(RANK!F25,"1") | T11: Chicago
B12: LINE | C12: Line Stations | D12: =SUMIFS(UA_HUB_SQL_7!$J:$J,UA_HUB_SQL_7!$B:$B,'Pg2'!$T13)/SUMIFS(UA_HUB_SQL_7!$F:$F,UA_HUB_SQL_7!$B:$B,'Pg2'!$T13) | E12: =SUMIFS(UA_HUB_SQL_7!$K:$K,UA_HUB_SQL_7!$B:$B,'Pg2'!$T13)/SUMIFS(UA_HUB_SQL_7!$F:$F,UA_HUB_SQL_7!$B:$B,'Pg2'!$T13) | F12: =(RANK!B15-RANK!C15)*100 | G12: =(RANK!B15-RANK!D15)*100 | H12: =(RANK!B15-RANK!E15)*100 | I12: =RANK!$F15 | K12: =SUMIFS(UA_HUB_SQL_7!$G:$G,UA_HUB_SQL_7!$B:$B,'Pg2'!$T13)/SUMIFS(UA_HUB_SQL_7!$F:$F,UA_HUB_SQL_7!$B:$B,'Pg2'!$T13) | L12: =IF(((RANK!B26-RANK!C26)*100)=0,"-",(RANK!B26-RANK!C26)*100) | M12: =IFERROR((RANK!B26-RANK!D26)*100,"-") | N12: =IF(((RANK!B26-RANK!E26)*100)=0, "-", (RANK!B26-RANK!E26)*100) | O12: =RANK!F26 | T12: San Francisco
C13: Line Int | D13: =SUMIFS(UA_Line!$K:$K,UA_Line!$B:$B,"Line Int")/SUMIFS(UA_Line!$F:$F,UA_Line!$B:$B,"Line Int") | E13: =SUMIFS(UA_Line!$J:$J,UA_Line!$B:$B,"Line Int")/SUMIFS(UA_Line!$F:$F,UA_Line!$B:$B,"Line Int") | F13: =(RANK!B16-RANK!C16)*100 | G13: =(RANK!B16-RANK!D16)*100 | H13: - | I13: =RANK!$F16 | K13: =SUMIFS(UA_Line!$G:$G,UA_Line!$B:$B,"Line Int")/SUMIFS(UA_Line!$F:$F,UA_Line!$B:$B,"Line Int") | L13: =IF(((RANK!B27-RANK!C27)*100)=0,"-",(RANK!B27-RANK!C27)*100) | M13: =IF(((RANK!B27-RANK!D27)*100)=0,"-",(RANK!B27-RANK!D27)*100) | N13: ="-" | O13: =RANK!F27 | T13: LINE
C14: Line Dom | D14: =SUMIFS(UA_Line!$K:$K,UA_Line!$B:$B,"Line Dom")/SUMIFS(UA_Line!$F:$F,UA_Line!$B:$B,"Line Dom") | E14: =SUMIFS(UA_Line!$J:$J,UA_Line!$B:$B,"Line Dom")/SUMIFS(UA_Line!$F:$F,UA_Line!$B:$B,"Line Dom") | F14: =(RANK!B17-RANK!C17)*100 | G14: =(RANK!B17-RANK!D17)*100 | H14: ="-" | I14: =RANK!$F17 | K14: =SUMIFS(UA_Line!$G:$G,UA_Line!$B:$B,"Line Dom")/SUMIFS(UA_Line!$F:$F,UA_Line!$B:$B,"Line Dom") | L14: =IF(((RANK!$B$28-RANK!C28)*100)=0,"-",(RANK!$B$28-RANK!C28)*100) | M14: =IF(((RANK!$B$28-RANK!D28)*100)=0,"-",(RANK!$B$28-RANK!D28)*100) | N14: - | O14: =RANK!F28 | T14: Line Int
T15: Line Dom
A19: Cancel Detail | B19: Cancel
D21: Scheduled Departures | E21: Weather & ATC | F21: Technical Operations | G21: Flight Operations | H21: Inflight Services | I21: Airport Operation | J21: Network Operation | K21: IT | L21: Catering Operations | M21: Other | N21: Total Cancels | O21: ES covered for this partner | P21: Net Cancel | Q21: ES covered by this partner
C22: OO - SkyWest | D22: =SUMIFS(SCH_DEP_SQL_4!$E:$E,SCH_DEP_SQL_4!$A:$A,'Pg2'!$T22) | E22: =IF((SUMIFS(CNXL_SQL_2!$F:$F,CNXL_SQL_2!$D:$D,'Pg2'!$U$22,CNXL_SQL_2!$A:$A,'Pg2'!$T22))=0,"",SUMIFS(CNXL_SQL_2!$F:$F,CNXL_SQL_2!$D:$D,'Pg2'!$U$22,CNXL_SQL_2!$A:$A,'Pg2'!$T22)) | F22: =IF((SUMIFS(CNXL_SQL_2!$F:$F,CNXL_SQL_2!$D:$D,'Pg2'!$U$23,CNXL_SQL_2!$A:$A,'Pg2'!$T22))=0,"",SUMIFS(CNXL_SQL_2!$F:$F,CNXL_SQL_2!$D:$D,'Pg2'!$U$23,CNXL_SQL_2!$A:$A,'Pg2'!$T22)) | G22: =IF((SUMIFS(CNXL_SQL_2!$F:$F,CNXL_SQL_2!$D:$D,'Pg2'!$U$24,CNXL_SQL_2!$A:$A,'Pg2'!$T22))=0,"",SUMIFS(CNXL_SQL_2!$F:$F,CNXL_SQL_2!$D:$D,'Pg2'!$U$24,CNXL_SQL_2!$A:$A,'Pg2'!$T22)) | H22: =IF((SUMIFS(CNXL_SQL_2!$F:$F,CNXL_SQL_2!$D:$D,'Pg2'!$U$25,CNXL_SQL_2!$A:$A,'Pg2'!$T22))=0,"",SUMIFS(CNXL_SQL_2!$F:$F,CNXL_SQL_2!$D:$D,'Pg2'!$U$25,CNXL_SQL_2!$A:$A,'Pg2'!$T22)) | I22: =IF((SUMIFS(CNXL_SQL_2!$F:$F,CNXL_SQL_2!$D:$D,'Pg2'!$U$26,CNXL_SQL_2!$A:$A,'Pg2'!$T22))=0,"",SUMIFS(CNXL_SQL_2!$F:$F,CNXL_SQL_2!$D:$D,'Pg2'!$U$26,CNXL_SQL_2!$A:$A,'Pg2'!$T22)) | J22: =IF((SUMIFS(CNXL_SQL_2!$F:$F,CNXL_SQL_2!$D:$D,'Pg2'!$U$27,CNXL_SQL_2!$A:$A,'Pg2'!$T22))=0,"",SUMIFS(CNXL_SQL_2!$F:$F,CNXL_SQL_2!$D:$D,'Pg2'!$U$27,CNXL_SQL_2!$A:$A,'Pg2'!$T22)) | K22: =IF((SUMIFS(CNXL_SQL_2!$F:$F,CNXL_SQL_2!$D:$D,'Pg2'!$U$28,CNXL_SQL_2!$A:$A,'Pg2'!$T22))=0,"",SUMIFS(CNXL_SQL_2!$F:$F,CNXL_SQL_2!$D:$D,'Pg2'!$U$28,CNXL_SQL_2!$A:$A,'Pg2'!$T22)) | L22: =IF((SUMIFS(CNXL_SQL_2!$F:$F,CNXL_SQL_2!$D:$D,'Pg2'!$U$29,CNXL_SQL_2!$A:$A,'Pg2'!$T22))=0,"",SUMIFS(CNXL_SQL_2!$F:$F,CNXL_SQL_2!$D:$D,'Pg2'!$U$29,CNXL_SQL_2!$A:$A,'Pg2'!$T22)) | N22: =IF((SUM(E22:M22))=0,"",SUM(E22:M22)) | O22: =IFERROR(VLOOKUP($T22,ES_MATRIX!$A$2:$L$10,11,0),"") | P22: =IF(((SUM(E22:M22))-(SUMIFS(ES_MATRIX!$L$3:$L$10,ES_MATRIX!$A$3:$A$10,'Pg2'!$T22)))=0,"",(SUM(E22:M22))-(SUMIFS(ES_MATRIX!$L$3:$L$10,ES_MATRIX!$A$3:$A$10,'Pg2'!$T22))) | Q22: =VLOOKUP($T22,ES_MATRIX!$A$25:$B$30,2,0) | T22: OO | U22: WEATHER/ATC
C23: YX - Republic | D23: =SUMIFS(SCH_DEP_SQL_4!$E:$E,SCH_DEP_SQL_4!$A:$A,'Pg2'!$T23) | E23: =IF((SUMIFS(CNXL_SQL_2!$F:$F,CNXL_SQL_2!$D:$D,'Pg2'!$U$22,CNXL_SQL_2!$A:$A,'Pg2'!$T23))=0,"",SUMIFS(CNXL_SQL_2!$F:$F,CNXL_SQL_2!$D:$D,'Pg2'!$U$22,CNXL_SQL_2!$A:$A,'Pg2'!$T23)) | F23: =IF((SUMIFS(CNXL_SQL_2!$F:$F,CNXL_SQL_2!$D:$D,'Pg2'!$U$23,CNXL_SQL_2!$A:$A,'Pg2'!$T23))=0,"",SUMIFS(CNXL_SQL_2!$F:$F,CNXL_SQL_2!$D:$D,'Pg2'!$U$23,CNXL_SQL_2!$A:$A,'Pg2'!$T23)) | G23: =IF((SUMIFS(CNXL_SQL_2!$F:$F,CNXL_SQL_2!$D:$D,'Pg2'!$U$24,CNXL_SQL_2!$A:$A,'Pg2'!$T23))=0,"",SUMIFS(CNXL_SQL_2!$F:$F,CNXL_SQL_2!$D:$D,'Pg2'!$U$24,CNXL_SQL_2!$A:$A,'Pg2'!$T23)) | H23: =IF((SUMIFS(CNXL_SQL_2!$F:$F,CNXL_SQL_2!$D:$D,'Pg2'!$U$25,CNXL_SQL_2!$A:$A,'Pg2'!$T23))=0,"",SUMIFS(CNXL_SQL_2!$F:$F,CNXL_SQL_2!$D:$D,'Pg2'!$U$25,CNXL_SQL_2!$A:$A,'Pg2'!$T23)) | I23: =IF((SUMIFS(CNXL_SQL_2!$F:$F,CNXL_SQL_2!$D:$D,'Pg2'!$U$26,CNXL_SQL_2!$A:$A,'Pg2'!$T23))=0,"",SUMIFS(CNXL_SQL_2!$F:$F,CNXL_SQL_2!$D:$D,'Pg2'!$U$26,CNXL_SQL_2!$A:$A,'Pg2'!$T23)) | J23: =IF((SUMIFS(CNXL_SQL_2!$F:$F,CNXL_SQL_2!$D:$D,'Pg2'!$U$27,CNXL_SQL_2!$A:$A,'Pg2'!$T23))=0,"",SUMIFS(CNXL_SQL_2!$F:$F,CNXL_SQL_2!$D:$D,'Pg2'!$U$27,CNXL_SQL_2!$A:$A,'Pg2'!$T23)) | K23: =IF((SUMIFS(CNXL_SQL_2!$F:$F,CNXL_SQL_2!$D:$D,'Pg2'!$U$28,CNXL_SQL_2!$A:$A,'Pg2'!$T23))=0,"",SUMIFS(CNXL_SQL_2!$F:$F,CNXL_SQL_2!$D:$D,'Pg2'!$U$28,CNXL_SQL_2!$A:$A,'Pg2'!$T23)) | L23: =IF((SUMIFS(CNXL_SQL_2!$F:$F,CNXL_SQL_2!$D:$D,'Pg2'!$U$29,CNXL_SQL_2!$A:$A,'Pg2'!$T23))=0,"",SUMIFS(CNXL_SQL_2!$F:$F,CNXL_SQL_2!$D:$D,'Pg2'!$U$29,CNXL_SQL_2!$A:$A,'Pg2'!$T23)) | N23: =IF((SUM(E23:M23))=0,"",SUM(E23:M23)) | O23: =IFERROR(VLOOKUP($T23,ES_MATRIX!$A$2:$L$10,11,0),"") | P23: =IF(((SUM(E23:M23))-(SUMIFS(ES_MATRIX!$L$3:$L$10,ES_MATRIX!$A$3:$A$10,'Pg2'!$T23)))=0,"",(SUM(E23:M23))-(SUMIFS(ES_MATRIX!$L$3:$L$10,ES_MATRIX!$A$3:$A$10,'Pg2'!$T23))) | Q23: =VLOOKUP($T23,ES_MATRIX!$A$25:$B$30,2,0) | T23: YX | U23: TECHNICAL OPERATIONS-AIRCRAFT
C24: G7 - Go Jet | D24: =SUMIFS(SCH_DEP_SQL_4!$E:$E,SCH_DEP_SQL_4!$A:$A,'Pg2'!$T24) | E24: =IF((SUMIFS(CNXL_SQL_2!$F:$F,CNXL_SQL_2!$D:$D,'Pg2'!$U$22,CNXL_SQL_2!$A:$A,'Pg2'!$T24))=0,"",SUMIFS(CNXL_SQL_2!$F:$F,CNXL_SQL_2!$D:$D,'Pg2'!$U$22,CNXL_SQL_2!$A:$A,'Pg2'!$T24)) | F24: =IF((SUMIFS(CNXL_SQL_2!$F:$F,CNXL_SQL_2!$D:$D,'Pg2'!$U$23,CNXL_SQL_2!$A:$A,'Pg2'!$T24))=0,"",SUMIFS(CNXL_SQL_2!$F:$F,CNXL_SQL_2!$D:$D,'Pg2'!$U$23,CNXL_SQL_2!$A:$A,'Pg2'!$T24)) | G24: =IF((SUMIFS(CNXL_SQL_2!$F:$F,CNXL_SQL_2!$D:$D,'Pg2'!$U$24,CNXL_SQL_2!$A:$A,'Pg2'!$T24))=0,"",SUMIFS(CNXL_SQL_2!$F:$F,CNXL_SQL_2!$D:$D,'Pg2'!$U$24,CNXL_SQL_2!$A:$A,'Pg2'!$T24)) | H24: =IF((SUMIFS(CNXL_SQL_2!$F:$F,CNXL_SQL_2!$D:$D,'Pg2'!$U$25,CNXL_SQL_2!$A:$A,'Pg2'!$T24))=0,"",SUMIFS(CNXL_SQL_2!$F:$F,CNXL_SQL_2!$D:$D,'Pg2'!$U$25,CNXL_SQL_2!$A:$A,'Pg2'!$T24)) | I24: =IF((SUMIFS(CNXL_SQL_2!$F:$F,CNXL_SQL_2!$D:$D,'Pg2'!$U$26,CNXL_SQL_2!$A:$A,'Pg2'!$T24))=0,"",SUMIFS(CNXL_SQL_2!$F:$F,CNXL_SQL_2!$D:$D,'Pg2'!$U$26,CNXL_SQL_2!$A:$A,'Pg2'!$T24)) | J24: =IF((SUMIFS(CNXL_SQL_2!$F:$F,CNXL_SQL_2!$D:$D,'Pg2'!$U$27,CNXL_SQL_2!$A:$A,'Pg2'!$T24))=0,"",SUMIFS(CNXL_SQL_2!$F:$F,CNXL_SQL_2!$D:$D,'Pg2'!$U$27,CNXL_SQL_2!$A:$A,'Pg2'!$T24)) | K24: =IF((SUMIFS(CNXL_SQL_2!$F:$F,CNXL_SQL_2!$D:$D,'Pg2'!$U$28,CNXL_SQL_2!$A:$A,'Pg2'!$T24))=0,"",SUMIFS(CNXL_SQL_2!$F:$F,CNXL_SQL_2!$D:$D,'Pg2'!$U$28,CNXL_SQL_2!$A:$A,'Pg2'!$T24)) | L24: =IF((SUMIFS(CNXL_SQL_2!$F:$F,CNXL_SQL_2!$D:$D,'Pg2'!$U$29,CNXL_SQL_2!$A:$A,'Pg2'!$T24))=0,"",SUMIFS(CNXL_SQL_2!$F:$F,CNXL_SQL_2!$D:$D,'Pg2'!$U$29,CNXL_SQL_2!$A:$A,'Pg2'!$T24)) | N24: =IF((SUM(E24:M24))=0,"",SUM(E24:M24)) | O24: =IFERROR(VLOOKUP($T24,ES_MATRIX!$A$2:$L$10,11,0),"") | P24: =IF(((SUM(E24:M24))-(SUMIFS(ES_MATRIX!$L$3:$L$10,ES_MATRIX!$A$3:$A$10,'Pg2'!$T24)))=0,"",(SUM(E24:M24))-(SUMIFS(ES_MATRIX!$L$3:$L$10,ES_MATRIX!$A$3:$A$10,'Pg2'!$T24))) | Q24: =VLOOKUP($T24,ES_MATRIX!$A$25:$B$30,2,0) | T24: G7 | U24: FLIGHT OPERATIONS
